emulação: DES_EMU_SCALARMUL_MS=69 ms  ·  repetições: 5  ·  saída: results/20260927-200439-varredura

################ fms-1  (repetição 1/5)
== build (scenarios/fms-1.env)
 Image docker-des:fms-1n-LMOD-r5-w0 Building 
#1 [internal] load local bake definitions
#1 reading from stdin 784B done
#1 DONE 0.0s

#2 [internal] load build definition from Dockerfile
#2 transferring dockerfile: 3.32kB 0.0s done
#2 DONE 0.1s

#3 resolve image config for docker-image://docker.io/docker/dockerfile:1
#3 DONE 1.1s

#4 docker-image://docker.io/docker/dockerfile:1@sha256:ecfaec9ed6d810b56388c508f4121597bfbba70d41a6dfeee4d8cad5f295fc32
#4 resolve docker.io/docker/dockerfile:1@sha256:ecfaec9ed6d810b56388c508f4121597bfbba70d41a6dfeee4d8cad5f295fc32 0.0s done
#4 CACHED

#5 [internal] load metadata for docker.io/library/ubuntu:26.04
#5 DONE 0.9s

#6 [internal] load .dockerignore
#6 transferring context: 2B done
#6 DONE 0.0s

#7 [internal] load build context
#7 transferring context: 13.25kB 0.0s done
#7 DONE 0.0s

#8 [build 1/7] FROM docker.io/library/ubuntu:26.04@sha256:da6fc2be547864451aa253836dd926da33623312df4a9a243e35dc877c378a78
#8 resolve docker.io/library/ubuntu:26.04@sha256:da6fc2be547864451aa253836dd926da33623312df4a9a243e35dc877c378a78 0.1s done
#8 DONE 0.1s

#9 [build 2/7] RUN apt-get update  && apt-get install -y --no-install-recommends g++ libmbedtls-dev  && rm -rf /var/lib/apt/lists/*
#9 CACHED

#10 [build 3/7] WORKDIR /src
#10 CACHED

#11 [build 4/7] COPY engine/ engine/
#11 CACHED

#12 [build 5/7] COPY src/ src/
#12 DONE 0.0s

#13 [build 6/7] RUN cd engine && sha256sum -c --quiet SHA256SUMS
#13 DONE 12.5s

#14 [build 7/7] RUN set -eu; mkdir -p /out; pids="";     for id in $(seq 1 "1"); do       g++ -std=c++17 -O2 -Wall -Wextra -Iengine -Isrc           -DDES_DATA_HEADER=""supervisor_data_fms.h""           -DDES_NODE_ID="$id" -DDES_NUM_NODES="1"           -DDES_FAMILY="DES_FAMILY_LMOD"           -DDES_ROUNDS="5" -DDES_WORK_MS="0"                      -o "/out/des_node$id" src/des_container_main.cpp           -Wl,--wrap=mbedtls_ecp_mul -l:libmbedcrypto.a &       pids="$pids $!";     done;     for p in $pids; do wait "$p"; done;     { echo "DES_PROBLEM=fms"; echo "DES_NUM_NODES=1";       echo "DES_FAMILY=LMOD"; echo "DES_ROUNDS=5";       echo "DES_WORK_MS=0"; echo "DES_EXTRA_FLAGS=";       echo "mbedtls=$(dpkg-query -W -f='${Version}' libmbedtls-dev)";       echo "gxx=$(g++ -dumpfullversion)"; } > /out/BUILD_INFO;     cat /out/BUILD_INFO
#14 -9.169 DES_PROBLEM=fms
#14 -9.169 DES_NUM_NODES=1
#14 -9.169 DES_FAMILY=LMOD
#14 -9.169 DES_ROUNDS=5
#14 -9.169 DES_WORK_MS=0
#14 -9.169 DES_EXTRA_FLAGS=
#14 -9.169 mbedtls=3.6.5-0.1ubuntu2
#14 -9.169 gxx=15.2.0
#14 DONE -9.1s

#15 [stage-1 3/4] COPY --from=build /out/ /opt/des/bin/
#15 CACHED

#16 [stage-1 2/4] RUN useradd --system --no-create-home --shell /usr/sbin/nologin des
#16 CACHED

#17 [stage-1 4/4] COPY --chmod=0755 docker/entrypoint.sh /usr/local/bin/des-entrypoint
#17 CACHED

#18 exporting to image
#18 exporting layers done
#18 exporting manifest sha256:78dabd39334ff0fbcc21ff2a1e01b3b8efd6f90666e871e27c96f3dab3ab3a7a done
#18 exporting config sha256:e7889ed1d7bb0898e6ab605c369d699fe6fd2f151d6abd26c97d912db9c86b90 done
#18 exporting attestation manifest sha256:abc33c39b6fac50fbac6f6be6f96010426e99de9c668376cf75ee9f6d35a1db1 0.0s done
#18 exporting manifest list sha256:8eb4b25ea431e74de281501c1f5eb580c292eeeda67088c103297aa899aa0a1d done
#18 naming to docker.io/library/docker-des:fms-1n-LMOD-r5-w0 done
#18 unpacking to docker.io/library/docker-des:fms-1n-LMOD-r5-w0 done
#18 DONE 0.1s

#19 resolving provenance for metadata file
#19 DONE 0.0s
 Image docker-des:fms-1n-LMOD-r5-w0 Built 
== run: node1
 Network docker-des_cell Creating 
 Network docker-des_cell Creating 
 Network docker-des_cell Created 
 Network docker-des_cell Created 
 Container docker-des-node1-1 Creating 
 Container docker-des-node1-1 Created 
 Container docker-des-node1-1 Starting 
 Container docker-des-node1-1 Started 
== collect -> results/20260927-200439-varredura/20260927-200439-fms-1
# Execução `20260927-200439-fms-1`

- problema `fms`, família `LMOD`, **1 containers**, UDP multicast
- 5 ciclos × 44 passos = 220 passos; **220 executados**, 0 pulados
- impressão digital da configuração: `3f2beff2`
- resultado: **complete**

| nó | supervisores | saída | disparou (local/ctrl/unctrl) | aplicou p/ pares | decifrações (ciclo 1) | HE total ms | quadros tx/rx | retx | oráculo | halt |
|---|---|---|---|---|---|---|---|---|---|---|
| 1 | S0 S1 S2 S3 S4 S5 S6 | 0 | 220/0/0 | 0 | 798 (190) | 55546.1 | 0/0 | 0 | PASS | não |
| **total** | | | | | **798 (190)** | 55546.1 | 0/0 | 0 | | |

Fim de cada ciclo no relógio comum (o **último** nó a terminar), ms: 13295.6, 23845.4, 34417.3, 44993.0, 55579.9

Tempo por passo: ciclo 1 **302.17 ms**; ciclos 2–5 **240.25 ms**

Verificação cruzada com o supervisor MONOLÍTICO: **off**

## Verificações

| verificação | esperado | obtido | |
|---|---|---|---|
| config fingerprint | 3f2beff2 | 3f2beff2 | ✅ |
| decryptions, whole cell | 798 | 798 | ✅ |
| decryptions, whole cell, cycle 1 | 190 | 190 | ✅ |
| outcome | complete | complete | ✅ |
| same fingerprint on every node | 1 | 1 | ✅ |
| oracle PASS on every node | True | True | ✅ |
| crypto self-test PASS on every node | True | True | ✅ |

**TODAS AS VERIFICAÇÕES PASSARAM**


################ fms-2  (repetição 1/5)
== build (scenarios/fms-2.env)
 Image docker-des:fms-2n-LMOD-r5-w0 Building 
#1 [internal] load local bake definitions
#1 reading from stdin 784B done
#1 DONE 0.0s

#2 [internal] load build definition from Dockerfile
#2 transferring dockerfile: 30B
#2 transferring dockerfile: 3.32kB 0.0s done
#2 DONE 0.0s

#3 resolve image config for docker-image://docker.io/docker/dockerfile:1
#3 DONE 0.6s

#4 docker-image://docker.io/docker/dockerfile:1@sha256:ecfaec9ed6d810b56388c508f4121597bfbba70d41a6dfeee4d8cad5f295fc32
#4 resolve docker.io/docker/dockerfile:1@sha256:ecfaec9ed6d810b56388c508f4121597bfbba70d41a6dfeee4d8cad5f295fc32 0.0s done
#4 CACHED

#5 [internal] load metadata for docker.io/library/ubuntu:26.04
#5 DONE 0.5s

#6 [internal] load .dockerignore
#6 transferring context: 2B done
#6 DONE 0.0s

#7 [internal] load build context
#7 transferring context: 370B done
#7 DONE 0.0s

#8 [build 1/7] FROM docker.io/library/ubuntu:26.04@sha256:da6fc2be547864451aa253836dd926da33623312df4a9a243e35dc877c378a78
#8 resolve docker.io/library/ubuntu:26.04@sha256:da6fc2be547864451aa253836dd926da33623312df4a9a243e35dc877c378a78 0.0s done
#8 DONE 0.0s

#9 [build 4/7] COPY engine/ engine/
#9 CACHED

#10 [build 5/7] COPY src/ src/
#10 CACHED

#11 [build 2/7] RUN apt-get update  && apt-get install -y --no-install-recommends g++ libmbedtls-dev  && rm -rf /var/lib/apt/lists/*
#11 CACHED

#12 [build 3/7] WORKDIR /src
#12 CACHED

#13 [build 6/7] RUN cd engine && sha256sum -c --quiet SHA256SUMS
#13 CACHED

#14 [build 7/7] RUN set -eu; mkdir -p /out; pids="";     for id in $(seq 1 "2"); do       g++ -std=c++17 -O2 -Wall -Wextra -Iengine -Isrc           -DDES_DATA_HEADER=""supervisor_data_fms.h""           -DDES_NODE_ID="$id" -DDES_NUM_NODES="2"           -DDES_FAMILY="DES_FAMILY_LMOD"           -DDES_ROUNDS="5" -DDES_WORK_MS="0"                      -o "/out/des_node$id" src/des_container_main.cpp           -Wl,--wrap=mbedtls_ecp_mul -l:libmbedcrypto.a &       pids="$pids $!";     done;     for p in $pids; do wait "$p"; done;     { echo "DES_PROBLEM=fms"; echo "DES_NUM_NODES=2";       echo "DES_FAMILY=LMOD"; echo "DES_ROUNDS=5";       echo "DES_WORK_MS=0"; echo "DES_EXTRA_FLAGS=";       echo "mbedtls=$(dpkg-query -W -f='${Version}' libmbedtls-dev)";       echo "gxx=$(g++ -dumpfullversion)"; } > /out/BUILD_INFO;     cat /out/BUILD_INFO
#14 2.743 DES_PROBLEM=fms
#14 2.743 DES_NUM_NODES=2
#14 2.743 DES_FAMILY=LMOD
#14 2.743 DES_ROUNDS=5
#14 2.743 DES_WORK_MS=0
#14 2.743 DES_EXTRA_FLAGS=
#14 2.743 mbedtls=3.6.5-0.1ubuntu2
#14 2.743 gxx=15.2.0
#14 DONE 2.8s

#15 [stage-1 2/4] RUN useradd --system --no-create-home --shell /usr/sbin/nologin des
#15 CACHED

#16 [stage-1 3/4] COPY --from=build /out/ /opt/des/bin/
#16 CACHED

#17 [stage-1 4/4] COPY --chmod=0755 docker/entrypoint.sh /usr/local/bin/des-entrypoint
#17 CACHED

#18 exporting to image
#18 exporting layers done
#18 exporting manifest sha256:2474a786c18315f90345bdfb6bc03ff832b22e23b6050a625d08c69d0baee990 done
#18 exporting config sha256:6f83042843afeb4b197a11d309ccd5c6f71cf022f9a69b66a4ab1c8299e7fb37 done
#18 exporting attestation manifest sha256:268c4470a5aa6e825fe3dd7886581a6bf07dddbc7c6120a2be5c7de02106e41a 0.0s done
#18 exporting manifest list sha256:b2e970864133d5219ecf41760fd3bc7115b66dd8f78ec31426d9d5dd73b79c40 0.0s done
#18 naming to docker.io/library/docker-des:fms-2n-LMOD-r5-w0 done
#18 unpacking to docker.io/library/docker-des:fms-2n-LMOD-r5-w0 0.0s done
#18 DONE 0.1s

#19 resolving provenance for metadata file
#19 DONE 0.0s
 Image docker-des:fms-2n-LMOD-r5-w0 Built 
== run: node1 node2
 Network docker-des_cell Creating 
 Network docker-des_cell Creating 
 Network docker-des_cell Created 
 Network docker-des_cell Created 
 Container docker-des-node2-1 Creating 
 Container docker-des-node1-1 Creating 
 Container docker-des-node1-1 Created 
 Container docker-des-node2-1 Created 
 Container docker-des-node1-1 Starting 
 Container docker-des-node2-1 Starting 
 Container docker-des-node1-1 Started 
 Container docker-des-node2-1 Started 
== collect -> results/20260927-200439-varredura/20260927-200553-fms-2
# Execução `20260927-200553-fms-2`

- problema `fms`, família `LMOD`, **2 containers**, UDP multicast
- 5 ciclos × 44 passos = 220 passos; **220 executados**, 0 pulados
- impressão digital da configuração: `edbd7971`
- RTT de aplicação (nó 1, 20 sondas): média 3.48 ms, mín 2.47, máx 5.07
- resultado: **complete**

| nó | supervisores | saída | disparou (local/ctrl/unctrl) | aplicou p/ pares | decifrações (ciclo 1) | HE total ms | quadros tx/rx | retx | oráculo | halt |
|---|---|---|---|---|---|---|---|---|---|---|
| 1 | S0 S1 S2 S3 | 0 | 80/40/40 | 0 | 405 (85) | 28189.4 | 150/230 | 0 | PASS | não |
| 2 | S4 S5 S6 | 0 | 60/0/0 | 80 | 393 (105) | 27374.8 | 230/150 | 0 | PASS | não |
| **total** | | | | | **798 (190)** | 55564.2 | 380/380 | 0 | | |

Fim de cada ciclo no relógio comum (o **último** nó a terminar), ms: 8558.4, 15096.5, 21641.1, 28181.4, 34719.5

Tempo por passo: ciclo 1 **194.51 ms**; ciclos 2–5 **148.64 ms**

Verificação cruzada com o supervisor MONOLÍTICO: **off**

## Verificações

| verificação | esperado | obtido | |
|---|---|---|---|
| config fingerprint | edbd7971 | edbd7971 | ✅ |
| decryptions per node | 405 393 | 405 393 | ✅ |
| decryptions per node, cycle 1 | 85 105 | 85 105 | ✅ |
| decryptions, whole cell | 798 | 798 | ✅ |
| decryptions, whole cell, cycle 1 | 190 | 190 | ✅ |
| outcome | complete | complete | ✅ |
| same fingerprint on every node | 1 | 1 | ✅ |
| oracle PASS on every node | True | True | ✅ |
| crypto self-test PASS on every node | True | True | ✅ |

**TODAS AS VERIFICAÇÕES PASSARAM**


################ fms-2-s5  (repetição 1/5)
== build (scenarios/fms-2-s5.env)
 Image docker-des:fms-2n-LMOD-r5-w0-s5 Building 
#1 [internal] load local bake definitions
#1 reading from stdin 821B done
#1 DONE 0.0s

#2 [internal] load build definition from Dockerfile
#2 transferring dockerfile: 3.32kB done
#2 DONE 0.0s

#3 resolve image config for docker-image://docker.io/docker/dockerfile:1
#3 DONE 0.6s

#4 docker-image://docker.io/docker/dockerfile:1@sha256:ecfaec9ed6d810b56388c508f4121597bfbba70d41a6dfeee4d8cad5f295fc32
#4 resolve docker.io/docker/dockerfile:1@sha256:ecfaec9ed6d810b56388c508f4121597bfbba70d41a6dfeee4d8cad5f295fc32 0.0s done
#4 CACHED

#5 [internal] load metadata for docker.io/library/ubuntu:26.04
#5 DONE 0.5s

#6 [internal] load .dockerignore
#6 transferring context: 2B done
#6 DONE 0.0s

#7 [internal] load build context
#7 transferring context: 370B done
#7 DONE 0.0s

#8 [build 1/7] FROM docker.io/library/ubuntu:26.04@sha256:da6fc2be547864451aa253836dd926da33623312df4a9a243e35dc877c378a78
#8 resolve docker.io/library/ubuntu:26.04@sha256:da6fc2be547864451aa253836dd926da33623312df4a9a243e35dc877c378a78 0.0s done
#8 DONE 0.0s

#9 [build 2/7] RUN apt-get update  && apt-get install -y --no-install-recommends g++ libmbedtls-dev  && rm -rf /var/lib/apt/lists/*
#9 CACHED

#10 [build 3/7] WORKDIR /src
#10 CACHED

#11 [build 5/7] COPY src/ src/
#11 CACHED

#12 [build 4/7] COPY engine/ engine/
#12 CACHED

#13 [build 6/7] RUN cd engine && sha256sum -c --quiet SHA256SUMS
#13 CACHED

#14 [build 7/7] RUN set -eu; mkdir -p /out; pids="";     for id in $(seq 1 "2"); do       g++ -std=c++17 -O2 -Wall -Wextra -Iengine -Isrc           -DDES_DATA_HEADER=""supervisor_data_fms.h""           -DDES_NODE_ID="$id" -DDES_NUM_NODES="2"           -DDES_FAMILY="DES_FAMILY_LMOD"           -DDES_ROUNDS="5" -DDES_WORK_MS="0"           -DDES_SUP_NODE_MAP={1,1,1,1,1,2,1}           -o "/out/des_node$id" src/des_container_main.cpp           -Wl,--wrap=mbedtls_ecp_mul -l:libmbedcrypto.a &       pids="$pids $!";     done;     for p in $pids; do wait "$p"; done;     { echo "DES_PROBLEM=fms"; echo "DES_NUM_NODES=2";       echo "DES_FAMILY=LMOD"; echo "DES_ROUNDS=5";       echo "DES_WORK_MS=0"; echo "DES_EXTRA_FLAGS=-DDES_SUP_NODE_MAP={1,1,1,1,1,2,1}";       echo "mbedtls=$(dpkg-query -W -f='${Version}' libmbedtls-dev)";       echo "gxx=$(g++ -dumpfullversion)"; } > /out/BUILD_INFO;     cat /out/BUILD_INFO
#14 2.649 DES_PROBLEM=fms
#14 2.649 DES_NUM_NODES=2
#14 2.649 DES_FAMILY=LMOD
#14 2.649 DES_ROUNDS=5
#14 2.649 DES_WORK_MS=0
#14 2.649 DES_EXTRA_FLAGS=-DDES_SUP_NODE_MAP={1,1,1,1,1,2,1}
#14 2.649 mbedtls=3.6.5-0.1ubuntu2
#14 2.649 gxx=15.2.0
#14 DONE 2.7s

#15 [stage-1 2/4] RUN useradd --system --no-create-home --shell /usr/sbin/nologin des
#15 CACHED

#16 [stage-1 3/4] COPY --from=build /out/ /opt/des/bin/
#16 DONE 0.0s

#17 [stage-1 4/4] COPY --chmod=0755 docker/entrypoint.sh /usr/local/bin/des-entrypoint
#17 DONE 0.0s

#18 exporting to image
#18 exporting layers
#18 exporting layers 0.2s done
#18 exporting manifest sha256:5dd68a2cf6eeefb01abc1065ce7a77e92fe1cc2048c3760e8435bd5c3577de72 done
#18 exporting config sha256:5143b7d1c23964ffb33cc71d0bcec0042569fea2081fe44f99ef84f18394f584 0.0s done
#18 exporting attestation manifest sha256:31ae212bfadb8c1dda698939df7ea386d3d02a1526823e8b52198a0230bd9fcb 0.0s done
#18 exporting manifest list sha256:2677e9029f5d1bdd56ce304b02861e9e7845a16f9d1b486887fc2175c6a8cf84 done
#18 naming to docker.io/library/docker-des:fms-2n-LMOD-r5-w0-s5 done
#18 unpacking to docker.io/library/docker-des:fms-2n-LMOD-r5-w0-s5 0.1s done
#18 DONE 0.3s

#19 resolving provenance for metadata file
#19 DONE 0.0s
 Image docker-des:fms-2n-LMOD-r5-w0-s5 Built 
== run: node1 node2
 Network docker-des_cell Creating 
 Network docker-des_cell Creating 
 Network docker-des_cell Created 
 Network docker-des_cell Created 
 Container docker-des-node2-1 Creating 
 Container docker-des-node1-1 Creating 
 Container docker-des-node1-1 Created 
 Container docker-des-node2-1 Created 
 Container docker-des-node1-1 Starting 
 Container docker-des-node2-1 Starting 
 Container docker-des-node1-1 Started 
 Container docker-des-node2-1 Started 
== collect -> results/20260927-200439-varredura/20260927-200654-fms-2-s5
# Execução `20260927-200654-fms-2-s5`

- problema `fms`, família `LMOD`, **2 containers**, UDP multicast
- 5 ciclos × 44 passos = 220 passos; **220 executados**, 0 pulados
- impressão digital da configuração: `52c9a503`
- RTT de aplicação (nó 1, 20 sondas): média 3.10 ms, mín 2.29, máx 4.80
- resultado: **complete**

| nó | supervisores | saída | disparou (local/ctrl/unctrl) | aplicou p/ pares | decifrações (ciclo 1) | HE total ms | quadros tx/rx | retx | oráculo | halt |
|---|---|---|---|---|---|---|---|---|---|---|
| 1 | S0 S1 S2 S3 S4 S6 | 0 | 110/60/50 | 0 | 669 (149) | 46522.1 | 198/421 | 0 | PASS | não |
| 2 | S5 | 0 | 0/0/0 | 110 | 129 (41) | 8977.5 | 421/198 | 0 | PASS | não |
| **total** | | | | | **798 (190)** | 55499.6 | 619/619 | 0 | | |

Fim de cada ciclo no relógio comum (o **último** nó a terminar), ms: 10532.5, 19643.7, 28761.4, 37883.0, 46987.8

Tempo por passo: ciclo 1 **239.38 ms**; ciclos 2–5 **207.13 ms**

Verificação cruzada com o supervisor MONOLÍTICO: **off**

## Verificações

| verificação | esperado | obtido | |
|---|---|---|---|
| decryptions, whole cell | 798 | 798 | ✅ |
| decryptions, whole cell, cycle 1 | 190 | 190 | ✅ |
| outcome | complete | complete | ✅ |
| same fingerprint on every node | 1 | 1 | ✅ |
| oracle PASS on every node | True | True | ✅ |
| crypto self-test PASS on every node | True | True | ✅ |

**TODAS AS VERIFICAÇÕES PASSARAM**


################ fms-3  (repetição 1/5)
== build (scenarios/fms-3.env)
 Image docker-des:fms-3n-LMOD-r5-w0 Building 
#1 [internal] load local bake definitions
#1 reading from stdin 784B done
#1 DONE 0.0s

#2 [internal] load build definition from Dockerfile
#2 transferring dockerfile: 3.32kB done
#2 DONE 0.0s

#3 resolve image config for docker-image://docker.io/docker/dockerfile:1
#3 DONE 0.6s

#4 docker-image://docker.io/docker/dockerfile:1@sha256:ecfaec9ed6d810b56388c508f4121597bfbba70d41a6dfeee4d8cad5f295fc32
#4 resolve docker.io/docker/dockerfile:1@sha256:ecfaec9ed6d810b56388c508f4121597bfbba70d41a6dfeee4d8cad5f295fc32 0.0s done
#4 CACHED

#5 [internal] load metadata for docker.io/library/ubuntu:26.04
#5 DONE 0.5s

#6 [internal] load .dockerignore
#6 transferring context: 2B done
#6 DONE 0.0s

#7 [internal] load build context
#7 transferring context: 370B done
#7 DONE 0.0s

#8 [build 1/7] FROM docker.io/library/ubuntu:26.04@sha256:da6fc2be547864451aa253836dd926da33623312df4a9a243e35dc877c378a78
#8 resolve docker.io/library/ubuntu:26.04@sha256:da6fc2be547864451aa253836dd926da33623312df4a9a243e35dc877c378a78 0.0s done
#8 DONE 0.0s

#9 [build 4/7] COPY engine/ engine/
#9 CACHED

#10 [build 2/7] RUN apt-get update  && apt-get install -y --no-install-recommends g++ libmbedtls-dev  && rm -rf /var/lib/apt/lists/*
#10 CACHED

#11 [build 3/7] WORKDIR /src
#11 CACHED

#12 [build 5/7] COPY src/ src/
#12 CACHED

#13 [build 6/7] RUN cd engine && sha256sum -c --quiet SHA256SUMS
#13 CACHED

#14 [build 7/7] RUN set -eu; mkdir -p /out; pids="";     for id in $(seq 1 "3"); do       g++ -std=c++17 -O2 -Wall -Wextra -Iengine -Isrc           -DDES_DATA_HEADER=""supervisor_data_fms.h""           -DDES_NODE_ID="$id" -DDES_NUM_NODES="3"           -DDES_FAMILY="DES_FAMILY_LMOD"           -DDES_ROUNDS="5" -DDES_WORK_MS="0"                      -o "/out/des_node$id" src/des_container_main.cpp           -Wl,--wrap=mbedtls_ecp_mul -l:libmbedcrypto.a &       pids="$pids $!";     done;     for p in $pids; do wait "$p"; done;     { echo "DES_PROBLEM=fms"; echo "DES_NUM_NODES=3";       echo "DES_FAMILY=LMOD"; echo "DES_ROUNDS=5";       echo "DES_WORK_MS=0"; echo "DES_EXTRA_FLAGS=";       echo "mbedtls=$(dpkg-query -W -f='${Version}' libmbedtls-dev)";       echo "gxx=$(g++ -dumpfullversion)"; } > /out/BUILD_INFO;     cat /out/BUILD_INFO
#14 2.903 DES_PROBLEM=fms
#14 2.903 DES_NUM_NODES=3
#14 2.903 DES_FAMILY=LMOD
#14 2.903 DES_ROUNDS=5
#14 2.903 DES_WORK_MS=0
#14 2.903 DES_EXTRA_FLAGS=
#14 2.903 mbedtls=3.6.5-0.1ubuntu2
#14 2.903 gxx=15.2.0
#14 DONE 3.0s

#15 [stage-1 3/4] COPY --from=build /out/ /opt/des/bin/
#15 CACHED

#16 [stage-1 2/4] RUN useradd --system --no-create-home --shell /usr/sbin/nologin des
#16 CACHED

#17 [stage-1 4/4] COPY --chmod=0755 docker/entrypoint.sh /usr/local/bin/des-entrypoint
#17 CACHED

#18 exporting to image
#18 exporting layers done
#18 exporting manifest sha256:cf133c6166c3cf968e45a5aebc8348e1fc86627e7b51065ea4a723d909191a4e done
#18 exporting config sha256:3d158ed4b5f40a0d5ed58a77af2fc354f662f734e6d0847c01034c0b39c15070 done
#18 exporting attestation manifest sha256:715edc2bf29ff12b468605c7f88b1ecbe029ff8f04560f3198679f82557eb0c1 0.0s done
#18 exporting manifest list sha256:efbed1f1028081f44e81eaba9dda556e62a6f1acd19c587cf3d72d05674c2569 done
#18 naming to docker.io/library/docker-des:fms-3n-LMOD-r5-w0 done
#18 unpacking to docker.io/library/docker-des:fms-3n-LMOD-r5-w0 0.0s done
#18 DONE 0.1s

#19 resolving provenance for metadata file
#19 DONE 0.0s
 Image docker-des:fms-3n-LMOD-r5-w0 Built 
== run: node1 node2 node3
 Network docker-des_cell Creating 
 Network docker-des_cell Creating 
 Network docker-des_cell Created 
 Network docker-des_cell Created 
 Container docker-des-node3-1 Creating 
 Container docker-des-node2-1 Creating 
 Container docker-des-node1-1 Creating 
 Container docker-des-node2-1 Created 
 Container docker-des-node1-1 Created 
 Container docker-des-node3-1 Created 
 Container docker-des-node3-1 Starting 
 Container docker-des-node1-1 Starting 
 Container docker-des-node2-1 Starting 
 Container docker-des-node3-1 Started 
 Container docker-des-node1-1 Started 
 Container docker-des-node2-1 Started 
== collect -> results/20260927-200439-varredura/20260927-200810-fms-3
# Execução `20260927-200810-fms-3`

- problema `fms`, família `LMOD`, **3 containers**, UDP multicast
- 5 ciclos × 44 passos = 220 passos; **220 executados**, 0 pulados
- impressão digital da configuração: `04d74714`
- RTT de aplicação (nó 1, 20 sondas): média 4.28 ms, mín 2.42, máx 6.07
- resultado: **complete**

| nó | supervisores | saída | disparou (local/ctrl/unctrl) | aplicou p/ pares | decifrações (ciclo 1) | HE total ms | quadros tx/rx | retx | oráculo | halt |
|---|---|---|---|---|---|---|---|---|---|---|
| 1 | S0 S1 S2 | 0 | 60/40/40 | 0 | 302 (62) | 21063.7 | 150/596 | 0 | PASS | não |
| 2 | S3 S4 | 0 | 20/20/10 | 80 | 217 (49) | 15135.8 | 284/462 | 0 | PASS | não |
| 3 | S5 S6 | 0 | 30/0/0 | 110 | 279 (79) | 19532.3 | 312/434 | 0 | PASS | não |
| **total** | | | | | **798 (190)** | 55731.8 | 746/1492 | 0 | | |

Fim de cada ciclo no relógio comum (o **último** nó a terminar), ms: 6609.2, 11554.0, 16487.8, 21428.8, 26385.6

Tempo por passo: ciclo 1 **150.21 ms**; ciclos 2–5 **112.37 ms**

Verificação cruzada com o supervisor MONOLÍTICO: **off**

## Verificações

| verificação | esperado | obtido | |
|---|---|---|---|
| decryptions, whole cell | 798 | 798 | ✅ |
| decryptions, whole cell, cycle 1 | 190 | 190 | ✅ |
| outcome | complete | complete | ✅ |
| same fingerprint on every node | 1 | 1 | ✅ |
| oracle PASS on every node | True | True | ✅ |
| crypto self-test PASS on every node | True | True | ✅ |

**TODAS AS VERIFICAÇÕES PASSARAM**


################ fms-3-s5  (repetição 1/5)
== build (scenarios/fms-3-s5.env)
 Image docker-des:fms-3n-LMOD-r5-w0-s5 Building 
#1 [internal] load local bake definitions
#1 reading from stdin 821B done
#1 DONE 0.0s

#2 [internal] load build definition from Dockerfile
#2 transferring dockerfile: 3.32kB done
#2 DONE 0.0s

#3 resolve image config for docker-image://docker.io/docker/dockerfile:1
#3 DONE 1.0s

#4 docker-image://docker.io/docker/dockerfile:1@sha256:ecfaec9ed6d810b56388c508f4121597bfbba70d41a6dfeee4d8cad5f295fc32
#4 resolve docker.io/docker/dockerfile:1@sha256:ecfaec9ed6d810b56388c508f4121597bfbba70d41a6dfeee4d8cad5f295fc32 0.0s done
#4 CACHED

#5 [internal] load metadata for docker.io/library/ubuntu:26.04
#5 DONE 0.7s

#6 [internal] load .dockerignore
#6 transferring context: 2B done
#6 DONE 0.0s

#7 [internal] load build context
#7 transferring context: 370B done
#7 DONE 0.0s

#8 [build 1/7] FROM docker.io/library/ubuntu:26.04@sha256:da6fc2be547864451aa253836dd926da33623312df4a9a243e35dc877c378a78
#8 resolve docker.io/library/ubuntu:26.04@sha256:da6fc2be547864451aa253836dd926da33623312df4a9a243e35dc877c378a78 0.0s done
#8 DONE 0.0s

#9 [build 2/7] RUN apt-get update  && apt-get install -y --no-install-recommends g++ libmbedtls-dev  && rm -rf /var/lib/apt/lists/*
#9 CACHED

#10 [build 3/7] WORKDIR /src
#10 CACHED

#11 [build 4/7] COPY engine/ engine/
#11 CACHED

#12 [build 5/7] COPY src/ src/
#12 CACHED

#13 [build 6/7] RUN cd engine && sha256sum -c --quiet SHA256SUMS
#13 CACHED

#14 [build 7/7] RUN set -eu; mkdir -p /out; pids="";     for id in $(seq 1 "3"); do       g++ -std=c++17 -O2 -Wall -Wextra -Iengine -Isrc           -DDES_DATA_HEADER=""supervisor_data_fms.h""           -DDES_NODE_ID="$id" -DDES_NUM_NODES="3"           -DDES_FAMILY="DES_FAMILY_LMOD"           -DDES_ROUNDS="5" -DDES_WORK_MS="0"           -DDES_SUP_NODE_MAP={1,2,1,2,2,3,1}           -o "/out/des_node$id" src/des_container_main.cpp           -Wl,--wrap=mbedtls_ecp_mul -l:libmbedcrypto.a &       pids="$pids $!";     done;     for p in $pids; do wait "$p"; done;     { echo "DES_PROBLEM=fms"; echo "DES_NUM_NODES=3";       echo "DES_FAMILY=LMOD"; echo "DES_ROUNDS=5";       echo "DES_WORK_MS=0"; echo "DES_EXTRA_FLAGS=-DDES_SUP_NODE_MAP={1,2,1,2,2,3,1}";       echo "mbedtls=$(dpkg-query -W -f='${Version}' libmbedtls-dev)";       echo "gxx=$(g++ -dumpfullversion)"; } > /out/BUILD_INFO;     cat /out/BUILD_INFO
#14 2.818 DES_PROBLEM=fms
#14 2.818 DES_NUM_NODES=3
#14 2.818 DES_FAMILY=LMOD
#14 2.818 DES_ROUNDS=5
#14 2.818 DES_WORK_MS=0
#14 2.818 DES_EXTRA_FLAGS=-DDES_SUP_NODE_MAP={1,2,1,2,2,3,1}
#14 2.818 mbedtls=3.6.5-0.1ubuntu2
#14 2.818 gxx=15.2.0
#14 DONE 2.9s

#15 [stage-1 2/4] RUN useradd --system --no-create-home --shell /usr/sbin/nologin des
#15 CACHED

#16 [stage-1 3/4] COPY --from=build /out/ /opt/des/bin/
#16 DONE 0.0s

#17 [stage-1 4/4] COPY --chmod=0755 docker/entrypoint.sh /usr/local/bin/des-entrypoint
#17 DONE 0.0s

#18 exporting to image
#18 exporting layers
#18 exporting layers 12.0s done
#18 exporting manifest sha256:f2eeb6d57431c4d295ece5d2834b352217c10f56cf2ecce73975f88559e3e6b6 0.0s done
#18 exporting config sha256:942b225aad8fc80e6667d6f0fb322a9d19b2538bf2cc467d67561d602088b2ca 0.0s done
#18 exporting attestation manifest sha256:be7cd140565b50e18b169e0fea4f87d3821b3012eafcb917c9760e233ac6a36e done
#18 exporting manifest list sha256:1bc633a71331d2a4fa6002e231b1d61c81ffafee59aeac297c13131d08de6157 0.0s done
#18 naming to docker.io/library/docker-des:fms-3n-LMOD-r5-w0-s5 done
#18 unpacking to docker.io/library/docker-des:fms-3n-LMOD-r5-w0-s5 0.1s done
#18 DONE 0.4s

#19 resolving provenance for metadata file
#19 DONE 0.0s
 Image docker-des:fms-3n-LMOD-r5-w0-s5 Built 
== run: node1 node2 node3
 Network docker-des_cell Creating 
 Network docker-des_cell Creating 
 Network docker-des_cell Created 
 Network docker-des_cell Created 
 Container docker-des-node3-1 Creating 
 Container docker-des-node2-1 Creating 
 Container docker-des-node1-1 Creating 
 Container docker-des-node2-1 Created 
 Container docker-des-node1-1 Created 
 Container docker-des-node3-1 Created 
 Container docker-des-node2-1 Starting 
 Container docker-des-node1-1 Starting 
 Container docker-des-node3-1 Starting 
 Container docker-des-node2-1 Started 
 Container docker-des-node1-1 Started 
 Container docker-des-node3-1 Started 
== collect -> results/20260927-200439-varredura/20260927-200902-fms-3-s5
# Execução `20260927-200902-fms-3-s5`

- problema `fms`, família `LMOD`, **3 containers**, UDP multicast
- 5 ciclos × 44 passos = 220 passos; **220 executados**, 0 pulados
- impressão digital da configuração: `6d9dd456`
- RTT de aplicação (nó 1, 20 sondas): média 10.12 ms, mín 2.38, máx 125.32
- resultado: **complete**

| nó | supervisores | saída | disparou (local/ctrl/unctrl) | aplicou p/ pares | decifrações (ciclo 1) | HE total ms | quadros tx/rx | retx | oráculo | halt |
|---|---|---|---|---|---|---|---|---|---|---|
| 1 | S0 S2 S6 | 0 | 70/60/50 | 0 | 351 (79) | 24529.4 | 200/649 | 0 | PASS | não |
| 2 | S1 S3 S4 | 0 | 40/0/0 | 110 | 318 (70) | 22147.8 | 320/529 | 0 | PASS | não |
| 3 | S5 | 0 | 0/0/0 | 110 | 129 (41) | 9000.2 | 329/520 | 0 | PASS | não |
| **total** | | | | | **798 (190)** | 55677.4 | 849/1698 | 0 | | |

Fim de cada ciclo no relógio comum (o **último** nó a terminar), ms: 6335.3, 11563.4, 16800.6, 22034.7, 27259.9

Tempo por passo: ciclo 1 **143.98 ms**; ciclos 2–5 **118.89 ms**

Verificação cruzada com o supervisor MONOLÍTICO: **off**

## Verificações

| verificação | esperado | obtido | |
|---|---|---|---|
| decryptions, whole cell | 798 | 798 | ✅ |
| decryptions, whole cell, cycle 1 | 190 | 190 | ✅ |
| outcome | complete | complete | ✅ |
| same fingerprint on every node | 1 | 1 | ✅ |
| oracle PASS on every node | True | True | ✅ |
| crypto self-test PASS on every node | True | True | ✅ |

**TODAS AS VERIFICAÇÕES PASSARAM**


################ fms-4  (repetição 1/5)
== build (scenarios/fms-4.env)
 Image docker-des:fms-4n-LMOD-r5-w0 Building 
#1 [internal] load local bake definitions
#1 reading from stdin 784B done
#1 DONE 0.0s

#2 [internal] load build definition from Dockerfile
#2 transferring dockerfile: 3.32kB done
#2 DONE 0.0s

#3 resolve image config for docker-image://docker.io/docker/dockerfile:1
#3 DONE 0.6s

#4 docker-image://docker.io/docker/dockerfile:1@sha256:ecfaec9ed6d810b56388c508f4121597bfbba70d41a6dfeee4d8cad5f295fc32
#4 resolve docker.io/docker/dockerfile:1@sha256:ecfaec9ed6d810b56388c508f4121597bfbba70d41a6dfeee4d8cad5f295fc32 0.0s done
#4 CACHED

#5 [internal] load metadata for docker.io/library/ubuntu:26.04
#5 DONE -11.2s

#6 [internal] load .dockerignore
#6 transferring context: 2B done
#6 DONE 0.0s

#7 [internal] load build context
#7 transferring context: 370B done
#7 DONE 0.0s

#8 [build 1/7] FROM docker.io/library/ubuntu:26.04@sha256:da6fc2be547864451aa253836dd926da33623312df4a9a243e35dc877c378a78
#8 resolve docker.io/library/ubuntu:26.04@sha256:da6fc2be547864451aa253836dd926da33623312df4a9a243e35dc877c378a78 0.0s done
#8 DONE 0.0s

#9 [build 3/7] WORKDIR /src
#9 CACHED

#10 [build 2/7] RUN apt-get update  && apt-get install -y --no-install-recommends g++ libmbedtls-dev  && rm -rf /var/lib/apt/lists/*
#10 CACHED

#11 [build 4/7] COPY engine/ engine/
#11 CACHED

#12 [build 5/7] COPY src/ src/
#12 CACHED

#13 [build 6/7] RUN cd engine && sha256sum -c --quiet SHA256SUMS
#13 CACHED

#14 [build 7/7] RUN set -eu; mkdir -p /out; pids="";     for id in $(seq 1 "4"); do       g++ -std=c++17 -O2 -Wall -Wextra -Iengine -Isrc           -DDES_DATA_HEADER=""supervisor_data_fms.h""           -DDES_NODE_ID="$id" -DDES_NUM_NODES="4"           -DDES_FAMILY="DES_FAMILY_LMOD"           -DDES_ROUNDS="5" -DDES_WORK_MS="0"                      -o "/out/des_node$id" src/des_container_main.cpp           -Wl,--wrap=mbedtls_ecp_mul -l:libmbedcrypto.a &       pids="$pids $!";     done;     for p in $pids; do wait "$p"; done;     { echo "DES_PROBLEM=fms"; echo "DES_NUM_NODES=4";       echo "DES_FAMILY=LMOD"; echo "DES_ROUNDS=5";       echo "DES_WORK_MS=0"; echo "DES_EXTRA_FLAGS=";       echo "mbedtls=$(dpkg-query -W -f='${Version}' libmbedtls-dev)";       echo "gxx=$(g++ -dumpfullversion)"; } > /out/BUILD_INFO;     cat /out/BUILD_INFO
#14 3.087 DES_PROBLEM=fms
#14 3.087 DES_NUM_NODES=4
#14 3.087 DES_FAMILY=LMOD
#14 3.087 DES_ROUNDS=5
#14 3.087 DES_WORK_MS=0
#14 3.087 DES_EXTRA_FLAGS=
#14 3.087 mbedtls=3.6.5-0.1ubuntu2
#14 3.087 gxx=15.2.0
#14 DONE 3.2s

#15 [stage-1 3/4] COPY --from=build /out/ /opt/des/bin/
#15 CACHED

#16 [stage-1 2/4] RUN useradd --system --no-create-home --shell /usr/sbin/nologin des
#16 CACHED

#17 [stage-1 4/4] COPY --chmod=0755 docker/entrypoint.sh /usr/local/bin/des-entrypoint
#17 CACHED

#18 exporting to image
#18 exporting layers done
#18 exporting manifest sha256:6991d8fe1ab0e62161f1843547152530eb7ac1a2ded996e44ed0edfc23c66fe2 done
#18 exporting config sha256:25348effe58b811444f52ea3e930769d22c8a9caec84a717479796c5452aeedb done
#18 exporting attestation manifest sha256:c783e6767db4d9b99a95003d9837829dea8b0d09cc90871dd3d6017d2019e181 0.0s done
#18 exporting manifest list sha256:94d3a14becc46adca4e37fc136fb04bb9ee67afb12eb65e2f698501626a31a42 done
#18 naming to docker.io/library/docker-des:fms-4n-LMOD-r5-w0 done
#18 unpacking to docker.io/library/docker-des:fms-4n-LMOD-r5-w0 done
#18 DONE 0.1s

#19 resolving provenance for metadata file
#19 DONE 0.0s
 Image docker-des:fms-4n-LMOD-r5-w0 Built 
== run: node1 node2 node3 node4
 Network docker-des_cell Creating 
 Network docker-des_cell Creating 
 Network docker-des_cell Created 
 Network docker-des_cell Created 
 Container docker-des-node4-1 Creating 
 Container docker-des-node3-1 Creating 
 Container docker-des-node1-1 Creating 
 Container docker-des-node2-1 Creating 
 Container docker-des-node3-1 Created 
 Container docker-des-node1-1 Created 
 Container docker-des-node4-1 Created 
 Container docker-des-node2-1 Created 
 Container docker-des-node4-1 Starting 
 Container docker-des-node1-1 Starting 
 Container docker-des-node3-1 Starting 
 Container docker-des-node2-1 Starting 
 Container docker-des-node4-1 Started 
 Container docker-des-node1-1 Started 
 Container docker-des-node3-1 Started 
 Container docker-des-node2-1 Started 
== collect -> results/20260927-200439-varredura/20260927-200957-fms-4
# Execução `20260927-200957-fms-4`

- problema `fms`, família `LMOD`, **4 containers**, UDP multicast
- 5 ciclos × 44 passos = 220 passos; **220 executados**, 0 pulados
- impressão digital da configuração: `457cc268`
- RTT de aplicação (nó 1, 20 sondas): média 3.06 ms, mín 2.35, máx 3.88
- resultado: **complete**

| nó | supervisores | saída | disparou (local/ctrl/unctrl) | aplicou p/ pares | decifrações (ciclo 1) | HE total ms | quadros tx/rx | retx | oráculo | halt |
|---|---|---|---|---|---|---|---|---|---|---|
| 1 | S0 S1 | 0 | 40/40/40 | 0 | 202 (42) | 14065.9 | 155/848 | 0 | PASS | não |
| 2 | S2 S3 | 0 | 40/0/0 | 80 | 203 (43) | 14124.2 | 246/757 | 0 | PASS | não |
| 3 | S4 S5 | 0 | 0/20/10 | 80 | 243 (67) | 16920.4 | 284/719 | 0 | PASS | não |
| 4 | S6 | 0 | 30/0/0 | 110 | 150 (38) | 10467.0 | 318/685 | 0 | PASS | não |
| **total** | | | | | **798 (190)** | 55577.5 | 1003/3009 | 0 | | |

Fim de cada ciclo no relógio comum (o **último** nó a terminar), ms: 5792.9, 9917.7, 14036.8, 18161.0, 22295.0

Tempo por passo: ciclo 1 **131.66 ms**; ciclos 2–5 **93.76 ms**

Verificação cruzada com o supervisor MONOLÍTICO: **off**

## Verificações

| verificação | esperado | obtido | |
|---|---|---|---|
| decryptions, whole cell | 798 | 798 | ✅ |
| decryptions, whole cell, cycle 1 | 190 | 190 | ✅ |
| outcome | complete | complete | ✅ |
| same fingerprint on every node | 1 | 1 | ✅ |
| oracle PASS on every node | True | True | ✅ |
| crypto self-test PASS on every node | True | True | ✅ |

**TODAS AS VERIFICAÇÕES PASSARAM**


################ fms-4-s5  (repetição 1/5)
== build (scenarios/fms-4-s5.env)
 Image docker-des:fms-4n-LMOD-r5-w0-s5 Building 
#1 [internal] load local bake definitions
#1 reading from stdin 821B done
#1 DONE 0.0s

#2 [internal] load build definition from Dockerfile
#2 transferring dockerfile: 3.32kB done
#2 DONE 0.0s

#3 resolve image config for docker-image://docker.io/docker/dockerfile:1
#3 DONE 0.5s

#4 docker-image://docker.io/docker/dockerfile:1@sha256:ecfaec9ed6d810b56388c508f4121597bfbba70d41a6dfeee4d8cad5f295fc32
#4 resolve docker.io/docker/dockerfile:1@sha256:ecfaec9ed6d810b56388c508f4121597bfbba70d41a6dfeee4d8cad5f295fc32 0.0s done
#4 CACHED

#5 [internal] load metadata for docker.io/library/ubuntu:26.04
#5 DONE 0.5s

#6 [internal] load .dockerignore
#6 transferring context: 2B done
#6 DONE 0.0s

#7 [internal] load build context
#7 transferring context: 370B done
#7 DONE 0.0s

#8 [build 1/7] FROM docker.io/library/ubuntu:26.04@sha256:da6fc2be547864451aa253836dd926da33623312df4a9a243e35dc877c378a78
#8 resolve docker.io/library/ubuntu:26.04@sha256:da6fc2be547864451aa253836dd926da33623312df4a9a243e35dc877c378a78 0.0s done
#8 DONE 0.0s

#9 [build 4/7] COPY engine/ engine/
#9 CACHED

#10 [build 2/7] RUN apt-get update  && apt-get install -y --no-install-recommends g++ libmbedtls-dev  && rm -rf /var/lib/apt/lists/*
#10 CACHED

#11 [build 3/7] WORKDIR /src
#11 CACHED

#12 [build 5/7] COPY src/ src/
#12 CACHED

#13 [build 6/7] RUN cd engine && sha256sum -c --quiet SHA256SUMS
#13 CACHED

#14 [build 7/7] RUN set -eu; mkdir -p /out; pids="";     for id in $(seq 1 "4"); do       g++ -std=c++17 -O2 -Wall -Wextra -Iengine -Isrc           -DDES_DATA_HEADER=""supervisor_data_fms.h""           -DDES_NODE_ID="$id" -DDES_NUM_NODES="4"           -DDES_FAMILY="DES_FAMILY_LMOD"           -DDES_ROUNDS="5" -DDES_WORK_MS="0"           -DDES_SUP_NODE_MAP={1,1,2,3,3,4,2}           -o "/out/des_node$id" src/des_container_main.cpp           -Wl,--wrap=mbedtls_ecp_mul -l:libmbedcrypto.a &       pids="$pids $!";     done;     for p in $pids; do wait "$p"; done;     { echo "DES_PROBLEM=fms"; echo "DES_NUM_NODES=4";       echo "DES_FAMILY=LMOD"; echo "DES_ROUNDS=5";       echo "DES_WORK_MS=0"; echo "DES_EXTRA_FLAGS=-DDES_SUP_NODE_MAP={1,1,2,3,3,4,2}";       echo "mbedtls=$(dpkg-query -W -f='${Version}' libmbedtls-dev)";       echo "gxx=$(g++ -dumpfullversion)"; } > /out/BUILD_INFO;     cat /out/BUILD_INFO
#14 3.254 DES_PROBLEM=fms
#14 3.254 DES_NUM_NODES=4
#14 3.254 DES_FAMILY=LMOD
#14 3.254 DES_ROUNDS=5
#14 3.254 DES_WORK_MS=0
#14 3.254 DES_EXTRA_FLAGS=-DDES_SUP_NODE_MAP={1,1,2,3,3,4,2}
#14 3.254 mbedtls=3.6.5-0.1ubuntu2
#14 3.254 gxx=15.2.0
#14 DONE 3.3s

#15 [stage-1 2/4] RUN useradd --system --no-create-home --shell /usr/sbin/nologin des
#15 CACHED

#16 [stage-1 3/4] COPY --from=build /out/ /opt/des/bin/
#16 DONE 0.1s

#17 [stage-1 4/4] COPY --chmod=0755 docker/entrypoint.sh /usr/local/bin/des-entrypoint
#17 DONE 0.0s

#18 exporting to image
#18 exporting layers
#18 exporting layers 0.2s done
#18 exporting manifest sha256:12961440643ea2d5ec13d072a93f75aa89a2e95a0a7af34cfacf96689f01935f 0.0s done
#18 exporting config sha256:adfe03a4cc025c9da3c92cd8d62b274c4ef22b24030e2be8d5ba07f1e5100483 0.0s done
#18 exporting attestation manifest sha256:506fd7a272e7a0b138e2516274131fcf39da15cf0ad3a9ced9179fdc9161dad8 0.0s done
#18 exporting manifest list sha256:032ad87fb93392fe01802797b3a66f04b14d6964b94bbf30278f3a8f74da4efb done
#18 naming to docker.io/library/docker-des:fms-4n-LMOD-r5-w0-s5 done
#18 unpacking to docker.io/library/docker-des:fms-4n-LMOD-r5-w0-s5 0.1s done
#18 DONE 0.4s

#19 resolving provenance for metadata file
#19 DONE 0.0s
 Image docker-des:fms-4n-LMOD-r5-w0-s5 Built 
== run: node1 node2 node3 node4
 Network docker-des_cell Creating 
 Network docker-des_cell Creating 
 Network docker-des_cell Created 
 Network docker-des_cell Created 
 Container docker-des-node4-1 Creating 
 Container docker-des-node3-1 Creating 
 Container docker-des-node1-1 Creating 
 Container docker-des-node2-1 Creating 
 Container docker-des-node4-1 Created 
 Container docker-des-node1-1 Created 
 Container docker-des-node3-1 Created 
 Container docker-des-node2-1 Created 
 Container docker-des-node4-1 Starting 
 Container docker-des-node1-1 Starting 
 Container docker-des-node2-1 Starting 
 Container docker-des-node3-1 Starting 
 Container docker-des-node4-1 Started 
 Container docker-des-node1-1 Started 
 Container docker-des-node2-1 Started 
 Container docker-des-node3-1 Started 
== collect -> results/20260927-200439-varredura/20260927-201046-fms-4-s5
# Execução `20260927-201046-fms-4-s5`

- problema `fms`, família `LMOD`, **4 containers**, UDP multicast
- 5 ciclos × 44 passos = 220 passos; **220 executados**, 0 pulados
- impressão digital da configuração: `10c88d9b`
- RTT de aplicação (nó 1, 20 sondas): média 4.32 ms, mín 3.07, máx 5.06
- resultado: **complete**

| nó | supervisores | saída | disparou (local/ctrl/unctrl) | aplicou p/ pares | decifrações (ciclo 1) | HE total ms | quadros tx/rx | retx | oráculo | halt |
|---|---|---|---|---|---|---|---|---|---|---|
| 1 | S0 S1 | 0 | 40/40/40 | 0 | 202 (42) | 14069.4 | 157/933 | 0 | PASS | não |
| 2 | S2 S6 | 0 | 50/20/10 | 80 | 250 (58) | 17471.1 | 284/806 | 0 | PASS | não |
| 3 | S3 S4 | 0 | 20/0/0 | 110 | 217 (49) | 15110.1 | 321/769 | 0 | PASS | não |
| 4 | S5 | 0 | 0/0/0 | 110 | 129 (41) | 9003.6 | 328/762 | 0 | PASS | não |
| **total** | | | | | **798 (190)** | 55654.2 | 1090/3270 | 0 | | |

Fim de cada ciclo no relógio comum (o **último** nó a terminar), ms: 5214.8, 9024.6, 12864.6, 16712.5, 20544.0

Tempo por passo: ciclo 1 **118.52 ms**; ciclos 2–5 **87.10 ms**

Verificação cruzada com o supervisor MONOLÍTICO: **off**

## Verificações

| verificação | esperado | obtido | |
|---|---|---|---|
| decryptions, whole cell | 798 | 798 | ✅ |
| decryptions, whole cell, cycle 1 | 190 | 190 | ✅ |
| outcome | complete | complete | ✅ |
| same fingerprint on every node | 1 | 1 | ✅ |
| oracle PASS on every node | True | True | ✅ |
| crypto self-test PASS on every node | True | True | ✅ |

**TODAS AS VERIFICAÇÕES PASSARAM**


################ fms-5  (repetição 1/5)
== build (scenarios/fms-5.env)
 Image docker-des:fms-5n-LMOD-r5-w0 Building 
#1 [internal] load local bake definitions
#1 reading from stdin 784B done
#1 DONE 0.0s

#2 [internal] load build definition from Dockerfile
#2 transferring dockerfile: 3.32kB done
#2 DONE 0.0s

#3 resolve image config for docker-image://docker.io/docker/dockerfile:1
#3 DONE 0.5s

#4 docker-image://docker.io/docker/dockerfile:1@sha256:ecfaec9ed6d810b56388c508f4121597bfbba70d41a6dfeee4d8cad5f295fc32
#4 resolve docker.io/docker/dockerfile:1@sha256:ecfaec9ed6d810b56388c508f4121597bfbba70d41a6dfeee4d8cad5f295fc32 0.0s done
#4 CACHED

#5 [internal] load metadata for docker.io/library/ubuntu:26.04
#5 DONE 0.5s

#6 [internal] load .dockerignore
#6 transferring context: 2B done
#6 DONE 0.0s

#7 [internal] load build context
#7 transferring context: 370B done
#7 DONE 0.0s

#8 [build 1/7] FROM docker.io/library/ubuntu:26.04@sha256:da6fc2be547864451aa253836dd926da33623312df4a9a243e35dc877c378a78
#8 resolve docker.io/library/ubuntu:26.04@sha256:da6fc2be547864451aa253836dd926da33623312df4a9a243e35dc877c378a78 0.0s done
#8 DONE 0.0s

#9 [build 2/7] RUN apt-get update  && apt-get install -y --no-install-recommends g++ libmbedtls-dev  && rm -rf /var/lib/apt/lists/*
#9 CACHED

#10 [build 3/7] WORKDIR /src
#10 CACHED

#11 [build 4/7] COPY engine/ engine/
#11 CACHED

#12 [build 5/7] COPY src/ src/
#12 CACHED

#13 [build 6/7] RUN cd engine && sha256sum -c --quiet SHA256SUMS
#13 CACHED

#14 [build 7/7] RUN set -eu; mkdir -p /out; pids="";     for id in $(seq 1 "5"); do       g++ -std=c++17 -O2 -Wall -Wextra -Iengine -Isrc           -DDES_DATA_HEADER=""supervisor_data_fms.h""           -DDES_NODE_ID="$id" -DDES_NUM_NODES="5"           -DDES_FAMILY="DES_FAMILY_LMOD"           -DDES_ROUNDS="5" -DDES_WORK_MS="0"                      -o "/out/des_node$id" src/des_container_main.cpp           -Wl,--wrap=mbedtls_ecp_mul -l:libmbedcrypto.a &       pids="$pids $!";     done;     for p in $pids; do wait "$p"; done;     { echo "DES_PROBLEM=fms"; echo "DES_NUM_NODES=5";       echo "DES_FAMILY=LMOD"; echo "DES_ROUNDS=5";       echo "DES_WORK_MS=0"; echo "DES_EXTRA_FLAGS=";       echo "mbedtls=$(dpkg-query -W -f='${Version}' libmbedtls-dev)";       echo "gxx=$(g++ -dumpfullversion)"; } > /out/BUILD_INFO;     cat /out/BUILD_INFO
#14 3.851 DES_PROBLEM=fms
#14 3.851 DES_NUM_NODES=5
#14 3.851 DES_FAMILY=LMOD
#14 3.851 DES_ROUNDS=5
#14 3.851 DES_WORK_MS=0
#14 3.851 DES_EXTRA_FLAGS=
#14 3.851 mbedtls=3.6.5-0.1ubuntu2
#14 3.851 gxx=15.2.0
#14 DONE 3.9s

#15 [stage-1 3/4] COPY --from=build /out/ /opt/des/bin/
#15 CACHED

#16 [stage-1 2/4] RUN useradd --system --no-create-home --shell /usr/sbin/nologin des
#16 CACHED

#17 [stage-1 4/4] COPY --chmod=0755 docker/entrypoint.sh /usr/local/bin/des-entrypoint
#17 CACHED

#18 exporting to image
#18 exporting layers done
#18 exporting manifest sha256:bde43a2ad16f3b18a34239326a209a184334823d479d96824c5f61cbbad80ea7 done
#18 exporting config sha256:c4863b7df24544b49c675ef006267dde06d1afbdc79cfb528fbc678e34dffec6 done
#18 exporting attestation manifest sha256:cd3b1ec25c13cd3a8180349b68053364394bbf677b246b714f6cc2630efc5ce4 0.0s done
#18 exporting manifest list sha256:63c42502087a8265c0c4d42c7ba637775a14c2c1910192c6945c873a231c7b65 done
#18 naming to docker.io/library/docker-des:fms-5n-LMOD-r5-w0 done
#18 unpacking to docker.io/library/docker-des:fms-5n-LMOD-r5-w0 done
#18 DONE 0.1s

#19 resolving provenance for metadata file
#19 DONE 0.0s
 Image docker-des:fms-5n-LMOD-r5-w0 Built 
== run: node1 node2 node3 node4 node5
 Network docker-des_cell Creating 
 Network docker-des_cell Creating 
 Network docker-des_cell Created 
 Network docker-des_cell Created 
 Container docker-des-node5-1 Creating 
 Container docker-des-node3-1 Creating 
 Container docker-des-node1-1 Creating 
 Container docker-des-node4-1 Creating 
 Container docker-des-node2-1 Creating 
 Container docker-des-node5-1 Created 
 Container docker-des-node1-1 Created 
 Container docker-des-node2-1 Created 
 Container docker-des-node4-1 Created 
 Container docker-des-node3-1 Created 
 Container docker-des-node1-1 Starting 
 Container docker-des-node2-1 Starting 
 Container docker-des-node4-1 Starting 
 Container docker-des-node3-1 Starting 
 Container docker-des-node5-1 Starting 
 Container docker-des-node1-1 Started 
 Container docker-des-node2-1 Started 
 Container docker-des-node4-1 Started 
 Container docker-des-node3-1 Started 
 Container docker-des-node5-1 Started 
== collect -> results/20260927-200439-varredura/20260927-201145-fms-5
# Execução `20260927-201145-fms-5`

- problema `fms`, família `LMOD`, **5 containers**, UDP multicast
- 5 ciclos × 44 passos = 220 passos; **220 executados**, 0 pulados
- impressão digital da configuração: `6f43d6b9`
- RTT de aplicação (nó 1, 20 sondas): média 3.96 ms, mín 2.43, máx 5.76
- resultado: **complete**

| nó | supervisores | saída | disparou (local/ctrl/unctrl) | aplicou p/ pares | decifrações (ciclo 1) | HE total ms | quadros tx/rx | retx | oráculo | halt |
|---|---|---|---|---|---|---|---|---|---|---|
| 1 | S0 S1 | 0 | 40/40/40 | 0 | 202 (42) | 14092.3 | 158/1180 | 0 | PASS | não |
| 2 | S2 | 0 | 20/0/0 | 80 | 100 (20) | 6965.3 | 250/1088 | 0 | PASS | não |
| 3 | S3 S4 | 0 | 20/20/10 | 80 | 217 (49) | 15138.9 | 286/1052 | 0 | PASS | não |
| 4 | S5 | 0 | 0/0/0 | 110 | 129 (41) | 9020.2 | 327/1011 | 0 | PASS | não |
| 5 | S6 | 0 | 30/0/0 | 110 | 150 (38) | 10552.8 | 317/1021 | 0 | PASS | não |
| **total** | | | | | **798 (190)** | 55769.5 | 1338/5352 | 0 | | |

Fim de cada ciclo no relógio comum (o **último** nó a terminar), ms: 4820.7, 8454.4, 12091.3, 15734.5, 19364.7

Tempo por passo: ciclo 1 **109.56 ms**; ciclos 2–5 **82.64 ms**

Verificação cruzada com o supervisor MONOLÍTICO: **off**

## Verificações

| verificação | esperado | obtido | |
|---|---|---|---|
| decryptions, whole cell | 798 | 798 | ✅ |
| decryptions, whole cell, cycle 1 | 190 | 190 | ✅ |
| outcome | complete | complete | ✅ |
| same fingerprint on every node | 1 | 1 | ✅ |
| oracle PASS on every node | True | True | ✅ |
| crypto self-test PASS on every node | True | True | ✅ |

**TODAS AS VERIFICAÇÕES PASSARAM**


################ fms-5-s5  (repetição 1/5)
== build (scenarios/fms-5-s5.env)
 Image docker-des:fms-5n-LMOD-r5-w0-s5 Building 
#1 [internal] load local bake definitions
#1 reading from stdin 821B done
#1 DONE 0.0s

#2 [internal] load build definition from Dockerfile
#2 transferring dockerfile: 3.32kB done
#2 DONE 0.0s

#3 resolve image config for docker-image://docker.io/docker/dockerfile:1
#3 DONE 0.6s

#4 docker-image://docker.io/docker/dockerfile:1@sha256:ecfaec9ed6d810b56388c508f4121597bfbba70d41a6dfeee4d8cad5f295fc32
#4 resolve docker.io/docker/dockerfile:1@sha256:ecfaec9ed6d810b56388c508f4121597bfbba70d41a6dfeee4d8cad5f295fc32 0.0s done
#4 CACHED

#5 [internal] load metadata for docker.io/library/ubuntu:26.04
#5 DONE 0.5s

#6 [internal] load .dockerignore
#6 transferring context: 2B done
#6 DONE 0.0s

#7 [internal] load build context
#7 transferring context: 370B done
#7 DONE 0.0s

#8 [build 1/7] FROM docker.io/library/ubuntu:26.04@sha256:da6fc2be547864451aa253836dd926da33623312df4a9a243e35dc877c378a78
#8 resolve docker.io/library/ubuntu:26.04@sha256:da6fc2be547864451aa253836dd926da33623312df4a9a243e35dc877c378a78 0.0s done
#8 DONE 0.0s

#9 [build 2/7] RUN apt-get update  && apt-get install -y --no-install-recommends g++ libmbedtls-dev  && rm -rf /var/lib/apt/lists/*
#9 CACHED

#10 [build 4/7] COPY engine/ engine/
#10 CACHED

#11 [build 5/7] COPY src/ src/
#11 CACHED

#12 [build 3/7] WORKDIR /src
#12 CACHED

#13 [build 6/7] RUN cd engine && sha256sum -c --quiet SHA256SUMS
#13 CACHED

#14 [build 7/7] RUN set -eu; mkdir -p /out; pids="";     for id in $(seq 1 "5"); do       g++ -std=c++17 -O2 -Wall -Wextra -Iengine -Isrc           -DDES_DATA_HEADER=""supervisor_data_fms.h""           -DDES_NODE_ID="$id" -DDES_NUM_NODES="5"           -DDES_FAMILY="DES_FAMILY_LMOD"           -DDES_ROUNDS="5" -DDES_WORK_MS="0"           -DDES_SUP_NODE_MAP={1,1,2,2,3,5,4}           -o "/out/des_node$id" src/des_container_main.cpp           -Wl,--wrap=mbedtls_ecp_mul -l:libmbedcrypto.a &       pids="$pids $!";     done;     for p in $pids; do wait "$p"; done;     { echo "DES_PROBLEM=fms"; echo "DES_NUM_NODES=5";       echo "DES_FAMILY=LMOD"; echo "DES_ROUNDS=5";       echo "DES_WORK_MS=0"; echo "DES_EXTRA_FLAGS=-DDES_SUP_NODE_MAP={1,1,2,2,3,5,4}";       echo "mbedtls=$(dpkg-query -W -f='${Version}' libmbedtls-dev)";       echo "gxx=$(g++ -dumpfullversion)"; } > /out/BUILD_INFO;     cat /out/BUILD_INFO
#14 3.539 DES_PROBLEM=fms
#14 3.539 DES_NUM_NODES=5
#14 3.539 DES_FAMILY=LMOD
#14 3.539 DES_ROUNDS=5
#14 3.539 DES_WORK_MS=0
#14 3.539 DES_EXTRA_FLAGS=-DDES_SUP_NODE_MAP={1,1,2,2,3,5,4}
#14 3.539 mbedtls=3.6.5-0.1ubuntu2
#14 3.539 gxx=15.2.0
#14 DONE 3.6s

#15 [stage-1 2/4] RUN useradd --system --no-create-home --shell /usr/sbin/nologin des
#15 CACHED

#16 [stage-1 3/4] COPY --from=build /out/ /opt/des/bin/
#16 DONE 0.1s

#17 [stage-1 4/4] COPY --chmod=0755 docker/entrypoint.sh /usr/local/bin/des-entrypoint
#17 DONE 0.0s

#18 exporting to image
#18 exporting layers
#18 exporting layers 0.3s done
#18 exporting manifest sha256:75269a559629b9ead2f8475ecbb3de0df96123be0cb447a40d5ce648be0a7ebb 0.0s done
#18 exporting config sha256:69900f3948eae2510b07197df964737de0ca6600e79fa01bd55a67e3e121118f 0.0s done
#18 exporting attestation manifest sha256:4ad921c6e1a4ca6a11e0ab3036deb3340cdecfad2c437da596c411a80af4214e 0.0s done
#18 exporting manifest list sha256:33346165f2e57f4ff873f2424464ac231932807edc589c41104ee92b5586a306 0.0s done
#18 naming to docker.io/library/docker-des:fms-5n-LMOD-r5-w0-s5 done
#18 unpacking to docker.io/library/docker-des:fms-5n-LMOD-r5-w0-s5 0.1s done
#18 DONE 0.5s

#19 resolving provenance for metadata file
#19 DONE 0.0s
 Image docker-des:fms-5n-LMOD-r5-w0-s5 Built 
== run: node1 node2 node3 node4 node5
 Network docker-des_cell Creating 
 Network docker-des_cell Creating 
 Network docker-des_cell Created 
 Network docker-des_cell Created 
 Container docker-des-node5-1 Creating 
 Container docker-des-node3-1 Creating 
 Container docker-des-node1-1 Creating 
 Container docker-des-node4-1 Creating 
 Container docker-des-node2-1 Creating 
 Container docker-des-node1-1 Created 
 Container docker-des-node4-1 Created 
 Container docker-des-node5-1 Created 
 Container docker-des-node2-1 Created 
 Container docker-des-node3-1 Created 
 Container docker-des-node2-1 Starting 
 Container docker-des-node3-1 Starting 
 Container docker-des-node5-1 Starting 
 Container docker-des-node1-1 Starting 
 Container docker-des-node4-1 Starting 
 Container docker-des-node2-1 Started 
 Container docker-des-node3-1 Started 
 Container docker-des-node5-1 Started 
 Container docker-des-node1-1 Started 
 Container docker-des-node4-1 Started 
== collect -> results/20260927-200439-varredura/20260927-201220-fms-5-s5
# Execução `20260927-201220-fms-5-s5`

- problema `fms`, família `LMOD`, **5 containers**, UDP multicast
- 5 ciclos × 44 passos = 220 passos; **220 executados**, 0 pulados
- impressão digital da configuração: `81f89049`
- RTT de aplicação (nó 1, 20 sondas): média 4.47 ms, mín 3.37, máx 9.97
- resultado: **complete**

| nó | supervisores | saída | disparou (local/ctrl/unctrl) | aplicou p/ pares | decifrações (ciclo 1) | HE total ms | quadros tx/rx | retx | oráculo | halt |
|---|---|---|---|---|---|---|---|---|---|---|
| 1 | S0 S1 | 0 | 40/40/40 | 0 | 202 (42) | 14079.5 | 154/1180 | 0 | PASS | não |
| 2 | S2 S3 | 0 | 40/0/0 | 80 | 203 (43) | 14126.5 | 245/1089 | 0 | PASS | não |
| 3 | S4 | 0 | 0/20/10 | 80 | 114 (26) | 7949.0 | 293/1041 | 0 | PASS | não |
| 4 | S6 | 0 | 30/0/0 | 110 | 150 (38) | 10500.6 | 316/1018 | 0 | PASS | não |
| 5 | S5 | 0 | 0/0/0 | 110 | 129 (41) | 9004.4 | 326/1008 | 0 | PASS | não |
| **total** | | | | | **798 (190)** | 55660.0 | 1334/5336 | 0 | | |

Fim de cada ciclo no relógio comum (o **último** nó a terminar), ms: 4764.8, 8456.2, 12151.6, 15830.0, 19522.5

Tempo por passo: ciclo 1 **108.29 ms**; ciclos 2–5 **83.85 ms**

Verificação cruzada com o supervisor MONOLÍTICO: **off**

## Verificações

| verificação | esperado | obtido | |
|---|---|---|---|
| decryptions, whole cell | 798 | 798 | ✅ |
| decryptions, whole cell, cycle 1 | 190 | 190 | ✅ |
| outcome | complete | complete | ✅ |
| same fingerprint on every node | 1 | 1 | ✅ |
| oracle PASS on every node | True | True | ✅ |
| crypto self-test PASS on every node | True | True | ✅ |

**TODAS AS VERIFICAÇÕES PASSARAM**


################ fms-6  (repetição 1/5)
== build (scenarios/fms-6.env)
 Image docker-des:fms-6n-LMOD-r5-w0 Building 
#1 [internal] load local bake definitions
#1 reading from stdin 784B done
#1 DONE 0.0s

#2 [internal] load build definition from Dockerfile
#2 transferring dockerfile: 3.32kB done
#2 DONE 0.0s

#3 resolve image config for docker-image://docker.io/docker/dockerfile:1
#3 DONE 0.5s

#4 docker-image://docker.io/docker/dockerfile:1@sha256:ecfaec9ed6d810b56388c508f4121597bfbba70d41a6dfeee4d8cad5f295fc32
#4 resolve docker.io/docker/dockerfile:1@sha256:ecfaec9ed6d810b56388c508f4121597bfbba70d41a6dfeee4d8cad5f295fc32 0.0s done
#4 CACHED

#5 [internal] load metadata for docker.io/library/ubuntu:26.04
#5 DONE 12.2s

#6 [internal] load .dockerignore
#6 transferring context: 2B done
#6 DONE 0.0s

#7 [internal] load build context
#7 transferring context: 370B done
#7 DONE 0.0s

#8 [build 1/7] FROM docker.io/library/ubuntu:26.04@sha256:da6fc2be547864451aa253836dd926da33623312df4a9a243e35dc877c378a78
#8 resolve docker.io/library/ubuntu:26.04@sha256:da6fc2be547864451aa253836dd926da33623312df4a9a243e35dc877c378a78 0.0s done
#8 DONE 0.0s

#9 [build 3/7] WORKDIR /src
#9 CACHED

#10 [build 4/7] COPY engine/ engine/
#10 CACHED

#11 [build 5/7] COPY src/ src/
#11 CACHED

#12 [build 2/7] RUN apt-get update  && apt-get install -y --no-install-recommends g++ libmbedtls-dev  && rm -rf /var/lib/apt/lists/*
#12 CACHED

#13 [build 6/7] RUN cd engine && sha256sum -c --quiet SHA256SUMS
#13 CACHED

#14 [build 7/7] RUN set -eu; mkdir -p /out; pids="";     for id in $(seq 1 "6"); do       g++ -std=c++17 -O2 -Wall -Wextra -Iengine -Isrc           -DDES_DATA_HEADER=""supervisor_data_fms.h""           -DDES_NODE_ID="$id" -DDES_NUM_NODES="6"           -DDES_FAMILY="DES_FAMILY_LMOD"           -DDES_ROUNDS="5" -DDES_WORK_MS="0"                      -o "/out/des_node$id" src/des_container_main.cpp           -Wl,--wrap=mbedtls_ecp_mul -l:libmbedcrypto.a &       pids="$pids $!";     done;     for p in $pids; do wait "$p"; done;     { echo "DES_PROBLEM=fms"; echo "DES_NUM_NODES=6";       echo "DES_FAMILY=LMOD"; echo "DES_ROUNDS=5";       echo "DES_WORK_MS=0"; echo "DES_EXTRA_FLAGS=";       echo "mbedtls=$(dpkg-query -W -f='${Version}' libmbedtls-dev)";       echo "gxx=$(g++ -dumpfullversion)"; } > /out/BUILD_INFO;     cat /out/BUILD_INFO
#14 -8.249 DES_PROBLEM=fms
#14 -8.249 DES_NUM_NODES=6
#14 -8.249 DES_FAMILY=LMOD
#14 -8.249 DES_ROUNDS=5
#14 -8.249 DES_WORK_MS=0
#14 -8.249 DES_EXTRA_FLAGS=
#14 -8.249 mbedtls=3.6.5-0.1ubuntu2
#14 -8.249 gxx=15.2.0
#14 DONE -8.2s

#15 [stage-1 2/4] RUN useradd --system --no-create-home --shell /usr/sbin/nologin des
#15 CACHED

#16 [stage-1 3/4] COPY --from=build /out/ /opt/des/bin/
#16 CACHED

#17 [stage-1 4/4] COPY --chmod=0755 docker/entrypoint.sh /usr/local/bin/des-entrypoint
#17 CACHED

#18 exporting to image
#18 exporting layers done
#18 exporting manifest sha256:d29872e86dfc17b3888d523d1dc1783eea05238ebd238eb099573e56511ad5a9 done
#18 exporting config sha256:58b85400ed9ae8b9a6867c2cbfe736762ed3df2ca8ce431fab6b7b032b1f99a8 done
#18 exporting attestation manifest sha256:36820afd76510d17f38f957a3cb269afebc6e1a7904909a7869946520650ba6a 0.0s done
#18 exporting manifest list sha256:7ab4ba9a4f4d7232a31dd4239ec2e585b155e52233f228e18a6f26cac28d4edc done
#18 naming to docker.io/library/docker-des:fms-6n-LMOD-r5-w0 done
#18 unpacking to docker.io/library/docker-des:fms-6n-LMOD-r5-w0 done
#18 DONE 0.1s

#19 resolving provenance for metadata file
#19 DONE 0.0s
 Image docker-des:fms-6n-LMOD-r5-w0 Built 
== run: node1 node2 node3 node4 node5 node6
 Network docker-des_cell Creating 
 Network docker-des_cell Creating 
 Network docker-des_cell Created 
 Network docker-des_cell Created 
 Container docker-des-node6-1 Creating 
 Container docker-des-node4-1 Creating 
 Container docker-des-node5-1 Creating 
 Container docker-des-node2-1 Creating 
 Container docker-des-node3-1 Creating 
 Container docker-des-node1-1 Creating 
 Container docker-des-node4-1 Created 
 Container docker-des-node3-1 Created 
 Container docker-des-node5-1 Created 
 Container docker-des-node1-1 Created 
 Container docker-des-node6-1 Created 
 Container docker-des-node2-1 Created 
 Container docker-des-node4-1 Starting 
 Container docker-des-node6-1 Starting 
 Container docker-des-node5-1 Starting 
 Container docker-des-node2-1 Starting 
 Container docker-des-node1-1 Starting 
 Container docker-des-node3-1 Starting 
 Container docker-des-node4-1 Started 
 Container docker-des-node6-1 Started 
 Container docker-des-node5-1 Started 
 Container docker-des-node2-1 Started 
 Container docker-des-node1-1 Started 
 Container docker-des-node3-1 Started 
== collect -> results/20260927-200439-varredura/20260927-201307-fms-6
# Execução `20260927-201307-fms-6`

- problema `fms`, família `LMOD`, **6 containers**, UDP multicast
- 5 ciclos × 44 passos = 220 passos; **220 executados**, 0 pulados
- impressão digital da configuração: `8d540ec9`
- RTT de aplicação (nó 1, 20 sondas): média 4.51 ms, mín 3.05, máx 5.08
- resultado: **complete**

| nó | supervisores | saída | disparou (local/ctrl/unctrl) | aplicou p/ pares | decifrações (ciclo 1) | HE total ms | quadros tx/rx | retx | oráculo | halt |
|---|---|---|---|---|---|---|---|---|---|---|
| 1 | S0 S1 | 0 | 40/40/40 | 0 | 202 (42) | 14098.2 | 156/1440 | 0 | PASS | não |
| 2 | S2 | 0 | 20/0/0 | 80 | 100 (20) | 6971.6 | 249/1347 | 0 | PASS | não |
| 3 | S3 | 0 | 20/0/0 | 80 | 103 (23) | 7183.8 | 247/1349 | 0 | PASS | não |
| 4 | S4 | 0 | 0/20/10 | 80 | 114 (26) | 7964.1 | 295/1301 | 0 | PASS | não |
| 5 | S5 | 0 | 0/0/0 | 110 | 129 (41) | 9022.0 | 328/1268 | 0 | PASS | não |
| 6 | S6 | 0 | 30/0/0 | 110 | 150 (38) | 10531.1 | 321/1275 | 0 | PASS | não |
| **total** | | | | | **798 (190)** | 55770.8 | 1596/7980 | 0 | | |

Fim de cada ciclo no relógio comum (o **último** nó a terminar), ms: 4356.2, 7747.4, 11141.0, 14542.7, 17944.4

Tempo por passo: ciclo 1 **99.00 ms**; ciclos 2–5 **77.21 ms**

Verificação cruzada com o supervisor MONOLÍTICO: **off**

## Verificações

| verificação | esperado | obtido | |
|---|---|---|---|
| decryptions, whole cell | 798 | 798 | ✅ |
| decryptions, whole cell, cycle 1 | 190 | 190 | ✅ |
| outcome | complete | complete | ✅ |
| same fingerprint on every node | 1 | 1 | ✅ |
| oracle PASS on every node | True | True | ✅ |
| crypto self-test PASS on every node | True | True | ✅ |

**TODAS AS VERIFICAÇÕES PASSARAM**


################ fms-6-s5  (repetição 1/5)
== build (scenarios/fms-6-s5.env)
 Image docker-des:fms-6n-LMOD-r5-w0-s5 Building 
#1 [internal] load local bake definitions
#1 reading from stdin 821B done
#1 DONE 0.0s

#2 [internal] load build definition from Dockerfile
#2 transferring dockerfile: 3.32kB done
#2 DONE 0.0s

#3 resolve image config for docker-image://docker.io/docker/dockerfile:1
#3 DONE 0.8s

#4 docker-image://docker.io/docker/dockerfile:1@sha256:ecfaec9ed6d810b56388c508f4121597bfbba70d41a6dfeee4d8cad5f295fc32
#4 resolve docker.io/docker/dockerfile:1@sha256:ecfaec9ed6d810b56388c508f4121597bfbba70d41a6dfeee4d8cad5f295fc32 0.0s done
#4 CACHED

#5 [internal] load metadata for docker.io/library/ubuntu:26.04
#5 DONE 12.4s

#6 [internal] load .dockerignore
#6 transferring context: 2B done
#6 DONE -11.7s

#7 [internal] load build context
#7 transferring context: 370B done
#7 DONE 0.0s

#8 [build 1/7] FROM docker.io/library/ubuntu:26.04@sha256:da6fc2be547864451aa253836dd926da33623312df4a9a243e35dc877c378a78
#8 resolve docker.io/library/ubuntu:26.04@sha256:da6fc2be547864451aa253836dd926da33623312df4a9a243e35dc877c378a78 0.0s done
#8 DONE 0.0s

#9 [build 2/7] RUN apt-get update  && apt-get install -y --no-install-recommends g++ libmbedtls-dev  && rm -rf /var/lib/apt/lists/*
#9 CACHED

#10 [build 4/7] COPY engine/ engine/
#10 CACHED

#11 [build 5/7] COPY src/ src/
#11 CACHED

#12 [build 3/7] WORKDIR /src
#12 CACHED

#13 [build 6/7] RUN cd engine && sha256sum -c --quiet SHA256SUMS
#13 CACHED

#14 [build 7/7] RUN set -eu; mkdir -p /out; pids="";     for id in $(seq 1 "6"); do       g++ -std=c++17 -O2 -Wall -Wextra -Iengine -Isrc           -DDES_DATA_HEADER=""supervisor_data_fms.h""           -DDES_NODE_ID="$id" -DDES_NUM_NODES="6"           -DDES_FAMILY="DES_FAMILY_LMOD"           -DDES_ROUNDS="5" -DDES_WORK_MS="0"           -DDES_SUP_NODE_MAP={1,2,1,3,4,6,5}           -o "/out/des_node$id" src/des_container_main.cpp           -Wl,--wrap=mbedtls_ecp_mul -l:libmbedcrypto.a &       pids="$pids $!";     done;     for p in $pids; do wait "$p"; done;     { echo "DES_PROBLEM=fms"; echo "DES_NUM_NODES=6";       echo "DES_FAMILY=LMOD"; echo "DES_ROUNDS=5";       echo "DES_WORK_MS=0"; echo "DES_EXTRA_FLAGS=-DDES_SUP_NODE_MAP={1,2,1,3,4,6,5}";       echo "mbedtls=$(dpkg-query -W -f='${Version}' libmbedtls-dev)";       echo "gxx=$(g++ -dumpfullversion)"; } > /out/BUILD_INFO;     cat /out/BUILD_INFO
#14 3.600 DES_PROBLEM=fms
#14 3.600 DES_NUM_NODES=6
#14 3.600 DES_FAMILY=LMOD
#14 3.600 DES_ROUNDS=5
#14 3.600 DES_WORK_MS=0
#14 3.600 DES_EXTRA_FLAGS=-DDES_SUP_NODE_MAP={1,2,1,3,4,6,5}
#14 3.600 mbedtls=3.6.5-0.1ubuntu2
#14 3.600 gxx=15.2.0
#14 DONE 3.7s

#15 [stage-1 2/4] RUN useradd --system --no-create-home --shell /usr/sbin/nologin des
#15 CACHED

#16 [stage-1 3/4] COPY --from=build /out/ /opt/des/bin/
#16 DONE 0.1s

#17 [stage-1 4/4] COPY --chmod=0755 docker/entrypoint.sh /usr/local/bin/des-entrypoint
#17 DONE 0.0s

#18 exporting to image
#18 exporting layers
#18 exporting layers 0.3s done
#18 exporting manifest sha256:dc21e19bb668a21f42109b854c1fd03e83fc38d43a1f067bbbdbf5e95eb6958d 0.0s done
#18 exporting config sha256:28374b3ba5671caa06102449bd75d18488e08a464a49f33154551c4fd06d36b9 0.0s done
#18 exporting attestation manifest sha256:974bd7f399e4b67b5de0b59294c5a078dd38af1973020d7b5f733bd978482f1f done
#18 exporting manifest list sha256:9ee79d1c23959bad8d17bd5b5cd0dbd4ad7a23224fb35b5a9cb5ecf23a19defe done
#18 naming to docker.io/library/docker-des:fms-6n-LMOD-r5-w0-s5 done
#18 unpacking to docker.io/library/docker-des:fms-6n-LMOD-r5-w0-s5 0.1s done
#18 DONE 0.4s

#19 resolving provenance for metadata file
#19 DONE 0.0s
 Image docker-des:fms-6n-LMOD-r5-w0-s5 Built 
== run: node1 node2 node3 node4 node5 node6
 Network docker-des_cell Creating 
 Network docker-des_cell Creating 
 Network docker-des_cell Created 
 Network docker-des_cell Created 
 Container docker-des-node6-1 Creating 
 Container docker-des-node4-1 Creating 
 Container docker-des-node1-1 Creating 
 Container docker-des-node2-1 Creating 
 Container docker-des-node5-1 Creating 
 Container docker-des-node3-1 Creating 
 Container docker-des-node5-1 Created 
 Container docker-des-node2-1 Created 
 Container docker-des-node3-1 Created 
 Container docker-des-node6-1 Created 
 Container docker-des-node1-1 Created 
 Container docker-des-node4-1 Created 
 Container docker-des-node2-1 Starting 
 Container docker-des-node4-1 Starting 
 Container docker-des-node3-1 Starting 
 Container docker-des-node5-1 Starting 
 Container docker-des-node6-1 Starting 
 Container docker-des-node1-1 Starting 
 Container docker-des-node2-1 Started 
 Container docker-des-node4-1 Started 
 Container docker-des-node3-1 Started 
 Container docker-des-node5-1 Started 
 Container docker-des-node6-1 Started 
 Container docker-des-node1-1 Started 
== collect -> results/20260927-200439-varredura/20260927-201351-fms-6-s5
# Execução `20260927-201351-fms-6-s5`

- problema `fms`, família `LMOD`, **6 containers**, UDP multicast
- 5 ciclos × 44 passos = 220 passos; **220 executados**, 0 pulados
- impressão digital da configuração: `22301a79`
- RTT de aplicação (nó 1, 20 sondas): média 11.46 ms, mín 3.18, máx 144.05
- resultado: **complete**

| nó | supervisores | saída | disparou (local/ctrl/unctrl) | aplicou p/ pares | decifrações (ciclo 1) | HE total ms | quadros tx/rx | retx | oráculo | halt |
|---|---|---|---|---|---|---|---|---|---|---|
| 1 | S0 S2 | 0 | 40/40/40 | 0 | 201 (41) | 14017.2 | 156/1445 | 0 | PASS | não |
| 2 | S1 | 0 | 20/0/0 | 80 | 101 (21) | 7038.3 | 253/1349 | 0 | PASS | não |
| 3 | S3 | 0 | 20/0/0 | 80 | 103 (23) | 7181.1 | 251/1351 | 0 | PASS | não |
| 4 | S4 | 0 | 0/20/10 | 80 | 114 (26) | 7955.0 | 295/1307 | 0 | PASS | não |
| 5 | S6 | 0 | 30/0/0 | 110 | 150 (38) | 10508.0 | 320/1282 | 0 | PASS | não |
| 6 | S5 | 0 | 0/0/0 | 110 | 129 (41) | 9010.6 | 327/1275 | 0 | PASS | não |
| **total** | | | | | **798 (190)** | 55710.2 | 1602/8009 | 0 | | |

Fim de cada ciclo no relógio comum (o **último** nó a terminar), ms: 4274.7, 7671.4, 11056.3, 14448.8, 17855.8

Tempo por passo: ciclo 1 **97.15 ms**; ciclos 2–5 **77.17 ms**

Verificação cruzada com o supervisor MONOLÍTICO: **off**

## Verificações

| verificação | esperado | obtido | |
|---|---|---|---|
| decryptions, whole cell | 798 | 798 | ✅ |
| decryptions, whole cell, cycle 1 | 190 | 190 | ✅ |
| outcome | complete | complete | ✅ |
| same fingerprint on every node | 1 | 1 | ✅ |
| oracle PASS on every node | True | True | ✅ |
| crypto self-test PASS on every node | True | True | ✅ |

**TODAS AS VERIFICAÇÕES PASSARAM**


################ fms-7  (repetição 1/5)
== build (scenarios/fms-7.env)
 Image docker-des:fms-7n-LMOD-r5-w0 Building 
#1 [internal] load local bake definitions
#1 reading from stdin 784B done
#1 DONE 0.0s

#2 [internal] load build definition from Dockerfile
#2 transferring dockerfile: 3.32kB done
#2 DONE 0.0s

#3 resolve image config for docker-image://docker.io/docker/dockerfile:1
#3 DONE 0.6s

#4 docker-image://docker.io/docker/dockerfile:1@sha256:ecfaec9ed6d810b56388c508f4121597bfbba70d41a6dfeee4d8cad5f295fc32
#4 resolve docker.io/docker/dockerfile:1@sha256:ecfaec9ed6d810b56388c508f4121597bfbba70d41a6dfeee4d8cad5f295fc32 0.0s done
#4 CACHED

#5 [internal] load metadata for docker.io/library/ubuntu:26.04
#5 DONE 0.5s

#6 [internal] load .dockerignore
#6 transferring context: 2B done
#6 DONE 0.0s

#7 [internal] load build context
#7 transferring context: 370B done
#7 DONE 0.0s

#8 [build 1/7] FROM docker.io/library/ubuntu:26.04@sha256:da6fc2be547864451aa253836dd926da33623312df4a9a243e35dc877c378a78
#8 resolve docker.io/library/ubuntu:26.04@sha256:da6fc2be547864451aa253836dd926da33623312df4a9a243e35dc877c378a78 0.0s done
#8 DONE 0.0s

#9 [build 3/7] WORKDIR /src
#9 CACHED

#10 [build 4/7] COPY engine/ engine/
#10 CACHED

#11 [build 5/7] COPY src/ src/
#11 CACHED

#12 [build 2/7] RUN apt-get update  && apt-get install -y --no-install-recommends g++ libmbedtls-dev  && rm -rf /var/lib/apt/lists/*
#12 CACHED

#13 [build 6/7] RUN cd engine && sha256sum -c --quiet SHA256SUMS
#13 CACHED

#14 [build 7/7] RUN set -eu; mkdir -p /out; pids="";     for id in $(seq 1 "7"); do       g++ -std=c++17 -O2 -Wall -Wextra -Iengine -Isrc           -DDES_DATA_HEADER=""supervisor_data_fms.h""           -DDES_NODE_ID="$id" -DDES_NUM_NODES="7"           -DDES_FAMILY="DES_FAMILY_LMOD"           -DDES_ROUNDS="5" -DDES_WORK_MS="0"                      -o "/out/des_node$id" src/des_container_main.cpp           -Wl,--wrap=mbedtls_ecp_mul -l:libmbedcrypto.a &       pids="$pids $!";     done;     for p in $pids; do wait "$p"; done;     { echo "DES_PROBLEM=fms"; echo "DES_NUM_NODES=7";       echo "DES_FAMILY=LMOD"; echo "DES_ROUNDS=5";       echo "DES_WORK_MS=0"; echo "DES_EXTRA_FLAGS=";       echo "mbedtls=$(dpkg-query -W -f='${Version}' libmbedtls-dev)";       echo "gxx=$(g++ -dumpfullversion)"; } > /out/BUILD_INFO;     cat /out/BUILD_INFO
#14 15.84 DES_PROBLEM=fms
#14 15.84 DES_NUM_NODES=7
#14 15.84 DES_FAMILY=LMOD
#14 15.84 DES_ROUNDS=5
#14 15.84 DES_WORK_MS=0
#14 15.84 DES_EXTRA_FLAGS=
#14 15.84 mbedtls=3.6.5-0.1ubuntu2
#14 15.84 gxx=15.2.0
#14 DONE 15.9s

#15 [stage-1 3/4] COPY --from=build /out/ /opt/des/bin/
#15 CACHED

#16 [stage-1 2/4] RUN useradd --system --no-create-home --shell /usr/sbin/nologin des
#16 CACHED

#17 [stage-1 4/4] COPY --chmod=0755 docker/entrypoint.sh /usr/local/bin/des-entrypoint
#17 CACHED

#18 exporting to image
#18 exporting layers done
#18 exporting manifest sha256:5500cf4b0996a5b6dbb5f2267de8e937558d4c844ae0c3d11145b85382ae9948 done
#18 exporting config sha256:30abb733f9bc39c53ab87f5aa0da5253b58418d78e18012da15a90d4de28a9f9 done
#18 exporting attestation manifest sha256:e4fac2c78c23008add0cf41fed4b5690709c3cac57c3f15941b727291326f6a5 0.0s done
#18 exporting manifest list sha256:8ee8035641b469a97bd60dff47a1a97a05d27f943fcb4dbfd2da93c33dc82c71 done
#18 naming to docker.io/library/docker-des:fms-7n-LMOD-r5-w0 done
#18 unpacking to docker.io/library/docker-des:fms-7n-LMOD-r5-w0 done
#18 DONE 0.1s

#19 resolving provenance for metadata file
#19 DONE 0.0s
 Image docker-des:fms-7n-LMOD-r5-w0 Built 
== run: node1 node2 node3 node4 node5 node6 node7
 Network docker-des_cell Creating 
 Network docker-des_cell Creating 
 Network docker-des_cell Created 
 Network docker-des_cell Created 
 Container docker-des-node7-1 Creating 
 Container docker-des-node5-1 Creating 
 Container docker-des-node1-1 Creating 
 Container docker-des-node2-1 Creating 
 Container docker-des-node3-1 Creating 
 Container docker-des-node4-1 Creating 
 Container docker-des-node6-1 Creating 
 Container docker-des-node6-1 Created 
 Container docker-des-node4-1 Created 
 Container docker-des-node5-1 Created 
 Container docker-des-node1-1 Created 
 Container docker-des-node7-1 Created 
 Container docker-des-node3-1 Created 
 Container docker-des-node2-1 Created 
 Container docker-des-node2-1 Starting 
 Container docker-des-node5-1 Starting 
 Container docker-des-node3-1 Starting 
 Container docker-des-node4-1 Starting 
 Container docker-des-node1-1 Starting 
 Container docker-des-node6-1 Starting 
 Container docker-des-node7-1 Starting 
 Container docker-des-node2-1 Started 
 Container docker-des-node5-1 Started 
 Container docker-des-node3-1 Started 
 Container docker-des-node4-1 Started 
 Container docker-des-node1-1 Started 
 Container docker-des-node6-1 Started 
 Container docker-des-node7-1 Started 
== collect -> results/20260927-200439-varredura/20260927-201438-fms-7
# Execução `20260927-201438-fms-7`

- problema `fms`, família `LMOD`, **7 containers**, UDP multicast
- 5 ciclos × 44 passos = 220 passos; **220 executados**, 0 pulados
- impressão digital da configuração: `04511541`
- RTT de aplicação (nó 1, 20 sondas): média 11.21 ms, mín 3.43, máx 138.29
- resultado: **complete**

| nó | supervisores | saída | disparou (local/ctrl/unctrl) | aplicou p/ pares | decifrações (ciclo 1) | HE total ms | quadros tx/rx | retx | oráculo | halt |
|---|---|---|---|---|---|---|---|---|---|---|
| 1 | S0 | 0 | 20/40/40 | 0 | 101 (21) | 7053.8 | 163/1704 | 0 | PASS | não |
| 2 | S1 | 0 | 20/0/0 | 80 | 101 (21) | 7049.1 | 255/1612 | 0 | PASS | não |
| 3 | S2 | 0 | 20/0/0 | 80 | 100 (20) | 6974.5 | 253/1614 | 0 | PASS | não |
| 4 | S3 | 0 | 20/0/0 | 80 | 103 (23) | 7187.0 | 251/1616 | 0 | PASS | não |
| 5 | S4 | 0 | 0/20/10 | 80 | 114 (26) | 7971.8 | 297/1570 | 0 | PASS | não |
| 6 | S5 | 0 | 0/0/0 | 110 | 129 (41) | 9025.8 | 328/1538 | 0 | PASS | não |
| 7 | S6 | 0 | 30/0/0 | 110 | 150 (38) | 10540.5 | 320/1546 | 0 | PASS | não |
| **total** | | | | | **798 (190)** | 55802.5 | 1867/11200 | 0 | | |

Fim de cada ciclo no relógio comum (o **último** nó a terminar), ms: 3969.0, 6656.3, 9354.0, 12050.4, 14754.8

Tempo por passo: ciclo 1 **90.20 ms**; ciclos 2–5 **61.28 ms**

Verificação cruzada com o supervisor MONOLÍTICO: **off**

## Verificações

| verificação | esperado | obtido | |
|---|---|---|---|
| config fingerprint | 04511541 | 04511541 | ✅ |
| decryptions, whole cell | 798 | 798 | ✅ |
| decryptions, whole cell, cycle 1 | 190 | 190 | ✅ |
| outcome | complete | complete | ✅ |
| same fingerprint on every node | 1 | 1 | ✅ |
| oracle PASS on every node | True | True | ✅ |
| crypto self-test PASS on every node | True | True | ✅ |

**TODAS AS VERIFICAÇÕES PASSARAM**


################ fms-1  (repetição 2/5)
== build skipped (DES_SKIP_BUILD=1): using the existing image
== run: node1
 Network docker-des_cell Creating 
 Network docker-des_cell Creating 
 Network docker-des_cell Created 
 Network docker-des_cell Created 
 Container docker-des-node1-1 Creating 
 Container docker-des-node1-1 Created 
 Container docker-des-node1-1 Starting 
 Container docker-des-node1-1 Started 
== collect -> results/20260927-200439-varredura/20260927-201521-fms-1
# Execução `20260927-201521-fms-1`

- problema `fms`, família `LMOD`, **1 containers**, UDP multicast
- 5 ciclos × 44 passos = 220 passos; **220 executados**, 0 pulados
- impressão digital da configuração: `3f2beff2`
- resultado: **complete**

| nó | supervisores | saída | disparou (local/ctrl/unctrl) | aplicou p/ pares | decifrações (ciclo 1) | HE total ms | quadros tx/rx | retx | oráculo | halt |
|---|---|---|---|---|---|---|---|---|---|---|
| 1 | S0 S1 S2 S3 S4 S5 S6 | 0 | 220/0/0 | 0 | 798 (190) | 55744.2 | 0/0 | 0 | PASS | não |
| **total** | | | | | **798 (190)** | 55744.2 | 0/0 | 0 | | |

Fim de cada ciclo no relógio comum (o **último** nó a terminar), ms: 13341.5, 23949.8, 34566.7, 45158.2, 55792.5

Tempo por passo: ciclo 1 **303.22 ms**; ciclos 2–5 **241.20 ms**

Verificação cruzada com o supervisor MONOLÍTICO: **off**

## Verificações

| verificação | esperado | obtido | |
|---|---|---|---|
| config fingerprint | 3f2beff2 | 3f2beff2 | ✅ |
| decryptions, whole cell | 798 | 798 | ✅ |
| decryptions, whole cell, cycle 1 | 190 | 190 | ✅ |
| outcome | complete | complete | ✅ |
| same fingerprint on every node | 1 | 1 | ✅ |
| oracle PASS on every node | True | True | ✅ |
| crypto self-test PASS on every node | True | True | ✅ |

**TODAS AS VERIFICAÇÕES PASSARAM**


################ fms-2  (repetição 2/5)
== build skipped (DES_SKIP_BUILD=1): using the existing image
== run: node1 node2
 Network docker-des_cell Creating 
 Network docker-des_cell Creating 
 Network docker-des_cell Created 
 Network docker-des_cell Created 
 Container docker-des-node2-1 Creating 
 Container docker-des-node1-1 Creating 
 Container docker-des-node1-1 Created 
 Container docker-des-node2-1 Created 
 Container docker-des-node2-1 Starting 
 Container docker-des-node1-1 Starting 
 Container docker-des-node2-1 Started 
 Container docker-des-node1-1 Started 
== collect -> results/20260927-200439-varredura/20260927-201637-fms-2
# Execução `20260927-201637-fms-2`

- problema `fms`, família `LMOD`, **2 containers**, UDP multicast
- 5 ciclos × 44 passos = 220 passos; **220 executados**, 0 pulados
- impressão digital da configuração: `edbd7971`
- RTT de aplicação (nó 1, 20 sondas): média 3.64 ms, mín 2.23, máx 5.17
- resultado: **complete**

| nó | supervisores | saída | disparou (local/ctrl/unctrl) | aplicou p/ pares | decifrações (ciclo 1) | HE total ms | quadros tx/rx | retx | oráculo | halt |
|---|---|---|---|---|---|---|---|---|---|---|
| 1 | S0 S1 S2 S3 | 0 | 80/40/40 | 0 | 405 (85) | 28273.5 | 149/230 | 0 | PASS | não |
| 2 | S4 S5 S6 | 0 | 60/0/0 | 80 | 393 (105) | 27504.3 | 230/149 | 0 | PASS | não |
| **total** | | | | | **798 (190)** | 55777.8 | 379/379 | 0 | | |

Fim de cada ciclo no relógio comum (o **último** nó a terminar), ms: 8634.8, 15200.8, 21765.2, 28330.3, 34896.3

Tempo por passo: ciclo 1 **196.25 ms**; ciclos 2–5 **149.21 ms**

Verificação cruzada com o supervisor MONOLÍTICO: **off**

## Verificações

| verificação | esperado | obtido | |
|---|---|---|---|
| config fingerprint | edbd7971 | edbd7971 | ✅ |
| decryptions per node | 405 393 | 405 393 | ✅ |
| decryptions per node, cycle 1 | 85 105 | 85 105 | ✅ |
| decryptions, whole cell | 798 | 798 | ✅ |
| decryptions, whole cell, cycle 1 | 190 | 190 | ✅ |
| outcome | complete | complete | ✅ |
| same fingerprint on every node | 1 | 1 | ✅ |
| oracle PASS on every node | True | True | ✅ |
| crypto self-test PASS on every node | True | True | ✅ |

**TODAS AS VERIFICAÇÕES PASSARAM**


################ fms-2-s5  (repetição 2/5)
== build skipped (DES_SKIP_BUILD=1): using the existing image
== run: node1 node2
 Network docker-des_cell Creating 
 Network docker-des_cell Creating 
 Network docker-des_cell Created 
 Network docker-des_cell Created 
 Container docker-des-node2-1 Creating 
 Container docker-des-node1-1 Creating 
 Container docker-des-node2-1 Created 
 Container docker-des-node1-1 Created 
 Container docker-des-node1-1 Starting 
 Container docker-des-node2-1 Starting 
 Container docker-des-node1-1 Started 
 Container docker-des-node2-1 Started 
== collect -> results/20260927-200439-varredura/20260927-201732-fms-2-s5
# Execução `20260927-201732-fms-2-s5`

- problema `fms`, família `LMOD`, **2 containers**, UDP multicast
- 5 ciclos × 44 passos = 220 passos; **220 executados**, 0 pulados
- impressão digital da configuração: `52c9a503`
- RTT de aplicação (nó 1, 20 sondas): média 4.03 ms, mín 2.83, máx 5.21
- resultado: **complete**

| nó | supervisores | saída | disparou (local/ctrl/unctrl) | aplicou p/ pares | decifrações (ciclo 1) | HE total ms | quadros tx/rx | retx | oráculo | halt |
|---|---|---|---|---|---|---|---|---|---|---|
| 1 | S0 S1 S2 S3 S4 S6 | 0 | 110/60/50 | 0 | 669 (149) | 46741.4 | 198/422 | 0 | PASS | não |
| 2 | S5 | 0 | 0/0/0 | 110 | 129 (41) | 9014.2 | 422/198 | 0 | PASS | não |
| **total** | | | | | **798 (190)** | 55755.6 | 620/620 | 0 | | |

Fim de cada ciclo no relógio comum (o **último** nó a terminar), ms: 10647.2, 19796.2, 28963.5, 38112.1, 47273.5

Tempo por passo: ciclo 1 **241.98 ms**; ciclos 2–5 **208.10 ms**

Verificação cruzada com o supervisor MONOLÍTICO: **off**

## Verificações

| verificação | esperado | obtido | |
|---|---|---|---|
| decryptions, whole cell | 798 | 798 | ✅ |
| decryptions, whole cell, cycle 1 | 190 | 190 | ✅ |
| outcome | complete | complete | ✅ |
| same fingerprint on every node | 1 | 1 | ✅ |
| oracle PASS on every node | True | True | ✅ |
| crypto self-test PASS on every node | True | True | ✅ |

**TODAS AS VERIFICAÇÕES PASSARAM**


################ fms-3  (repetição 2/5)
== build skipped (DES_SKIP_BUILD=1): using the existing image
== run: node1 node2 node3
 Network docker-des_cell Creating 
 Network docker-des_cell Creating 
 Network docker-des_cell Created 
 Network docker-des_cell Created 
 Container docker-des-node3-1 Creating 
 Container docker-des-node2-1 Creating 
 Container docker-des-node1-1 Creating 
 Container docker-des-node1-1 Created 
 Container docker-des-node3-1 Created 
 Container docker-des-node2-1 Created 
 Container docker-des-node1-1 Starting 
 Container docker-des-node2-1 Starting 
 Container docker-des-node3-1 Starting 
 Container docker-des-node1-1 Started 
 Container docker-des-node2-1 Started 
 Container docker-des-node3-1 Started 
== collect -> results/20260927-200439-varredura/20260927-201842-fms-3
# Execução `20260927-201842-fms-3`

- problema `fms`, família `LMOD`, **3 containers**, UDP multicast
- 5 ciclos × 44 passos = 220 passos; **220 executados**, 0 pulados
- impressão digital da configuração: `04d74714`
- RTT de aplicação (nó 1, 20 sondas): média 4.30 ms, mín 2.70, máx 5.95
- resultado: **complete**

| nó | supervisores | saída | disparou (local/ctrl/unctrl) | aplicou p/ pares | decifrações (ciclo 1) | HE total ms | quadros tx/rx | retx | oráculo | halt |
|---|---|---|---|---|---|---|---|---|---|---|
| 1 | S0 S1 S2 | 0 | 60/40/40 | 0 | 302 (62) | 21078.4 | 152/598 | 0 | PASS | não |
| 2 | S3 S4 | 0 | 20/20/10 | 80 | 217 (49) | 15138.9 | 286/464 | 0 | PASS | não |
| 3 | S5 S6 | 0 | 30/0/0 | 110 | 279 (79) | 19543.6 | 312/438 | 0 | PASS | não |
| **total** | | | | | **798 (190)** | 55760.9 | 750/1500 | 0 | | |

Fim de cada ciclo no relógio comum (o **último** nó a terminar), ms: 6628.6, 11580.6, 16532.1, 21480.0, 26429.1

Tempo por passo: ciclo 1 **150.65 ms**; ciclos 2–5 **112.50 ms**

Verificação cruzada com o supervisor MONOLÍTICO: **off**

## Verificações

| verificação | esperado | obtido | |
|---|---|---|---|
| decryptions, whole cell | 798 | 798 | ✅ |
| decryptions, whole cell, cycle 1 | 190 | 190 | ✅ |
| outcome | complete | complete | ✅ |
| same fingerprint on every node | 1 | 1 | ✅ |
| oracle PASS on every node | True | True | ✅ |
| crypto self-test PASS on every node | True | True | ✅ |

**TODAS AS VERIFICAÇÕES PASSARAM**


################ fms-3-s5  (repetição 2/5)
== build skipped (DES_SKIP_BUILD=1): using the existing image
== run: node1 node2 node3
 Network docker-des_cell Creating 
 Network docker-des_cell Creating 
 Network docker-des_cell Created 
 Network docker-des_cell Created 
 Container docker-des-node3-1 Creating 
 Container docker-des-node2-1 Creating 
 Container docker-des-node1-1 Creating 
 Container docker-des-node1-1 Created 
 Container docker-des-node2-1 Created 
 Container docker-des-node3-1 Created 
 Container docker-des-node3-1 Starting 
 Container docker-des-node1-1 Starting 
 Container docker-des-node2-1 Starting 
 Container docker-des-node3-1 Started 
 Container docker-des-node1-1 Started 
 Container docker-des-node2-1 Started 
== collect -> results/20260927-200439-varredura/20260927-201928-fms-3-s5
# Execução `20260927-201928-fms-3-s5`

- problema `fms`, família `LMOD`, **3 containers**, UDP multicast
- 5 ciclos × 44 passos = 220 passos; **220 executados**, 0 pulados
- impressão digital da configuração: `6d9dd456`
- RTT de aplicação (nó 1, 20 sondas): média 5.93 ms, mín 2.48, máx 43.88
- resultado: **complete**

| nó | supervisores | saída | disparou (local/ctrl/unctrl) | aplicou p/ pares | decifrações (ciclo 1) | HE total ms | quadros tx/rx | retx | oráculo | halt |
|---|---|---|---|---|---|---|---|---|---|---|
| 1 | S0 S2 S6 | 0 | 70/60/50 | 0 | 351 (79) | 24569.1 | 200/648 | 0 | PASS | não |
| 2 | S1 S3 S4 | 0 | 40/0/0 | 110 | 318 (70) | 22171.3 | 318/530 | 0 | PASS | não |
| 3 | S5 | 0 | 0/0/0 | 110 | 129 (41) | 9013.4 | 330/518 | 0 | PASS | não |
| **total** | | | | | **798 (190)** | 55753.8 | 848/1696 | 0 | | |

Fim de cada ciclo no relógio comum (o **último** nó a terminar), ms: 6371.1, 11606.6, 16842.6, 22088.2, 27329.8

Tempo por passo: ciclo 1 **144.80 ms**; ciclos 2–5 **119.08 ms**

Verificação cruzada com o supervisor MONOLÍTICO: **off**

## Verificações

| verificação | esperado | obtido | |
|---|---|---|---|
| decryptions, whole cell | 798 | 798 | ✅ |
| decryptions, whole cell, cycle 1 | 190 | 190 | ✅ |
| outcome | complete | complete | ✅ |
| same fingerprint on every node | 1 | 1 | ✅ |
| oracle PASS on every node | True | True | ✅ |
| crypto self-test PASS on every node | True | True | ✅ |

**TODAS AS VERIFICAÇÕES PASSARAM**


################ fms-4  (repetição 2/5)
== build skipped (DES_SKIP_BUILD=1): using the existing image
== run: node1 node2 node3 node4
 Network docker-des_cell Creating 
 Network docker-des_cell Creating 
 Network docker-des_cell Created 
 Network docker-des_cell Created 
 Container docker-des-node4-1 Creating 
 Container docker-des-node1-1 Creating 
 Container docker-des-node2-1 Creating 
 Container docker-des-node3-1 Creating 
 Container docker-des-node3-1 Created 
 Container docker-des-node4-1 Created 
 Container docker-des-node1-1 Created 
 Container docker-des-node2-1 Created 
 Container docker-des-node2-1 Starting 
 Container docker-des-node3-1 Starting 
 Container docker-des-node4-1 Starting 
 Container docker-des-node1-1 Starting 
 Container docker-des-node2-1 Started 
 Container docker-des-node3-1 Started 
 Container docker-des-node4-1 Started 
 Container docker-des-node1-1 Started 
== collect -> results/20260927-200439-varredura/20260927-202016-fms-4
# Execução `20260927-202016-fms-4`

- problema `fms`, família `LMOD`, **4 containers**, UDP multicast
- 5 ciclos × 44 passos = 220 passos; **220 executados**, 0 pulados
- impressão digital da configuração: `457cc268`
- RTT de aplicação (nó 1, 20 sondas): média 4.63 ms, mín 2.75, máx 5.91
- resultado: **complete**

| nó | supervisores | saída | disparou (local/ctrl/unctrl) | aplicou p/ pares | decifrações (ciclo 1) | HE total ms | quadros tx/rx | retx | oráculo | halt |
|---|---|---|---|---|---|---|---|---|---|---|
| 1 | S0 S1 | 0 | 40/40/40 | 0 | 202 (42) | 14098.6 | 152/847 | 0 | PASS | não |
| 2 | S2 S3 | 0 | 40/0/0 | 80 | 203 (43) | 14147.2 | 248/751 | 0 | PASS | não |
| 3 | S4 S5 | 0 | 0/20/10 | 80 | 243 (67) | 16970.5 | 284/715 | 0 | PASS | não |
| 4 | S6 | 0 | 30/0/0 | 110 | 150 (38) | 10503.0 | 315/684 | 0 | PASS | não |
| **total** | | | | | **798 (190)** | 55719.3 | 999/2997 | 0 | | |

Fim de cada ciclo no relógio comum (o **último** nó a terminar), ms: 5841.0, 9967.1, 14082.9, 18210.7, 22350.4

Tempo por passo: ciclo 1 **132.75 ms**; ciclos 2–5 **93.80 ms**

Verificação cruzada com o supervisor MONOLÍTICO: **off**

## Verificações

| verificação | esperado | obtido | |
|---|---|---|---|
| decryptions, whole cell | 798 | 798 | ✅ |
| decryptions, whole cell, cycle 1 | 190 | 190 | ✅ |
| outcome | complete | complete | ✅ |
| same fingerprint on every node | 1 | 1 | ✅ |
| oracle PASS on every node | True | True | ✅ |
| crypto self-test PASS on every node | True | True | ✅ |

**TODAS AS VERIFICAÇÕES PASSARAM**


################ fms-4-s5  (repetição 2/5)
== build skipped (DES_SKIP_BUILD=1): using the existing image
== run: node1 node2 node3 node4
 Network docker-des_cell Creating 
 Network docker-des_cell Creating 
 Network docker-des_cell Created 
 Network docker-des_cell Created 
 Container docker-des-node4-1 Creating 
 Container docker-des-node3-1 Creating 
 Container docker-des-node1-1 Creating 
 Container docker-des-node2-1 Creating 
 Container docker-des-node3-1 Created 
 Container docker-des-node4-1 Created 
 Container docker-des-node2-1 Created 
 Container docker-des-node1-1 Created 
 Container docker-des-node2-1 Starting 
 Container docker-des-node3-1 Starting 
 Container docker-des-node4-1 Starting 
 Container docker-des-node1-1 Starting 
 Container docker-des-node2-1 Started 
 Container docker-des-node3-1 Started 
 Container docker-des-node4-1 Started 
 Container docker-des-node1-1 Started 
== collect -> results/20260927-200439-varredura/20260927-202058-fms-4-s5
# Execução `20260927-202058-fms-4-s5`

- problema `fms`, família `LMOD`, **4 containers**, UDP multicast
- 5 ciclos × 44 passos = 220 passos; **220 executados**, 0 pulados
- impressão digital da configuração: `10c88d9b`
- RTT de aplicação (nó 1, 20 sondas): média 2.88 ms, mín 2.25, máx 3.81
- resultado: **complete**

| nó | supervisores | saída | disparou (local/ctrl/unctrl) | aplicou p/ pares | decifrações (ciclo 1) | HE total ms | quadros tx/rx | retx | oráculo | halt |
|---|---|---|---|---|---|---|---|---|---|---|
| 1 | S0 S1 | 0 | 40/40/40 | 0 | 202 (42) | 14079.8 | 153/928 | 0 | PASS | não |
| 2 | S2 S6 | 0 | 50/20/10 | 80 | 250 (58) | 17435.3 | 284/797 | 0 | PASS | não |
| 3 | S3 S4 | 0 | 20/0/0 | 110 | 217 (49) | 15109.5 | 320/761 | 0 | PASS | não |
| 4 | S5 | 0 | 0/0/0 | 110 | 129 (41) | 8980.4 | 324/757 | 0 | PASS | não |
| **total** | | | | | **798 (190)** | 55605.0 | 1081/3243 | 0 | | |

Fim de cada ciclo no relógio comum (o **último** nó a terminar), ms: 5122.6, 8969.5, 12820.7, 16674.1, 20519.5

Tempo por passo: ciclo 1 **116.42 ms**; ciclos 2–5 **87.48 ms**

Verificação cruzada com o supervisor MONOLÍTICO: **off**

## Verificações

| verificação | esperado | obtido | |
|---|---|---|---|
| decryptions, whole cell | 798 | 798 | ✅ |
| decryptions, whole cell, cycle 1 | 190 | 190 | ✅ |
| outcome | complete | complete | ✅ |
| same fingerprint on every node | 1 | 1 | ✅ |
| oracle PASS on every node | True | True | ✅ |
| crypto self-test PASS on every node | True | True | ✅ |

**TODAS AS VERIFICAÇÕES PASSARAM**


################ fms-5  (repetição 2/5)
== build skipped (DES_SKIP_BUILD=1): using the existing image
== run: node1 node2 node3 node4 node5
 Network docker-des_cell Creating 
 Network docker-des_cell Creating 
 Network docker-des_cell Created 
 Network docker-des_cell Created 
 Container docker-des-node2-1 Creating 
 Container docker-des-node4-1 Creating 
 Container docker-des-node5-1 Creating 
 Container docker-des-node1-1 Creating 
 Container docker-des-node3-1 Creating 
 Container docker-des-node5-1 Created 
 Container docker-des-node4-1 Created 
 Container docker-des-node3-1 Created 
 Container docker-des-node2-1 Created 
 Container docker-des-node1-1 Created 
 Container docker-des-node1-1 Starting 
 Container docker-des-node2-1 Starting 
 Container docker-des-node3-1 Starting 
 Container docker-des-node5-1 Starting 
 Container docker-des-node4-1 Starting 
 Container docker-des-node1-1 Started 
 Container docker-des-node2-1 Started 
 Container docker-des-node3-1 Started 
 Container docker-des-node5-1 Started 
 Container docker-des-node4-1 Started 
== collect -> results/20260927-200439-varredura/20260927-202138-fms-5
# Execução `20260927-202138-fms-5`

- problema `fms`, família `LMOD`, **5 containers**, UDP multicast
- 5 ciclos × 44 passos = 220 passos; **220 executados**, 0 pulados
- impressão digital da configuração: `6f43d6b9`
- RTT de aplicação (nó 1, 20 sondas): média 4.35 ms, mín 2.64, máx 6.06
- resultado: **complete**

| nó | supervisores | saída | disparou (local/ctrl/unctrl) | aplicou p/ pares | decifrações (ciclo 1) | HE total ms | quadros tx/rx | retx | oráculo | halt |
|---|---|---|---|---|---|---|---|---|---|---|
| 1 | S0 S1 | 0 | 40/40/40 | 0 | 202 (42) | 14103.5 | 157/1176 | 0 | PASS | não |
| 2 | S2 | 0 | 20/0/0 | 80 | 100 (20) | 6967.4 | 249/1084 | 0 | PASS | não |
| 3 | S3 S4 | 0 | 20/20/10 | 80 | 217 (49) | 15143.1 | 286/1047 | 0 | PASS | não |
| 4 | S5 | 0 | 0/0/0 | 110 | 129 (41) | 9018.9 | 324/1009 | 0 | PASS | não |
| 5 | S6 | 0 | 30/0/0 | 110 | 150 (38) | 10522.0 | 317/1016 | 0 | PASS | não |
| **total** | | | | | **798 (190)** | 55754.9 | 1333/5332 | 0 | | |

Fim de cada ciclo no relógio comum (o **último** nó a terminar), ms: 4775.1, 8413.9, 12058.5, 15694.3, 19328.4

Tempo por passo: ciclo 1 **108.53 ms**; ciclos 2–5 **82.69 ms**

Verificação cruzada com o supervisor MONOLÍTICO: **off**

## Verificações

| verificação | esperado | obtido | |
|---|---|---|---|
| decryptions, whole cell | 798 | 798 | ✅ |
| decryptions, whole cell, cycle 1 | 190 | 190 | ✅ |
| outcome | complete | complete | ✅ |
| same fingerprint on every node | 1 | 1 | ✅ |
| oracle PASS on every node | True | True | ✅ |
| crypto self-test PASS on every node | True | True | ✅ |

**TODAS AS VERIFICAÇÕES PASSARAM**


################ fms-5-s5  (repetição 2/5)
== build skipped (DES_SKIP_BUILD=1): using the existing image
== run: node1 node2 node3 node4 node5
 Network docker-des_cell Creating 
 Network docker-des_cell Creating 
 Network docker-des_cell Created 
 Network docker-des_cell Created 
 Container docker-des-node5-1 Creating 
 Container docker-des-node2-1 Creating 
 Container docker-des-node3-1 Creating 
 Container docker-des-node1-1 Creating 
 Container docker-des-node4-1 Creating 
 Container docker-des-node2-1 Created 
 Container docker-des-node3-1 Created 
 Container docker-des-node5-1 Created 
 Container docker-des-node4-1 Created 
 Container docker-des-node1-1 Created 
 Container docker-des-node5-1 Starting 
 Container docker-des-node1-1 Starting 
 Container docker-des-node3-1 Starting 
 Container docker-des-node4-1 Starting 
 Container docker-des-node2-1 Starting 
 Container docker-des-node5-1 Started 
 Container docker-des-node1-1 Started 
 Container docker-des-node3-1 Started 
 Container docker-des-node4-1 Started 
 Container docker-des-node2-1 Started 
== collect -> results/20260927-200439-varredura/20260927-202218-fms-5-s5
# Execução `20260927-202218-fms-5-s5`

- problema `fms`, família `LMOD`, **5 containers**, UDP multicast
- 5 ciclos × 44 passos = 220 passos; **220 executados**, 0 pulados
- impressão digital da configuração: `81f89049`
- RTT de aplicação (nó 1, 20 sondas): média 4.82 ms, mín 4.20, máx 6.41
- resultado: **complete**

| nó | supervisores | saída | disparou (local/ctrl/unctrl) | aplicou p/ pares | decifrações (ciclo 1) | HE total ms | quadros tx/rx | retx | oráculo | halt |
|---|---|---|---|---|---|---|---|---|---|---|
| 1 | S0 S1 | 0 | 40/40/40 | 0 | 202 (42) | 14102.9 | 157/1181 | 0 | PASS | não |
| 2 | S2 S3 | 0 | 40/0/0 | 80 | 203 (43) | 14151.7 | 242/1096 | 0 | PASS | não |
| 3 | S4 | 0 | 0/20/10 | 80 | 114 (26) | 7966.3 | 293/1045 | 0 | PASS | não |
| 4 | S6 | 0 | 30/0/0 | 110 | 150 (38) | 10525.3 | 318/1020 | 0 | PASS | não |
| 5 | S5 | 0 | 0/0/0 | 110 | 129 (41) | 9018.1 | 328/1010 | 0 | PASS | não |
| **total** | | | | | **798 (190)** | 55764.3 | 1338/5352 | 0 | | |

Fim de cada ciclo no relógio comum (o **último** nó a terminar), ms: 4781.9, 8484.3, 12186.8, 15891.4, 19582.4

Tempo por passo: ciclo 1 **108.68 ms**; ciclos 2–5 **84.09 ms**

Verificação cruzada com o supervisor MONOLÍTICO: **off**

## Verificações

| verificação | esperado | obtido | |
|---|---|---|---|
| decryptions, whole cell | 798 | 798 | ✅ |
| decryptions, whole cell, cycle 1 | 190 | 190 | ✅ |
| outcome | complete | complete | ✅ |
| same fingerprint on every node | 1 | 1 | ✅ |
| oracle PASS on every node | True | True | ✅ |
| crypto self-test PASS on every node | True | True | ✅ |

**TODAS AS VERIFICAÇÕES PASSARAM**


################ fms-6  (repetição 2/5)
== build skipped (DES_SKIP_BUILD=1): using the existing image
== run: node1 node2 node3 node4 node5 node6
 Network docker-des_cell Creating 
 Network docker-des_cell Creating 
 Network docker-des_cell Created 
 Network docker-des_cell Created 
 Container docker-des-node6-1 Creating 
 Container docker-des-node4-1 Creating 
 Container docker-des-node1-1 Creating 
 Container docker-des-node5-1 Creating 
 Container docker-des-node3-1 Creating 
 Container docker-des-node2-1 Creating 
 Container docker-des-node3-1 Created 
 Container docker-des-node2-1 Created 
 Container docker-des-node6-1 Created 
 Container docker-des-node4-1 Created 
 Container docker-des-node1-1 Created 
 Container docker-des-node5-1 Created 
 Container docker-des-node4-1 Starting 
 Container docker-des-node1-1 Starting 
 Container docker-des-node2-1 Starting 
 Container docker-des-node6-1 Starting 
 Container docker-des-node3-1 Starting 
 Container docker-des-node5-1 Starting 
 Container docker-des-node4-1 Started 
 Container docker-des-node1-1 Started 
 Container docker-des-node2-1 Started 
 Container docker-des-node6-1 Started 
 Container docker-des-node3-1 Started 
 Container docker-des-node5-1 Started 
== collect -> results/20260927-200439-varredura/20260927-202258-fms-6
# Execução `20260927-202258-fms-6`

- problema `fms`, família `LMOD`, **6 containers**, UDP multicast
- 5 ciclos × 44 passos = 220 passos; **220 executados**, 0 pulados
- impressão digital da configuração: `8d540ec9`
- RTT de aplicação (nó 1, 20 sondas): média 4.61 ms, mín 2.77, máx 5.28
- resultado: **complete**

| nó | supervisores | saída | disparou (local/ctrl/unctrl) | aplicou p/ pares | decifrações (ciclo 1) | HE total ms | quadros tx/rx | retx | oráculo | halt |
|---|---|---|---|---|---|---|---|---|---|---|
| 1 | S0 S1 | 0 | 40/40/40 | 0 | 202 (42) | 14108.1 | 157/1431 | 0 | PASS | não |
| 2 | S2 | 0 | 20/0/0 | 80 | 100 (20) | 6972.2 | 249/1339 | 0 | PASS | não |
| 3 | S3 | 0 | 20/0/0 | 80 | 103 (23) | 7192.3 | 247/1341 | 0 | PASS | não |
| 4 | S4 | 0 | 0/20/10 | 80 | 114 (26) | 7969.4 | 293/1295 | 0 | PASS | não |
| 5 | S5 | 0 | 0/0/0 | 110 | 129 (41) | 9031.0 | 324/1264 | 0 | PASS | não |
| 6 | S6 | 0 | 30/0/0 | 110 | 150 (38) | 10534.3 | 318/1270 | 0 | PASS | não |
| **total** | | | | | **798 (190)** | 55807.3 | 1588/7940 | 0 | | |

Fim de cada ciclo no relógio comum (o **último** nó a terminar), ms: 4357.7, 7759.0, 11145.7, 14547.1, 17939.0

Tempo por passo: ciclo 1 **99.04 ms**; ciclos 2–5 **77.17 ms**

Verificação cruzada com o supervisor MONOLÍTICO: **off**

## Verificações

| verificação | esperado | obtido | |
|---|---|---|---|
| decryptions, whole cell | 798 | 798 | ✅ |
| decryptions, whole cell, cycle 1 | 190 | 190 | ✅ |
| outcome | complete | complete | ✅ |
| same fingerprint on every node | 1 | 1 | ✅ |
| oracle PASS on every node | True | True | ✅ |
| crypto self-test PASS on every node | True | True | ✅ |

**TODAS AS VERIFICAÇÕES PASSARAM**


################ fms-6-s5  (repetição 2/5)
== build skipped (DES_SKIP_BUILD=1): using the existing image
== run: node1 node2 node3 node4 node5 node6
 Network docker-des_cell Creating 
 Network docker-des_cell Creating 
 Network docker-des_cell Created 
 Network docker-des_cell Created 
 Container docker-des-node6-1 Creating 
 Container docker-des-node4-1 Creating 
 Container docker-des-node1-1 Creating 
 Container docker-des-node3-1 Creating 
 Container docker-des-node5-1 Creating 
 Container docker-des-node2-1 Creating 
 Container docker-des-node2-1 Created 
 Container docker-des-node6-1 Created 
 Container docker-des-node5-1 Created 
 Container docker-des-node4-1 Created 
 Container docker-des-node1-1 Created 
 Container docker-des-node3-1 Created 
 Container docker-des-node5-1 Starting 
 Container docker-des-node1-1 Starting 
 Container docker-des-node6-1 Starting 
 Container docker-des-node3-1 Starting 
 Container docker-des-node2-1 Starting 
 Container docker-des-node4-1 Starting 
 Container docker-des-node5-1 Started 
 Container docker-des-node1-1 Started 
 Container docker-des-node6-1 Started 
 Container docker-des-node3-1 Started 
 Container docker-des-node2-1 Started 
 Container docker-des-node4-1 Started 
== collect -> results/20260927-200439-varredura/20260927-202337-fms-6-s5
# Execução `20260927-202337-fms-6-s5`

- problema `fms`, família `LMOD`, **6 containers**, UDP multicast
- 5 ciclos × 44 passos = 220 passos; **220 executados**, 0 pulados
- impressão digital da configuração: `22301a79`
- RTT de aplicação (nó 1, 20 sondas): média 10.96 ms, mín 3.32, máx 130.28
- resultado: **complete**

| nó | supervisores | saída | disparou (local/ctrl/unctrl) | aplicou p/ pares | decifrações (ciclo 1) | HE total ms | quadros tx/rx | retx | oráculo | halt |
|---|---|---|---|---|---|---|---|---|---|---|
| 1 | S0 S2 | 0 | 40/40/40 | 0 | 201 (41) | 14032.5 | 156/1423 | 0 | PASS | não |
| 2 | S1 | 0 | 20/0/0 | 80 | 101 (21) | 7052.1 | 245/1334 | 0 | PASS | não |
| 3 | S3 | 0 | 20/0/0 | 80 | 103 (23) | 7189.1 | 246/1333 | 0 | PASS | não |
| 4 | S4 | 0 | 0/20/10 | 80 | 114 (26) | 7965.5 | 288/1291 | 0 | PASS | não |
| 5 | S6 | 0 | 30/0/0 | 110 | 150 (38) | 10524.9 | 319/1260 | 0 | PASS | não |
| 6 | S5 | 0 | 0/0/0 | 110 | 129 (41) | 9017.2 | 325/1254 | 0 | PASS | não |
| **total** | | | | | **798 (190)** | 55781.3 | 1579/7895 | 0 | | |

Fim de cada ciclo no relógio comum (o **último** nó a terminar), ms: 4247.2, 7649.7, 11062.0, 14470.4, 17873.8

Tempo por passo: ciclo 1 **96.53 ms**; ciclos 2–5 **77.42 ms**

Verificação cruzada com o supervisor MONOLÍTICO: **off**

## Verificações

| verificação | esperado | obtido | |
|---|---|---|---|
| decryptions, whole cell | 798 | 798 | ✅ |
| decryptions, whole cell, cycle 1 | 190 | 190 | ✅ |
| outcome | complete | complete | ✅ |
| same fingerprint on every node | 1 | 1 | ✅ |
| oracle PASS on every node | True | True | ✅ |
| crypto self-test PASS on every node | True | True | ✅ |

**TODAS AS VERIFICAÇÕES PASSARAM**


################ fms-7  (repetição 2/5)
== build skipped (DES_SKIP_BUILD=1): using the existing image
== run: node1 node2 node3 node4 node5 node6 node7
 Network docker-des_cell Creating 
 Network docker-des_cell Creating 
 Network docker-des_cell Created 
 Network docker-des_cell Created 
 Container docker-des-node7-1 Creating 
 Container docker-des-node4-1 Creating 
 Container docker-des-node6-1 Creating 
 Container docker-des-node5-1 Creating 
 Container docker-des-node2-1 Creating 
 Container docker-des-node3-1 Creating 
 Container docker-des-node1-1 Creating 
 Container docker-des-node7-1 Created 
 Container docker-des-node1-1 Created 
 Container docker-des-node2-1 Created 
 Container docker-des-node3-1 Created 
 Container docker-des-node5-1 Created 
 Container docker-des-node6-1 Created 
 Container docker-des-node4-1 Created 
 Container docker-des-node5-1 Starting 
 Container docker-des-node6-1 Starting 
 Container docker-des-node7-1 Starting 
 Container docker-des-node2-1 Starting 
 Container docker-des-node4-1 Starting 
 Container docker-des-node3-1 Starting 
 Container docker-des-node1-1 Starting 
 Container docker-des-node5-1 Started 
 Container docker-des-node6-1 Started 
 Container docker-des-node7-1 Started 
 Container docker-des-node2-1 Started 
 Container docker-des-node4-1 Started 
 Container docker-des-node3-1 Started 
 Container docker-des-node1-1 Started 
== collect -> results/20260927-200439-varredura/20260927-202415-fms-7
# Execução `20260927-202415-fms-7`

- problema `fms`, família `LMOD`, **7 containers**, UDP multicast
- 5 ciclos × 44 passos = 220 passos; **220 executados**, 0 pulados
- impressão digital da configuração: `04511541`
- RTT de aplicação (nó 1, 20 sondas): média 11.09 ms, mín 2.41, máx 139.01
- resultado: **complete**

| nó | supervisores | saída | disparou (local/ctrl/unctrl) | aplicou p/ pares | decifrações (ciclo 1) | HE total ms | quadros tx/rx | retx | oráculo | halt |
|---|---|---|---|---|---|---|---|---|---|---|
| 1 | S0 | 0 | 20/40/40 | 0 | 101 (21) | 7061.3 | 158/1684 | 0 | PASS | não |
| 2 | S1 | 0 | 20/0/0 | 80 | 101 (21) | 7053.8 | 248/1594 | 0 | PASS | não |
| 3 | S2 | 0 | 20/0/0 | 80 | 100 (20) | 6986.9 | 247/1595 | 0 | PASS | não |
| 4 | S3 | 0 | 20/0/0 | 80 | 103 (23) | 7203.7 | 247/1595 | 0 | PASS | não |
| 5 | S4 | 0 | 0/20/10 | 80 | 114 (26) | 7982.3 | 294/1548 | 0 | PASS | não |
| 6 | S5 | 0 | 0/0/0 | 110 | 129 (41) | 9041.8 | 328/1514 | 0 | PASS | não |
| 7 | S6 | 0 | 30/0/0 | 110 | 150 (38) | 10561.8 | 320/1522 | 0 | PASS | não |
| **total** | | | | | **798 (190)** | 55891.6 | 1842/11052 | 0 | | |

Fim de cada ciclo no relógio comum (o **último** nó a terminar), ms: 3979.6, 6679.0, 9395.9, 12122.0, 14841.8

Tempo por passo: ciclo 1 **90.45 ms**; ciclos 2–5 **61.72 ms**

Verificação cruzada com o supervisor MONOLÍTICO: **off**

## Verificações

| verificação | esperado | obtido | |
|---|---|---|---|
| config fingerprint | 04511541 | 04511541 | ✅ |
| decryptions, whole cell | 798 | 798 | ✅ |
| decryptions, whole cell, cycle 1 | 190 | 190 | ✅ |
| outcome | complete | complete | ✅ |
| same fingerprint on every node | 1 | 1 | ✅ |
| oracle PASS on every node | True | True | ✅ |
| crypto self-test PASS on every node | True | True | ✅ |

**TODAS AS VERIFICAÇÕES PASSARAM**


################ fms-1  (repetição 3/5)
== build skipped (DES_SKIP_BUILD=1): using the existing image
== run: node1
 Network docker-des_cell Creating 
 Network docker-des_cell Creating 
 Network docker-des_cell Created 
 Network docker-des_cell Created 
 Container docker-des-node1-1 Creating 
 Container docker-des-node1-1 Created 
 Container docker-des-node1-1 Starting 
 Container docker-des-node1-1 Started 
== collect -> results/20260927-200439-varredura/20260927-202451-fms-1
# Execução `20260927-202451-fms-1`

- problema `fms`, família `LMOD`, **1 containers**, UDP multicast
- 5 ciclos × 44 passos = 220 passos; **220 executados**, 0 pulados
- impressão digital da configuração: `3f2beff2`
- resultado: **complete**

| nó | supervisores | saída | disparou (local/ctrl/unctrl) | aplicou p/ pares | decifrações (ciclo 1) | HE total ms | quadros tx/rx | retx | oráculo | halt |
|---|---|---|---|---|---|---|---|---|---|---|
| 1 | S0 S1 S2 S3 S4 S5 S6 | 0 | 220/0/0 | 0 | 798 (190) | 56293.2 | 0/0 | 0 | PASS | não |
| **total** | | | | | **798 (190)** | 56293.2 | 0/0 | 0 | | |

Fim de cada ciclo no relógio comum (o **último** nó a terminar), ms: 13359.8, 23984.2, 34800.5, 45719.0, 56348.6

Tempo por passo: ciclo 1 **303.63 ms**; ciclos 2–5 **244.25 ms**

Verificação cruzada com o supervisor MONOLÍTICO: **off**

## Verificações

| verificação | esperado | obtido | |
|---|---|---|---|
| config fingerprint | 3f2beff2 | 3f2beff2 | ✅ |
| decryptions, whole cell | 798 | 798 | ✅ |
| decryptions, whole cell, cycle 1 | 190 | 190 | ✅ |
| outcome | complete | complete | ✅ |
| same fingerprint on every node | 1 | 1 | ✅ |
| oracle PASS on every node | True | True | ✅ |
| crypto self-test PASS on every node | True | True | ✅ |

**TODAS AS VERIFICAÇÕES PASSARAM**


################ fms-2  (repetição 3/5)
== build skipped (DES_SKIP_BUILD=1): using the existing image
== run: node1 node2
 Network docker-des_cell Creating 
 Network docker-des_cell Creating 
 Network docker-des_cell Created 
 Network docker-des_cell Created 
 Container docker-des-node2-1 Creating 
 Container docker-des-node1-1 Creating 
 Container docker-des-node2-1 Created 
 Container docker-des-node1-1 Created 
 Container docker-des-node1-1 Starting 
 Container docker-des-node2-1 Starting 
 Container docker-des-node1-1 Started 
 Container docker-des-node2-1 Started 
== collect -> results/20260927-200439-varredura/20260927-202619-fms-2
# Execução `20260927-202619-fms-2`

- problema `fms`, família `LMOD`, **2 containers**, UDP multicast
- 5 ciclos × 44 passos = 220 passos; **220 executados**, 0 pulados
- impressão digital da configuração: `edbd7971`
- RTT de aplicação (nó 1, 20 sondas): média 4.51 ms, mín 3.21, máx 5.77
- resultado: **complete**

| nó | supervisores | saída | disparou (local/ctrl/unctrl) | aplicou p/ pares | decifrações (ciclo 1) | HE total ms | quadros tx/rx | retx | oráculo | halt |
|---|---|---|---|---|---|---|---|---|---|---|
| 1 | S0 S1 S2 S3 | 0 | 80/40/40 | 0 | 405 (85) | 28280.7 | 150/230 | 0 | PASS | não |
| 2 | S4 S5 S6 | 0 | 60/0/0 | 80 | 393 (105) | 27494.3 | 230/150 | 0 | PASS | não |
| **total** | | | | | **798 (190)** | 55775.0 | 380/380 | 0 | | |

Fim de cada ciclo no relógio comum (o **último** nó a terminar), ms: 8635.3, 15202.3, 21762.5, 28329.3, 34891.3

Tempo por passo: ciclo 1 **196.26 ms**; ciclos 2–5 **149.18 ms**

Verificação cruzada com o supervisor MONOLÍTICO: **off**

## Verificações

| verificação | esperado | obtido | |
|---|---|---|---|
| config fingerprint | edbd7971 | edbd7971 | ✅ |
| decryptions per node | 405 393 | 405 393 | ✅ |
| decryptions per node, cycle 1 | 85 105 | 85 105 | ✅ |
| decryptions, whole cell | 798 | 798 | ✅ |
| decryptions, whole cell, cycle 1 | 190 | 190 | ✅ |
| outcome | complete | complete | ✅ |
| same fingerprint on every node | 1 | 1 | ✅ |
| oracle PASS on every node | True | True | ✅ |
| crypto self-test PASS on every node | True | True | ✅ |

**TODAS AS VERIFICAÇÕES PASSARAM**


################ fms-2-s5  (repetição 3/5)
== build skipped (DES_SKIP_BUILD=1): using the existing image
== run: node1 node2
 Network docker-des_cell Creating 
 Network docker-des_cell Creating 
 Network docker-des_cell Created 
 Network docker-des_cell Created 
 Container docker-des-node2-1 Creating 
 Container docker-des-node1-1 Creating 
 Container docker-des-node1-1 Created 
 Container docker-des-node2-1 Created 
 Container docker-des-node2-1 Starting 
 Container docker-des-node1-1 Starting 
 Container docker-des-node2-1 Started 
 Container docker-des-node1-1 Started 
== collect -> results/20260927-200439-varredura/20260927-202702-fms-2-s5
# Execução `20260927-202702-fms-2-s5`

- problema `fms`, família `LMOD`, **2 containers**, UDP multicast
- 5 ciclos × 44 passos = 220 passos; **220 executados**, 0 pulados
- impressão digital da configuração: `52c9a503`
- RTT de aplicação (nó 1, 20 sondas): média 4.12 ms, mín 2.32, máx 5.50
- resultado: **complete**

| nó | supervisores | saída | disparou (local/ctrl/unctrl) | aplicou p/ pares | decifrações (ciclo 1) | HE total ms | quadros tx/rx | retx | oráculo | halt |
|---|---|---|---|---|---|---|---|---|---|---|
| 1 | S0 S1 S2 S3 S4 S6 | 0 | 110/60/50 | 0 | 669 (149) | 46725.5 | 198/423 | 0 | PASS | não |
| 2 | S5 | 0 | 0/0/0 | 110 | 129 (41) | 9000.4 | 423/198 | 0 | PASS | não |
| **total** | | | | | **798 (190)** | 55725.9 | 621/621 | 0 | | |

Fim de cada ciclo no relógio comum (o **último** nó a terminar), ms: 10625.7, 19794.0, 28948.5, 38083.8, 47236.6

Tempo por passo: ciclo 1 **241.49 ms**; ciclos 2–5 **208.02 ms**

Verificação cruzada com o supervisor MONOLÍTICO: **off**

## Verificações

| verificação | esperado | obtido | |
|---|---|---|---|
| decryptions, whole cell | 798 | 798 | ✅ |
| decryptions, whole cell, cycle 1 | 190 | 190 | ✅ |
| outcome | complete | complete | ✅ |
| same fingerprint on every node | 1 | 1 | ✅ |
| oracle PASS on every node | True | True | ✅ |
| crypto self-test PASS on every node | True | True | ✅ |

**TODAS AS VERIFICAÇÕES PASSARAM**


################ fms-3  (repetição 3/5)
== build skipped (DES_SKIP_BUILD=1): using the existing image
== run: node1 node2 node3
 Network docker-des_cell Creating 
 Network docker-des_cell Creating 
 Network docker-des_cell Created 
 Network docker-des_cell Created 
 Container docker-des-node3-1 Creating 
 Container docker-des-node2-1 Creating 
 Container docker-des-node1-1 Creating 
 Container docker-des-node3-1 Created 
 Container docker-des-node2-1 Created 
 Container docker-des-node1-1 Created 
 Container docker-des-node2-1 Starting 
 Container docker-des-node3-1 Starting 
 Container docker-des-node1-1 Starting 
 Container docker-des-node2-1 Started 
 Container docker-des-node3-1 Started 
 Container docker-des-node1-1 Started 
== collect -> results/20260927-200439-varredura/20260927-202812-fms-3
# Execução `20260927-202812-fms-3`

- problema `fms`, família `LMOD`, **3 containers**, UDP multicast
- 5 ciclos × 44 passos = 220 passos; **220 executados**, 0 pulados
- impressão digital da configuração: `04d74714`
- RTT de aplicação (nó 1, 20 sondas): média 4.30 ms, mín 2.57, máx 5.34
- resultado: **complete**

| nó | supervisores | saída | disparou (local/ctrl/unctrl) | aplicou p/ pares | decifrações (ciclo 1) | HE total ms | quadros tx/rx | retx | oráculo | halt |
|---|---|---|---|---|---|---|---|---|---|---|
| 1 | S0 S1 S2 | 0 | 60/40/40 | 0 | 302 (62) | 21091.7 | 150/598 | 0 | PASS | não |
| 2 | S3 S4 | 0 | 20/20/10 | 80 | 217 (49) | 15148.0 | 286/462 | 0 | PASS | não |
| 3 | S5 S6 | 0 | 30/0/0 | 110 | 279 (79) | 19537.0 | 312/436 | 0 | PASS | não |
| **total** | | | | | **798 (190)** | 55776.7 | 748/1496 | 0 | | |

Fim de cada ciclo no relógio comum (o **último** nó a terminar), ms: 6624.1, 11578.1, 16529.0, 21476.4, 26426.4

Tempo por passo: ciclo 1 **150.55 ms**; ciclos 2–5 **112.51 ms**

Verificação cruzada com o supervisor MONOLÍTICO: **off**

## Verificações

| verificação | esperado | obtido | |
|---|---|---|---|
| decryptions, whole cell | 798 | 798 | ✅ |
| decryptions, whole cell, cycle 1 | 190 | 190 | ✅ |
| outcome | complete | complete | ✅ |
| same fingerprint on every node | 1 | 1 | ✅ |
| oracle PASS on every node | True | True | ✅ |
| crypto self-test PASS on every node | True | True | ✅ |

**TODAS AS VERIFICAÇÕES PASSARAM**


################ fms-3-s5  (repetição 3/5)
== build skipped (DES_SKIP_BUILD=1): using the existing image
== run: node1 node2 node3
 Network docker-des_cell Creating 
 Network docker-des_cell Creating 
 Network docker-des_cell Created 
 Network docker-des_cell Created 
 Container docker-des-node3-1 Creating 
 Container docker-des-node2-1 Creating 
 Container docker-des-node1-1 Creating 
 Container docker-des-node3-1 Created 
 Container docker-des-node1-1 Created 
 Container docker-des-node2-1 Created 
 Container docker-des-node2-1 Starting 
 Container docker-des-node3-1 Starting 
 Container docker-des-node1-1 Starting 
 Container docker-des-node2-1 Started 
 Container docker-des-node3-1 Started 
 Container docker-des-node1-1 Started 
== collect -> results/20260927-200439-varredura/20260927-202858-fms-3-s5
# Execução `20260927-202858-fms-3-s5`

- problema `fms`, família `LMOD`, **3 containers**, UDP multicast
- 5 ciclos × 44 passos = 220 passos; **220 executados**, 0 pulados
- impressão digital da configuração: `6d9dd456`
- RTT de aplicação (nó 1, 20 sondas): média 10.69 ms, mín 2.67, máx 135.02
- resultado: **complete**

| nó | supervisores | saída | disparou (local/ctrl/unctrl) | aplicou p/ pares | decifrações (ciclo 1) | HE total ms | quadros tx/rx | retx | oráculo | halt |
|---|---|---|---|---|---|---|---|---|---|---|
| 1 | S0 S2 S6 | 0 | 70/60/50 | 0 | 351 (79) | 24554.1 | 200/652 | 0 | PASS | não |
| 2 | S1 S3 S4 | 0 | 40/0/0 | 110 | 318 (70) | 22154.9 | 321/531 | 0 | PASS | não |
| 3 | S5 | 0 | 0/0/0 | 110 | 129 (41) | 9005.2 | 331/521 | 0 | PASS | não |
| **total** | | | | | **798 (190)** | 55714.2 | 852/1704 | 0 | | |

Fim de cada ciclo no relógio comum (o **último** nó a terminar), ms: 6363.7, 11582.3, 16821.6, 22054.6, 27268.2

Tempo por passo: ciclo 1 **144.63 ms**; ciclos 2–5 **118.78 ms**

Verificação cruzada com o supervisor MONOLÍTICO: **off**

## Verificações

| verificação | esperado | obtido | |
|---|---|---|---|
| decryptions, whole cell | 798 | 798 | ✅ |
| decryptions, whole cell, cycle 1 | 190 | 190 | ✅ |
| outcome | complete | complete | ✅ |
| same fingerprint on every node | 1 | 1 | ✅ |
| oracle PASS on every node | True | True | ✅ |
| crypto self-test PASS on every node | True | True | ✅ |

**TODAS AS VERIFICAÇÕES PASSARAM**


################ fms-4  (repetição 3/5)
== build skipped (DES_SKIP_BUILD=1): using the existing image
== run: node1 node2 node3 node4
 Network docker-des_cell Creating 
 Network docker-des_cell Creating 
 Network docker-des_cell Created 
 Network docker-des_cell Created 
 Container docker-des-node4-1 Creating 
 Container docker-des-node3-1 Creating 
 Container docker-des-node1-1 Creating 
 Container docker-des-node2-1 Creating 
 Container docker-des-node1-1 Created 
 Container docker-des-node3-1 Created 
 Container docker-des-node4-1 Created 
 Container docker-des-node2-1 Created 
 Container docker-des-node3-1 Starting 
 Container docker-des-node1-1 Starting 
 Container docker-des-node2-1 Starting 
 Container docker-des-node4-1 Starting 
 Container docker-des-node3-1 Started 
 Container docker-des-node1-1 Started 
 Container docker-des-node2-1 Started 
 Container docker-des-node4-1 Started 
== collect -> results/20260927-200439-varredura/20260927-202946-fms-4
# Execução `20260927-202946-fms-4`

- problema `fms`, família `LMOD`, **4 containers**, UDP multicast
- 5 ciclos × 44 passos = 220 passos; **220 executados**, 0 pulados
- impressão digital da configuração: `457cc268`
- RTT de aplicação (nó 1, 20 sondas): média 4.47 ms, mín 2.85, máx 5.76
- resultado: **complete**

| nó | supervisores | saída | disparou (local/ctrl/unctrl) | aplicou p/ pares | decifrações (ciclo 1) | HE total ms | quadros tx/rx | retx | oráculo | halt |
|---|---|---|---|---|---|---|---|---|---|---|
| 1 | S0 S1 | 0 | 40/40/40 | 0 | 202 (42) | 14077.0 | 154/845 | 0 | PASS | não |
| 2 | S2 S3 | 0 | 40/0/0 | 80 | 203 (43) | 14125.2 | 246/753 | 0 | PASS | não |
| 3 | S4 S5 | 0 | 0/20/10 | 80 | 243 (67) | 16947.1 | 285/714 | 0 | PASS | não |
| 4 | S6 | 0 | 30/0/0 | 110 | 150 (38) | 10499.1 | 314/685 | 0 | PASS | não |
| **total** | | | | | **798 (190)** | 55648.4 | 999/2997 | 0 | | |

Fim de cada ciclo no relógio comum (o **último** nó a terminar), ms: 5839.8, 9973.2, 14086.5, 18175.3, 22273.8

Tempo por passo: ciclo 1 **132.72 ms**; ciclos 2–5 **93.38 ms**

Verificação cruzada com o supervisor MONOLÍTICO: **off**

## Verificações

| verificação | esperado | obtido | |
|---|---|---|---|
| decryptions, whole cell | 798 | 798 | ✅ |
| decryptions, whole cell, cycle 1 | 190 | 190 | ✅ |
| outcome | complete | complete | ✅ |
| same fingerprint on every node | 1 | 1 | ✅ |
| oracle PASS on every node | True | True | ✅ |
| crypto self-test PASS on every node | True | True | ✅ |

**TODAS AS VERIFICAÇÕES PASSARAM**


################ fms-4-s5  (repetição 3/5)
== build skipped (DES_SKIP_BUILD=1): using the existing image
== run: node1 node2 node3 node4
 Network docker-des_cell Creating 
 Network docker-des_cell Creating 
 Network docker-des_cell Created 
 Network docker-des_cell Created 
 Container docker-des-node4-1 Creating 
 Container docker-des-node1-1 Creating 
 Container docker-des-node3-1 Creating 
 Container docker-des-node2-1 Creating 
 Container docker-des-node1-1 Created 
 Container docker-des-node2-1 Created 
 Container docker-des-node3-1 Created 
 Container docker-des-node4-1 Created 
 Container docker-des-node1-1 Starting 
 Container docker-des-node4-1 Starting 
 Container docker-des-node3-1 Starting 
 Container docker-des-node2-1 Starting 
 Container docker-des-node1-1 Started 
 Container docker-des-node4-1 Started 
 Container docker-des-node3-1 Started 
 Container docker-des-node2-1 Started 
== collect -> results/20260927-200439-varredura/20260927-203028-fms-4-s5
# Execução `20260927-203028-fms-4-s5`

- problema `fms`, família `LMOD`, **4 containers**, UDP multicast
- 5 ciclos × 44 passos = 220 passos; **220 executados**, 0 pulados
- impressão digital da configuração: `10c88d9b`
- RTT de aplicação (nó 1, 20 sondas): média 3.02 ms, mín 2.26, máx 4.10
- resultado: **complete**

| nó | supervisores | saída | disparou (local/ctrl/unctrl) | aplicou p/ pares | decifrações (ciclo 1) | HE total ms | quadros tx/rx | retx | oráculo | halt |
|---|---|---|---|---|---|---|---|---|---|---|
| 1 | S0 S1 | 0 | 40/40/40 | 0 | 202 (42) | 14090.6 | 158/933 | 0 | PASS | não |
| 2 | S2 S6 | 0 | 50/20/10 | 80 | 250 (58) | 17475.2 | 284/807 | 0 | PASS | não |
| 3 | S3 S4 | 0 | 20/0/0 | 110 | 217 (49) | 15124.1 | 322/769 | 0 | PASS | não |
| 4 | S5 | 0 | 0/0/0 | 110 | 129 (41) | 8996.3 | 327/764 | 0 | PASS | não |
| **total** | | | | | **798 (190)** | 55686.2 | 1091/3273 | 0 | | |

Fim de cada ciclo no relógio comum (o **último** nó a terminar), ms: 5180.2, 9033.6, 12872.3, 16716.0, 20575.8

Tempo por passo: ciclo 1 **117.73 ms**; ciclos 2–5 **87.47 ms**

Verificação cruzada com o supervisor MONOLÍTICO: **off**

## Verificações

| verificação | esperado | obtido | |
|---|---|---|---|
| decryptions, whole cell | 798 | 798 | ✅ |
| decryptions, whole cell, cycle 1 | 190 | 190 | ✅ |
| outcome | complete | complete | ✅ |
| same fingerprint on every node | 1 | 1 | ✅ |
| oracle PASS on every node | True | True | ✅ |
| crypto self-test PASS on every node | True | True | ✅ |

**TODAS AS VERIFICAÇÕES PASSARAM**


################ fms-5  (repetição 3/5)
== build skipped (DES_SKIP_BUILD=1): using the existing image
== run: node1 node2 node3 node4 node5
 Network docker-des_cell Creating 
 Network docker-des_cell Creating 
 Network docker-des_cell Created 
 Network docker-des_cell Created 
 Container docker-des-node5-1 Creating 
 Container docker-des-node3-1 Creating 
 Container docker-des-node4-1 Creating 
 Container docker-des-node1-1 Creating 
 Container docker-des-node2-1 Creating 
 Container docker-des-node5-1 Created 
 Container docker-des-node4-1 Created 
 Container docker-des-node3-1 Created 
 Container docker-des-node2-1 Created 
 Container docker-des-node1-1 Created 
 Container docker-des-node2-1 Starting 
 Container docker-des-node3-1 Starting 
 Container docker-des-node1-1 Starting 
 Container docker-des-node4-1 Starting 
 Container docker-des-node5-1 Starting 
 Container docker-des-node2-1 Started 
 Container docker-des-node3-1 Started 
 Container docker-des-node1-1 Started 
 Container docker-des-node4-1 Started 
 Container docker-des-node5-1 Started 
== collect -> results/20260927-200439-varredura/20260927-203109-fms-5
# Execução `20260927-203109-fms-5`

- problema `fms`, família `LMOD`, **5 containers**, UDP multicast
- 5 ciclos × 44 passos = 220 passos; **220 executados**, 0 pulados
- impressão digital da configuração: `6f43d6b9`
- RTT de aplicação (nó 1, 20 sondas): média 4.65 ms, mín 4.22, máx 6.10
- resultado: **complete**

| nó | supervisores | saída | disparou (local/ctrl/unctrl) | aplicou p/ pares | decifrações (ciclo 1) | HE total ms | quadros tx/rx | retx | oráculo | halt |
|---|---|---|---|---|---|---|---|---|---|---|
| 1 | S0 S1 | 0 | 40/40/40 | 0 | 202 (42) | 14102.0 | 155/1176 | 0 | PASS | não |
| 2 | S2 | 0 | 20/0/0 | 80 | 100 (20) | 6970.0 | 249/1082 | 0 | PASS | não |
| 3 | S3 S4 | 0 | 20/20/10 | 80 | 217 (49) | 15142.5 | 286/1045 | 0 | PASS | não |
| 4 | S5 | 0 | 0/0/0 | 110 | 129 (41) | 9009.7 | 325/1006 | 0 | PASS | não |
| 5 | S6 | 0 | 30/0/0 | 110 | 150 (38) | 10516.5 | 316/1015 | 0 | PASS | não |
| **total** | | | | | **798 (190)** | 55740.7 | 1331/5324 | 0 | | |

Fim de cada ciclo no relógio comum (o **último** nó a terminar), ms: 4763.1, 8401.3, 12045.9, 15691.5, 19327.6

Tempo por passo: ciclo 1 **108.25 ms**; ciclos 2–5 **82.75 ms**

Verificação cruzada com o supervisor MONOLÍTICO: **off**

## Verificações

| verificação | esperado | obtido | |
|---|---|---|---|
| decryptions, whole cell | 798 | 798 | ✅ |
| decryptions, whole cell, cycle 1 | 190 | 190 | ✅ |
| outcome | complete | complete | ✅ |
| same fingerprint on every node | 1 | 1 | ✅ |
| oracle PASS on every node | True | True | ✅ |
| crypto self-test PASS on every node | True | True | ✅ |

**TODAS AS VERIFICAÇÕES PASSARAM**


################ fms-5-s5  (repetição 3/5)
== build skipped (DES_SKIP_BUILD=1): using the existing image
== run: node1 node2 node3 node4 node5
 Network docker-des_cell Creating 
 Network docker-des_cell Creating 
 Network docker-des_cell Created 
 Network docker-des_cell Created 
 Container docker-des-node5-1 Creating 
 Container docker-des-node3-1 Creating 
 Container docker-des-node1-1 Creating 
 Container docker-des-node2-1 Creating 
 Container docker-des-node4-1 Creating 
 Container docker-des-node2-1 Created 
 Container docker-des-node4-1 Created 
 Container docker-des-node3-1 Created 
 Container docker-des-node5-1 Created 
 Container docker-des-node1-1 Created 
 Container docker-des-node2-1 Starting 
 Container docker-des-node5-1 Starting 
 Container docker-des-node4-1 Starting 
 Container docker-des-node1-1 Starting 
 Container docker-des-node3-1 Starting 
 Container docker-des-node2-1 Started 
 Container docker-des-node5-1 Started 
 Container docker-des-node4-1 Started 
 Container docker-des-node1-1 Started 
 Container docker-des-node3-1 Started 
== collect -> results/20260927-200439-varredura/20260927-203149-fms-5-s5
# Execução `20260927-203149-fms-5-s5`

- problema `fms`, família `LMOD`, **5 containers**, UDP multicast
- 5 ciclos × 44 passos = 220 passos; **220 executados**, 0 pulados
- impressão digital da configuração: `81f89049`
- RTT de aplicação (nó 1, 20 sondas): média 4.83 ms, mín 4.21, máx 5.95
- resultado: **complete**

| nó | supervisores | saída | disparou (local/ctrl/unctrl) | aplicou p/ pares | decifrações (ciclo 1) | HE total ms | quadros tx/rx | retx | oráculo | halt |
|---|---|---|---|---|---|---|---|---|---|---|
| 1 | S0 S1 | 0 | 40/40/40 | 0 | 202 (42) | 14090.0 | 154/1177 | 0 | PASS | não |
| 2 | S2 S3 | 0 | 40/0/0 | 80 | 203 (43) | 14139.1 | 244/1087 | 0 | PASS | não |
| 3 | S4 | 0 | 0/20/10 | 80 | 114 (26) | 7954.0 | 290/1041 | 0 | PASS | não |
| 4 | S6 | 0 | 30/0/0 | 110 | 150 (38) | 10494.9 | 317/1014 | 0 | PASS | não |
| 5 | S5 | 0 | 0/0/0 | 110 | 129 (41) | 9003.6 | 326/1005 | 0 | PASS | não |
| **total** | | | | | **798 (190)** | 55681.6 | 1331/5324 | 0 | | |

Fim de cada ciclo no relógio comum (o **último** nó a terminar), ms: 4744.8, 8440.1, 12137.1, 15835.0, 19521.9

Tempo por passo: ciclo 1 **107.84 ms**; ciclos 2–5 **83.96 ms**

Verificação cruzada com o supervisor MONOLÍTICO: **off**

## Verificações

| verificação | esperado | obtido | |
|---|---|---|---|
| decryptions, whole cell | 798 | 798 | ✅ |
| decryptions, whole cell, cycle 1 | 190 | 190 | ✅ |
| outcome | complete | complete | ✅ |
| same fingerprint on every node | 1 | 1 | ✅ |
| oracle PASS on every node | True | True | ✅ |
| crypto self-test PASS on every node | True | True | ✅ |

**TODAS AS VERIFICAÇÕES PASSARAM**


################ fms-6  (repetição 3/5)
== build skipped (DES_SKIP_BUILD=1): using the existing image
== run: node1 node2 node3 node4 node5 node6
 Network docker-des_cell Creating 
 Network docker-des_cell Creating 
 Network docker-des_cell Created 
 Network docker-des_cell Created 
 Container docker-des-node6-1 Creating 
 Container docker-des-node4-1 Creating 
 Container docker-des-node1-1 Creating 
 Container docker-des-node5-1 Creating 
 Container docker-des-node2-1 Creating 
 Container docker-des-node3-1 Creating 
 Container docker-des-node5-1 Created 
 Container docker-des-node2-1 Created 
 Container docker-des-node6-1 Created 
 Container docker-des-node3-1 Created 
 Container docker-des-node4-1 Created 
 Container docker-des-node1-1 Created 
 Container docker-des-node2-1 Starting 
 Container docker-des-node5-1 Starting 
 Container docker-des-node4-1 Starting 
 Container docker-des-node3-1 Starting 
 Container docker-des-node6-1 Starting 
 Container docker-des-node1-1 Starting 
 Container docker-des-node2-1 Started 
 Container docker-des-node5-1 Started 
 Container docker-des-node4-1 Started 
 Container docker-des-node3-1 Started 
 Container docker-des-node6-1 Started 
 Container docker-des-node1-1 Started 
== collect -> results/20260927-200439-varredura/20260927-203229-fms-6
# Execução `20260927-203229-fms-6`

- problema `fms`, família `LMOD`, **6 containers**, UDP multicast
- 5 ciclos × 44 passos = 220 passos; **220 executados**, 0 pulados
- impressão digital da configuração: `8d540ec9`
- RTT de aplicação (nó 1, 20 sondas): média 4.83 ms, mín 3.58, máx 6.15
- resultado: **complete**

| nó | supervisores | saída | disparou (local/ctrl/unctrl) | aplicou p/ pares | decifrações (ciclo 1) | HE total ms | quadros tx/rx | retx | oráculo | halt |
|---|---|---|---|---|---|---|---|---|---|---|
| 1 | S0 S1 | 0 | 40/40/40 | 0 | 202 (42) | 14111.1 | 156/1445 | 0 | PASS | não |
| 2 | S2 | 0 | 20/0/0 | 80 | 100 (20) | 6973.3 | 253/1348 | 0 | PASS | não |
| 3 | S3 | 0 | 20/0/0 | 80 | 103 (23) | 7191.5 | 249/1352 | 0 | PASS | não |
| 4 | S4 | 0 | 0/20/10 | 80 | 114 (26) | 7971.4 | 294/1307 | 0 | PASS | não |
| 5 | S5 | 0 | 0/0/0 | 110 | 129 (41) | 9028.0 | 330/1271 | 0 | PASS | não |
| 6 | S6 | 0 | 30/0/0 | 110 | 150 (38) | 10531.7 | 319/1282 | 0 | PASS | não |
| **total** | | | | | **798 (190)** | 55807.0 | 1601/8005 | 0 | | |

Fim de cada ciclo no relógio comum (o **último** nó a terminar), ms: 4363.4, 7763.0, 11153.6, 14558.1, 17962.9

Tempo por passo: ciclo 1 **99.17 ms**; ciclos 2–5 **77.27 ms**

Verificação cruzada com o supervisor MONOLÍTICO: **off**

## Verificações

| verificação | esperado | obtido | |
|---|---|---|---|
| decryptions, whole cell | 798 | 798 | ✅ |
| decryptions, whole cell, cycle 1 | 190 | 190 | ✅ |
| outcome | complete | complete | ✅ |
| same fingerprint on every node | 1 | 1 | ✅ |
| oracle PASS on every node | True | True | ✅ |
| crypto self-test PASS on every node | True | True | ✅ |

**TODAS AS VERIFICAÇÕES PASSARAM**


################ fms-6-s5  (repetição 3/5)
== build skipped (DES_SKIP_BUILD=1): using the existing image
== run: node1 node2 node3 node4 node5 node6
 Network docker-des_cell Creating 
 Network docker-des_cell Creating 
 Network docker-des_cell Created 
 Network docker-des_cell Created 
 Container docker-des-node6-1 Creating 
 Container docker-des-node5-1 Creating 
 Container docker-des-node1-1 Creating 
 Container docker-des-node4-1 Creating 
 Container docker-des-node3-1 Creating 
 Container docker-des-node2-1 Creating 
 Container docker-des-node5-1 Created 
 Container docker-des-node2-1 Created 
 Container docker-des-node4-1 Created 
 Container docker-des-node3-1 Created 
 Container docker-des-node1-1 Created 
 Container docker-des-node6-1 Created 
 Container docker-des-node6-1 Starting 
 Container docker-des-node2-1 Starting 
 Container docker-des-node1-1 Starting 
 Container docker-des-node3-1 Starting 
 Container docker-des-node4-1 Starting 
 Container docker-des-node5-1 Starting 
 Container docker-des-node6-1 Started 
 Container docker-des-node2-1 Started 
 Container docker-des-node1-1 Started 
 Container docker-des-node3-1 Started 
 Container docker-des-node4-1 Started 
 Container docker-des-node5-1 Started 
== collect -> results/20260927-200439-varredura/20260927-203308-fms-6-s5
# Execução `20260927-203308-fms-6-s5`

- problema `fms`, família `LMOD`, **6 containers**, UDP multicast
- 5 ciclos × 44 passos = 220 passos; **220 executados**, 0 pulados
- impressão digital da configuração: `22301a79`
- RTT de aplicação (nó 1, 20 sondas): média 10.79 ms, mín 2.43, máx 141.99
- resultado: **complete**

| nó | supervisores | saída | disparou (local/ctrl/unctrl) | aplicou p/ pares | decifrações (ciclo 1) | HE total ms | quadros tx/rx | retx | oráculo | halt |
|---|---|---|---|---|---|---|---|---|---|---|
| 1 | S0 S2 | 0 | 40/40/40 | 0 | 201 (41) | 14033.1 | 158/1440 | 0 | PASS | não |
| 2 | S1 | 0 | 20/0/0 | 80 | 101 (21) | 7046.9 | 251/1347 | 0 | PASS | não |
| 3 | S3 | 0 | 20/0/0 | 80 | 103 (23) | 7187.3 | 249/1349 | 0 | PASS | não |
| 4 | S4 | 0 | 0/20/10 | 80 | 114 (26) | 7970.0 | 292/1306 | 0 | PASS | não |
| 5 | S6 | 0 | 30/0/0 | 110 | 150 (38) | 10525.2 | 318/1280 | 0 | PASS | não |
| 6 | S5 | 0 | 0/0/0 | 110 | 129 (41) | 9026.2 | 330/1268 | 0 | PASS | não |
| **total** | | | | | **798 (190)** | 55788.7 | 1598/7990 | 0 | | |

Fim de cada ciclo no relógio comum (o **último** nó a terminar), ms: 4260.8, 7666.1, 11079.3, 14481.1, 17892.1

Tempo por passo: ciclo 1 **96.84 ms**; ciclos 2–5 **77.45 ms**

Verificação cruzada com o supervisor MONOLÍTICO: **off**

## Verificações

| verificação | esperado | obtido | |
|---|---|---|---|
| decryptions, whole cell | 798 | 798 | ✅ |
| decryptions, whole cell, cycle 1 | 190 | 190 | ✅ |
| outcome | complete | complete | ✅ |
| same fingerprint on every node | 1 | 1 | ✅ |
| oracle PASS on every node | True | True | ✅ |
| crypto self-test PASS on every node | True | True | ✅ |

**TODAS AS VERIFICAÇÕES PASSARAM**


################ fms-7  (repetição 3/5)
== build skipped (DES_SKIP_BUILD=1): using the existing image
== run: node1 node2 node3 node4 node5 node6 node7
 Network docker-des_cell Creating 
 Network docker-des_cell Creating 
 Network docker-des_cell Created 
 Network docker-des_cell Created 
 Container docker-des-node7-1 Creating 
 Container docker-des-node1-1 Creating 
 Container docker-des-node5-1 Creating 
 Container docker-des-node2-1 Creating 
 Container docker-des-node4-1 Creating 
 Container docker-des-node3-1 Creating 
 Container docker-des-node6-1 Creating 
 Container docker-des-node5-1 Created 
 Container docker-des-node6-1 Created 
 Container docker-des-node4-1 Created 
 Container docker-des-node1-1 Created 
 Container docker-des-node3-1 Created 
 Container docker-des-node2-1 Created 
 Container docker-des-node7-1 Created 
 Container docker-des-node4-1 Starting 
 Container docker-des-node7-1 Starting 
 Container docker-des-node6-1 Starting 
 Container docker-des-node5-1 Starting 
 Container docker-des-node1-1 Starting 
 Container docker-des-node3-1 Starting 
 Container docker-des-node2-1 Starting 
 Container docker-des-node4-1 Started 
 Container docker-des-node7-1 Started 
 Container docker-des-node6-1 Started 
 Container docker-des-node5-1 Started 
 Container docker-des-node1-1 Started 
 Container docker-des-node3-1 Started 
 Container docker-des-node2-1 Started 
== collect -> results/20260927-200439-varredura/20260927-203347-fms-7
# Execução `20260927-203347-fms-7`

- problema `fms`, família `LMOD`, **7 containers**, UDP multicast
- 5 ciclos × 44 passos = 220 passos; **220 executados**, 0 pulados
- impressão digital da configuração: `04511541`
- RTT de aplicação (nó 1, 20 sondas): média 11.11 ms, mín 4.28, máx 130.77
- resultado: **complete**

| nó | supervisores | saída | disparou (local/ctrl/unctrl) | aplicou p/ pares | decifrações (ciclo 1) | HE total ms | quadros tx/rx | retx | oráculo | halt |
|---|---|---|---|---|---|---|---|---|---|---|
| 1 | S0 | 0 | 20/40/40 | 0 | 101 (21) | 7059.7 | 159/1683 | 0 | PASS | não |
| 2 | S1 | 0 | 20/0/0 | 80 | 101 (21) | 7052.4 | 245/1596 | 0 | PASS | não |
| 3 | S2 | 0 | 20/0/0 | 80 | 100 (20) | 6983.4 | 246/1596 | 0 | PASS | não |
| 4 | S3 | 0 | 20/0/0 | 80 | 103 (23) | 7193.6 | 252/1590 | 0 | PASS | não |
| 5 | S4 | 0 | 0/20/10 | 80 | 114 (26) | 7984.3 | 293/1549 | 0 | PASS | não |
| 6 | S5 | 0 | 0/0/0 | 110 | 129 (41) | 9044.3 | 327/1515 | 0 | PASS | não |
| 7 | S6 | 0 | 30/0/0 | 110 | 150 (38) | 10557.6 | 320/1522 | 0 | PASS | não |
| **total** | | | | | **798 (190)** | 55875.3 | 1842/11051 | 0 | | |

Fim de cada ciclo no relógio comum (o **último** nó a terminar), ms: 3974.1, 6682.2, 9394.3, 12099.6, 14802.1

Tempo por passo: ciclo 1 **90.32 ms**; ciclos 2–5 **61.52 ms**

Verificação cruzada com o supervisor MONOLÍTICO: **off**

## Verificações

| verificação | esperado | obtido | |
|---|---|---|---|
| config fingerprint | 04511541 | 04511541 | ✅ |
| decryptions, whole cell | 798 | 798 | ✅ |
| decryptions, whole cell, cycle 1 | 190 | 190 | ✅ |
| outcome | complete | complete | ✅ |
| same fingerprint on every node | 1 | 1 | ✅ |
| oracle PASS on every node | True | True | ✅ |
| crypto self-test PASS on every node | True | True | ✅ |

**TODAS AS VERIFICAÇÕES PASSARAM**


################ fms-1  (repetição 4/5)
== build skipped (DES_SKIP_BUILD=1): using the existing image
== run: node1
 Network docker-des_cell Creating 
 Network docker-des_cell Creating 
 Network docker-des_cell Created 
 Network docker-des_cell Created 
 Container docker-des-node1-1 Creating 
 Container docker-des-node1-1 Created 
 Container docker-des-node1-1 Starting 
 Container docker-des-node1-1 Started 
== collect -> results/20260927-200439-varredura/20260927-203423-fms-1
# Execução `20260927-203423-fms-1`

- problema `fms`, família `LMOD`, **1 containers**, UDP multicast
- 5 ciclos × 44 passos = 220 passos; **220 executados**, 0 pulados
- impressão digital da configuração: `3f2beff2`
- resultado: **complete**

| nó | supervisores | saída | disparou (local/ctrl/unctrl) | aplicou p/ pares | decifrações (ciclo 1) | HE total ms | quadros tx/rx | retx | oráculo | halt |
|---|---|---|---|---|---|---|---|---|---|---|
| 1 | S0 S1 S2 S3 S4 S5 S6 | 0 | 220/0/0 | 0 | 798 (190) | 55852.9 | 0/0 | 0 | PASS | não |
| **total** | | | | | **798 (190)** | 55852.9 | 0/0 | 0 | | |

Fim de cada ciclo no relógio comum (o **último** nó a terminar), ms: 13432.9, 24059.2, 34696.0, 45274.8, 55907.9

Tempo por passo: ciclo 1 **305.29 ms**; ciclos 2–5 **241.34 ms**

Verificação cruzada com o supervisor MONOLÍTICO: **off**

## Verificações

| verificação | esperado | obtido | |
|---|---|---|---|
| config fingerprint | 3f2beff2 | 3f2beff2 | ✅ |
| decryptions, whole cell | 798 | 798 | ✅ |
| decryptions, whole cell, cycle 1 | 190 | 190 | ✅ |
| outcome | complete | complete | ✅ |
| same fingerprint on every node | 1 | 1 | ✅ |
| oracle PASS on every node | True | True | ✅ |
| crypto self-test PASS on every node | True | True | ✅ |

**TODAS AS VERIFICAÇÕES PASSARAM**


################ fms-2  (repetição 4/5)
== build skipped (DES_SKIP_BUILD=1): using the existing image
== run: node1 node2
 Network docker-des_cell Creating 
 Network docker-des_cell Creating 
 Network docker-des_cell Created 
 Network docker-des_cell Created 
 Container docker-des-node2-1 Creating 
 Container docker-des-node1-1 Creating 
 Container docker-des-node1-1 Created 
 Container docker-des-node2-1 Created 
 Container docker-des-node1-1 Starting 
 Container docker-des-node2-1 Starting 
 Container docker-des-node1-1 Started 
 Container docker-des-node2-1 Started 
== collect -> results/20260927-200439-varredura/20260927-203540-fms-2
# Execução `20260927-203540-fms-2`

- problema `fms`, família `LMOD`, **2 containers**, UDP multicast
- 5 ciclos × 44 passos = 220 passos; **220 executados**, 0 pulados
- impressão digital da configuração: `edbd7971`
- RTT de aplicação (nó 1, 20 sondas): média 2.71 ms, mín 2.27, máx 3.61
- resultado: **complete**

| nó | supervisores | saída | disparou (local/ctrl/unctrl) | aplicou p/ pares | decifrações (ciclo 1) | HE total ms | quadros tx/rx | retx | oráculo | halt |
|---|---|---|---|---|---|---|---|---|---|---|
| 1 | S0 S1 S2 S3 | 0 | 80/40/40 | 0 | 405 (85) | 28257.1 | 150/230 | 0 | PASS | não |
| 2 | S4 S5 S6 | 0 | 60/0/0 | 80 | 393 (105) | 27491.3 | 230/150 | 0 | PASS | não |
| **total** | | | | | **798 (190)** | 55748.4 | 380/380 | 0 | | |

Fim de cada ciclo no relógio comum (o **último** nó a terminar), ms: 8651.2, 15225.7, 21746.3, 28308.7, 34871.8

Tempo por passo: ciclo 1 **196.62 ms**; ciclos 2–5 **148.98 ms**

Verificação cruzada com o supervisor MONOLÍTICO: **off**

## Verificações

| verificação | esperado | obtido | |
|---|---|---|---|
| config fingerprint | edbd7971 | edbd7971 | ✅ |
| decryptions per node | 405 393 | 405 393 | ✅ |
| decryptions per node, cycle 1 | 85 105 | 85 105 | ✅ |
| decryptions, whole cell | 798 | 798 | ✅ |
| decryptions, whole cell, cycle 1 | 190 | 190 | ✅ |
| outcome | complete | complete | ✅ |
| same fingerprint on every node | 1 | 1 | ✅ |
| oracle PASS on every node | True | True | ✅ |
| crypto self-test PASS on every node | True | True | ✅ |

**TODAS AS VERIFICAÇÕES PASSARAM**


################ fms-2-s5  (repetição 4/5)
== build skipped (DES_SKIP_BUILD=1): using the existing image
== run: node1 node2
 Network docker-des_cell Creating 
 Network docker-des_cell Creating 
 Network docker-des_cell Created 
 Network docker-des_cell Created 
 Container docker-des-node2-1 Creating 
 Container docker-des-node1-1 Creating 
 Container docker-des-node1-1 Created 
 Container docker-des-node2-1 Created 
 Container docker-des-node2-1 Starting 
 Container docker-des-node1-1 Starting 
 Container docker-des-node2-1 Started 
 Container docker-des-node1-1 Started 
== collect -> results/20260927-200439-varredura/20260927-203634-fms-2-s5
# Execução `20260927-203634-fms-2-s5`

- problema `fms`, família `LMOD`, **2 containers**, UDP multicast
- 5 ciclos × 44 passos = 220 passos; **220 executados**, 0 pulados
- impressão digital da configuração: `52c9a503`
- RTT de aplicação (nó 1, 20 sondas): média 4.26 ms, mín 2.76, máx 6.02
- resultado: **complete**

| nó | supervisores | saída | disparou (local/ctrl/unctrl) | aplicou p/ pares | decifrações (ciclo 1) | HE total ms | quadros tx/rx | retx | oráculo | halt |
|---|---|---|---|---|---|---|---|---|---|---|
| 1 | S0 S1 S2 S3 S4 S6 | 0 | 110/60/50 | 0 | 669 (149) | 46736.8 | 198/423 | 0 | PASS | não |
| 2 | S5 | 0 | 0/0/0 | 110 | 129 (41) | 9013.6 | 423/198 | 0 | PASS | não |
| **total** | | | | | **798 (190)** | 55750.4 | 621/621 | 0 | | |

Fim de cada ciclo no relógio comum (o **último** nó a terminar), ms: 10656.1, 19815.5, 28960.1, 38095.9, 47265.2

Tempo por passo: ciclo 1 **242.18 ms**; ciclos 2–5 **208.01 ms**

Verificação cruzada com o supervisor MONOLÍTICO: **off**

## Verificações

| verificação | esperado | obtido | |
|---|---|---|---|
| decryptions, whole cell | 798 | 798 | ✅ |
| decryptions, whole cell, cycle 1 | 190 | 190 | ✅ |
| outcome | complete | complete | ✅ |
| same fingerprint on every node | 1 | 1 | ✅ |
| oracle PASS on every node | True | True | ✅ |
| crypto self-test PASS on every node | True | True | ✅ |

**TODAS AS VERIFICAÇÕES PASSARAM**


################ fms-3  (repetição 4/5)
== build skipped (DES_SKIP_BUILD=1): using the existing image
== run: node1 node2 node3
 Network docker-des_cell Creating 
 Network docker-des_cell Creating 
 Network docker-des_cell Created 
 Network docker-des_cell Created 
 Container docker-des-node3-1 Creating 
 Container docker-des-node2-1 Creating 
 Container docker-des-node1-1 Creating 
 Container docker-des-node1-1 Created 
 Container docker-des-node3-1 Created 
 Container docker-des-node2-1 Created 
 Container docker-des-node1-1 Starting 
 Container docker-des-node2-1 Starting 
 Container docker-des-node3-1 Starting 
 Container docker-des-node1-1 Started 
 Container docker-des-node2-1 Started 
 Container docker-des-node3-1 Started 
== collect -> results/20260927-200439-varredura/20260927-203744-fms-3
# Execução `20260927-203744-fms-3`

- problema `fms`, família `LMOD`, **3 containers**, UDP multicast
- 5 ciclos × 44 passos = 220 passos; **220 executados**, 0 pulados
- impressão digital da configuração: `04d74714`
- RTT de aplicação (nó 1, 20 sondas): média 3.82 ms, mín 2.47, máx 4.88
- resultado: **complete**

| nó | supervisores | saída | disparou (local/ctrl/unctrl) | aplicou p/ pares | decifrações (ciclo 1) | HE total ms | quadros tx/rx | retx | oráculo | halt |
|---|---|---|---|---|---|---|---|---|---|---|
| 1 | S0 S1 S2 | 0 | 60/40/40 | 0 | 302 (62) | 21076.5 | 152/598 | 0 | PASS | não |
| 2 | S3 S4 | 0 | 20/20/10 | 80 | 217 (49) | 15138.5 | 286/464 | 0 | PASS | não |
| 3 | S5 S6 | 0 | 30/0/0 | 110 | 279 (79) | 19525.5 | 312/438 | 0 | PASS | não |
| **total** | | | | | **798 (190)** | 55740.5 | 750/1500 | 0 | | |

Fim de cada ciclo no relógio comum (o **último** nó a terminar), ms: 6604.6, 11557.8, 16514.9, 21453.3, 26389.7

Tempo por passo: ciclo 1 **150.10 ms**; ciclos 2–5 **112.42 ms**

Verificação cruzada com o supervisor MONOLÍTICO: **off**

## Verificações

| verificação | esperado | obtido | |
|---|---|---|---|
| decryptions, whole cell | 798 | 798 | ✅ |
| decryptions, whole cell, cycle 1 | 190 | 190 | ✅ |
| outcome | complete | complete | ✅ |
| same fingerprint on every node | 1 | 1 | ✅ |
| oracle PASS on every node | True | True | ✅ |
| crypto self-test PASS on every node | True | True | ✅ |

**TODAS AS VERIFICAÇÕES PASSARAM**


################ fms-3-s5  (repetição 4/5)
== build skipped (DES_SKIP_BUILD=1): using the existing image
== run: node1 node2 node3
 Network docker-des_cell Creating 
 Network docker-des_cell Creating 
 Network docker-des_cell Created 
 Network docker-des_cell Created 
 Container docker-des-node3-1 Creating 
 Container docker-des-node2-1 Creating 
 Container docker-des-node1-1 Creating 
 Container docker-des-node3-1 Created 
 Container docker-des-node2-1 Created 
 Container docker-des-node1-1 Created 
 Container docker-des-node2-1 Starting 
 Container docker-des-node3-1 Starting 
 Container docker-des-node1-1 Starting 
 Container docker-des-node2-1 Started 
 Container docker-des-node3-1 Started 
 Container docker-des-node1-1 Started 
== collect -> results/20260927-200439-varredura/20260927-203830-fms-3-s5
# Execução `20260927-203830-fms-3-s5`

- problema `fms`, família `LMOD`, **3 containers**, UDP multicast
- 5 ciclos × 44 passos = 220 passos; **220 executados**, 0 pulados
- impressão digital da configuração: `6d9dd456`
- RTT de aplicação (nó 1, 20 sondas): média 4.49 ms, mín 2.37, máx 19.65
- resultado: **complete**

| nó | supervisores | saída | disparou (local/ctrl/unctrl) | aplicou p/ pares | decifrações (ciclo 1) | HE total ms | quadros tx/rx | retx | oráculo | halt |
|---|---|---|---|---|---|---|---|---|---|---|
| 1 | S0 S2 S6 | 0 | 70/60/50 | 0 | 351 (79) | 24573.2 | 200/650 | 0 | PASS | não |
| 2 | S1 S3 S4 | 0 | 40/0/0 | 110 | 318 (70) | 22173.6 | 320/530 | 0 | PASS | não |
| 3 | S5 | 0 | 0/0/0 | 110 | 129 (41) | 9010.5 | 330/520 | 0 | PASS | não |
| **total** | | | | | **798 (190)** | 55757.3 | 850/1700 | 0 | | |

Fim de cada ciclo no relógio comum (o **último** nó a terminar), ms: 6370.4, 11613.1, 16866.3, 22108.3, 27358.5

Tempo por passo: ciclo 1 **144.78 ms**; ciclos 2–5 **119.25 ms**

Verificação cruzada com o supervisor MONOLÍTICO: **off**

## Verificações

| verificação | esperado | obtido | |
|---|---|---|---|
| decryptions, whole cell | 798 | 798 | ✅ |
| decryptions, whole cell, cycle 1 | 190 | 190 | ✅ |
| outcome | complete | complete | ✅ |
| same fingerprint on every node | 1 | 1 | ✅ |
| oracle PASS on every node | True | True | ✅ |
| crypto self-test PASS on every node | True | True | ✅ |

**TODAS AS VERIFICAÇÕES PASSARAM**


################ fms-4  (repetição 4/5)
== build skipped (DES_SKIP_BUILD=1): using the existing image
== run: node1 node2 node3 node4
 Network docker-des_cell Creating 
 Network docker-des_cell Creating 
 Network docker-des_cell Created 
 Network docker-des_cell Created 
 Container docker-des-node4-1 Creating 
 Container docker-des-node1-1 Creating 
 Container docker-des-node3-1 Creating 
 Container docker-des-node2-1 Creating 
 Container docker-des-node1-1 Created 
 Container docker-des-node3-1 Created 
 Container docker-des-node4-1 Created 
 Container docker-des-node2-1 Created 
 Container docker-des-node1-1 Starting 
 Container docker-des-node3-1 Starting 
 Container docker-des-node4-1 Starting 
 Container docker-des-node2-1 Starting 
 Container docker-des-node1-1 Started 
 Container docker-des-node3-1 Started 
 Container docker-des-node4-1 Started 
 Container docker-des-node2-1 Started 
== collect -> results/20260927-200439-varredura/20260927-203918-fms-4
# Execução `20260927-203918-fms-4`

- problema `fms`, família `LMOD`, **4 containers**, UDP multicast
- 5 ciclos × 44 passos = 220 passos; **220 executados**, 0 pulados
- impressão digital da configuração: `457cc268`
- RTT de aplicação (nó 1, 20 sondas): média 4.18 ms, mín 2.72, máx 6.03
- resultado: **complete**

| nó | supervisores | saída | disparou (local/ctrl/unctrl) | aplicou p/ pares | decifrações (ciclo 1) | HE total ms | quadros tx/rx | retx | oráculo | halt |
|---|---|---|---|---|---|---|---|---|---|---|
| 1 | S0 S1 | 0 | 40/40/40 | 0 | 202 (42) | 14235.1 | 155/846 | 0 | PASS | não |
| 2 | S2 S3 | 0 | 40/0/0 | 80 | 203 (43) | 14294.9 | 246/755 | 0 | PASS | não |
| 3 | S4 S5 | 0 | 0/20/10 | 80 | 243 (67) | 17136.6 | 284/717 | 0 | PASS | não |
| 4 | S6 | 0 | 30/0/0 | 110 | 150 (38) | 10584.3 | 316/685 | 0 | PASS | não |
| **total** | | | | | **798 (190)** | 56250.9 | 1001/3003 | 0 | | |

Fim de cada ciclo no relógio comum (o **último** nó a terminar), ms: 5950.7, 10174.2, 14298.1, 18423.2, 22555.7

Tempo por passo: ciclo 1 **135.24 ms**; ciclos 2–5 **94.35 ms**

Verificação cruzada com o supervisor MONOLÍTICO: **off**

## Verificações

| verificação | esperado | obtido | |
|---|---|---|---|
| decryptions, whole cell | 798 | 798 | ✅ |
| decryptions, whole cell, cycle 1 | 190 | 190 | ✅ |
| outcome | complete | complete | ✅ |
| same fingerprint on every node | 1 | 1 | ✅ |
| oracle PASS on every node | True | True | ✅ |
| crypto self-test PASS on every node | True | True | ✅ |

**TODAS AS VERIFICAÇÕES PASSARAM**


################ fms-4-s5  (repetição 4/5)
== build skipped (DES_SKIP_BUILD=1): using the existing image
== run: node1 node2 node3 node4
 Network docker-des_cell Creating 
 Network docker-des_cell Creating 
 Network docker-des_cell Created 
 Network docker-des_cell Created 
 Container docker-des-node4-1 Creating 
 Container docker-des-node3-1 Creating 
 Container docker-des-node1-1 Creating 
 Container docker-des-node2-1 Creating 
 Container docker-des-node3-1 Created 
 Container docker-des-node4-1 Created 
 Container docker-des-node2-1 Created 
 Container docker-des-node1-1 Created 
 Container docker-des-node4-1 Starting 
 Container docker-des-node2-1 Starting 
 Container docker-des-node3-1 Starting 
 Container docker-des-node1-1 Starting 
 Container docker-des-node4-1 Started 
 Container docker-des-node2-1 Started 
 Container docker-des-node3-1 Started 
 Container docker-des-node1-1 Started 
== collect -> results/20260927-200439-varredura/20260927-204000-fms-4-s5
# Execução `20260927-204000-fms-4-s5`

- problema `fms`, família `LMOD`, **4 containers**, UDP multicast
- 5 ciclos × 44 passos = 220 passos; **220 executados**, 0 pulados
- impressão digital da configuração: `10c88d9b`
- RTT de aplicação (nó 1, 20 sondas): média 3.85 ms, mín 2.35, máx 5.06
- resultado: **complete**

| nó | supervisores | saída | disparou (local/ctrl/unctrl) | aplicou p/ pares | decifrações (ciclo 1) | HE total ms | quadros tx/rx | retx | oráculo | halt |
|---|---|---|---|---|---|---|---|---|---|---|
| 1 | S0 S1 | 0 | 40/40/40 | 0 | 202 (42) | 14072.4 | 154/931 | 0 | PASS | não |
| 2 | S2 S6 | 0 | 50/20/10 | 80 | 250 (58) | 17464.7 | 284/801 | 0 | PASS | não |
| 3 | S3 S4 | 0 | 20/0/0 | 110 | 217 (49) | 15111.6 | 320/765 | 0 | PASS | não |
| 4 | S5 | 0 | 0/0/0 | 110 | 129 (41) | 8989.5 | 327/758 | 0 | PASS | não |
| **total** | | | | | **798 (190)** | 55638.2 | 1085/3255 | 0 | | |

Fim de cada ciclo no relógio comum (o **último** nó a terminar), ms: 5160.1, 8995.5, 12827.5, 16676.6, 20526.2

Tempo por passo: ciclo 1 **117.28 ms**; ciclos 2–5 **87.31 ms**

Verificação cruzada com o supervisor MONOLÍTICO: **off**

## Verificações

| verificação | esperado | obtido | |
|---|---|---|---|
| decryptions, whole cell | 798 | 798 | ✅ |
| decryptions, whole cell, cycle 1 | 190 | 190 | ✅ |
| outcome | complete | complete | ✅ |
| same fingerprint on every node | 1 | 1 | ✅ |
| oracle PASS on every node | True | True | ✅ |
| crypto self-test PASS on every node | True | True | ✅ |

**TODAS AS VERIFICAÇÕES PASSARAM**


################ fms-5  (repetição 4/5)
== build skipped (DES_SKIP_BUILD=1): using the existing image
== run: node1 node2 node3 node4 node5
 Network docker-des_cell Creating 
 Network docker-des_cell Creating 
 Network docker-des_cell Created 
 Network docker-des_cell Created 
 Container docker-des-node5-1 Creating 
 Container docker-des-node3-1 Creating 
 Container docker-des-node1-1 Creating 
 Container docker-des-node4-1 Creating 
 Container docker-des-node2-1 Creating 
 Container docker-des-node1-1 Created 
 Container docker-des-node4-1 Created 
 Container docker-des-node3-1 Created 
 Container docker-des-node5-1 Created 
 Container docker-des-node2-1 Created 
 Container docker-des-node3-1 Starting 
 Container docker-des-node4-1 Starting 
 Container docker-des-node5-1 Starting 
 Container docker-des-node1-1 Starting 
 Container docker-des-node2-1 Starting 
 Container docker-des-node3-1 Started 
 Container docker-des-node4-1 Started 
 Container docker-des-node5-1 Started 
 Container docker-des-node1-1 Started 
 Container docker-des-node2-1 Started 
== collect -> results/20260927-200439-varredura/20260927-204040-fms-5
# Execução `20260927-204040-fms-5`

- problema `fms`, família `LMOD`, **5 containers**, UDP multicast
- 5 ciclos × 44 passos = 220 passos; **220 executados**, 0 pulados
- impressão digital da configuração: `6f43d6b9`
- RTT de aplicação (nó 1, 20 sondas): média 4.59 ms, mín 3.66, máx 5.35
- resultado: **complete**

| nó | supervisores | saída | disparou (local/ctrl/unctrl) | aplicou p/ pares | decifrações (ciclo 1) | HE total ms | quadros tx/rx | retx | oráculo | halt |
|---|---|---|---|---|---|---|---|---|---|---|
| 1 | S0 S1 | 0 | 40/40/40 | 0 | 202 (42) | 14090.5 | 154/1176 | 0 | PASS | não |
| 2 | S2 | 0 | 20/0/0 | 80 | 100 (20) | 6963.6 | 246/1084 | 0 | PASS | não |
| 3 | S3 S4 | 0 | 20/20/10 | 80 | 217 (49) | 15118.4 | 287/1043 | 0 | PASS | não |
| 4 | S5 | 0 | 0/0/0 | 110 | 129 (41) | 8997.9 | 326/1004 | 0 | PASS | não |
| 5 | S6 | 0 | 30/0/0 | 110 | 150 (38) | 10490.0 | 317/1013 | 0 | PASS | não |
| **total** | | | | | **798 (190)** | 55660.4 | 1330/5320 | 0 | | |

Fim de cada ciclo no relógio comum (o **último** nó a terminar), ms: 4758.7, 8388.9, 12028.4, 15658.9, 19267.3

Tempo por passo: ciclo 1 **108.15 ms**; ciclos 2–5 **82.44 ms**

Verificação cruzada com o supervisor MONOLÍTICO: **off**

## Verificações

| verificação | esperado | obtido | |
|---|---|---|---|
| decryptions, whole cell | 798 | 798 | ✅ |
| decryptions, whole cell, cycle 1 | 190 | 190 | ✅ |
| outcome | complete | complete | ✅ |
| same fingerprint on every node | 1 | 1 | ✅ |
| oracle PASS on every node | True | True | ✅ |
| crypto self-test PASS on every node | True | True | ✅ |

**TODAS AS VERIFICAÇÕES PASSARAM**


################ fms-5-s5  (repetição 4/5)
== build skipped (DES_SKIP_BUILD=1): using the existing image
== run: node1 node2 node3 node4 node5
 Network docker-des_cell Creating 
 Network docker-des_cell Creating 
 Network docker-des_cell Created 
 Network docker-des_cell Created 
 Container docker-des-node2-1 Creating 
 Container docker-des-node4-1 Creating 
 Container docker-des-node3-1 Creating 
 Container docker-des-node5-1 Creating 
 Container docker-des-node1-1 Creating 
 Container docker-des-node2-1 Created 
 Container docker-des-node5-1 Created 
 Container docker-des-node1-1 Created 
 Container docker-des-node3-1 Created 
 Container docker-des-node4-1 Created 
 Container docker-des-node1-1 Starting 
 Container docker-des-node2-1 Starting 
 Container docker-des-node4-1 Starting 
 Container docker-des-node5-1 Starting 
 Container docker-des-node3-1 Starting 
 Container docker-des-node1-1 Started 
 Container docker-des-node2-1 Started 
 Container docker-des-node4-1 Started 
 Container docker-des-node5-1 Started 
 Container docker-des-node3-1 Started 
== collect -> results/20260927-200439-varredura/20260927-204120-fms-5-s5
# Execução `20260927-204120-fms-5-s5`

- problema `fms`, família `LMOD`, **5 containers**, UDP multicast
- 5 ciclos × 44 passos = 220 passos; **220 executados**, 0 pulados
- impressão digital da configuração: `81f89049`
- RTT de aplicação (nó 1, 20 sondas): média 4.52 ms, mín 3.02, máx 5.76
- resultado: **complete**

| nó | supervisores | saída | disparou (local/ctrl/unctrl) | aplicou p/ pares | decifrações (ciclo 1) | HE total ms | quadros tx/rx | retx | oráculo | halt |
|---|---|---|---|---|---|---|---|---|---|---|
| 1 | S0 S1 | 0 | 40/40/40 | 0 | 202 (42) | 14097.2 | 155/1169 | 0 | PASS | não |
| 2 | S2 S3 | 0 | 40/0/0 | 80 | 203 (43) | 14148.5 | 242/1082 | 0 | PASS | não |
| 3 | S4 | 0 | 0/20/10 | 80 | 114 (26) | 7960.1 | 288/1036 | 0 | PASS | não |
| 4 | S6 | 0 | 30/0/0 | 110 | 150 (38) | 10525.7 | 316/1008 | 0 | PASS | não |
| 5 | S5 | 0 | 0/0/0 | 110 | 129 (41) | 9018.0 | 323/1001 | 0 | PASS | não |
| **total** | | | | | **798 (190)** | 55749.5 | 1324/5296 | 0 | | |

Fim de cada ciclo no relógio comum (o **último** nó a terminar), ms: 4792.9, 8481.7, 12166.7, 15871.5, 19568.9

Tempo por passo: ciclo 1 **108.93 ms**; ciclos 2–5 **83.95 ms**

Verificação cruzada com o supervisor MONOLÍTICO: **off**

## Verificações

| verificação | esperado | obtido | |
|---|---|---|---|
| decryptions, whole cell | 798 | 798 | ✅ |
| decryptions, whole cell, cycle 1 | 190 | 190 | ✅ |
| outcome | complete | complete | ✅ |
| same fingerprint on every node | 1 | 1 | ✅ |
| oracle PASS on every node | True | True | ✅ |
| crypto self-test PASS on every node | True | True | ✅ |

**TODAS AS VERIFICAÇÕES PASSARAM**


################ fms-6  (repetição 4/5)
== build skipped (DES_SKIP_BUILD=1): using the existing image
== run: node1 node2 node3 node4 node5 node6
 Network docker-des_cell Creating 
 Network docker-des_cell Creating 
 Network docker-des_cell Created 
 Network docker-des_cell Created 
 Container docker-des-node6-1 Creating 
 Container docker-des-node4-1 Creating 
 Container docker-des-node1-1 Creating 
 Container docker-des-node2-1 Creating 
 Container docker-des-node5-1 Creating 
 Container docker-des-node3-1 Creating 
 Container docker-des-node5-1 Created 
 Container docker-des-node1-1 Created 
 Container docker-des-node6-1 Created 
 Container docker-des-node2-1 Created 
 Container docker-des-node3-1 Created 
 Container docker-des-node4-1 Created 
 Container docker-des-node6-1 Starting 
 Container docker-des-node2-1 Starting 
 Container docker-des-node3-1 Starting 
 Container docker-des-node5-1 Starting 
 Container docker-des-node1-1 Starting 
 Container docker-des-node4-1 Starting 
 Container docker-des-node6-1 Started 
 Container docker-des-node2-1 Started 
 Container docker-des-node3-1 Started 
 Container docker-des-node5-1 Started 
 Container docker-des-node1-1 Started 
 Container docker-des-node4-1 Started 
== collect -> results/20260927-200439-varredura/20260927-204159-fms-6
# Execução `20260927-204159-fms-6`

- problema `fms`, família `LMOD`, **6 containers**, UDP multicast
- 5 ciclos × 44 passos = 220 passos; **220 executados**, 0 pulados
- impressão digital da configuração: `8d540ec9`
- RTT de aplicação (nó 1, 20 sondas): média 4.81 ms, mín 3.10, máx 6.54
- resultado: **complete**

| nó | supervisores | saída | disparou (local/ctrl/unctrl) | aplicou p/ pares | decifrações (ciclo 1) | HE total ms | quadros tx/rx | retx | oráculo | halt |
|---|---|---|---|---|---|---|---|---|---|---|
| 1 | S0 S1 | 0 | 40/40/40 | 0 | 202 (42) | 14098.5 | 156/1443 | 0 | PASS | não |
| 2 | S2 | 0 | 20/0/0 | 80 | 100 (20) | 6971.6 | 252/1347 | 0 | PASS | não |
| 3 | S3 | 0 | 20/0/0 | 80 | 103 (23) | 7183.2 | 251/1348 | 0 | PASS | não |
| 4 | S4 | 0 | 0/20/10 | 80 | 114 (26) | 7971.9 | 291/1308 | 0 | PASS | não |
| 5 | S5 | 0 | 0/0/0 | 110 | 129 (41) | 9023.8 | 327/1272 | 0 | PASS | não |
| 6 | S6 | 0 | 30/0/0 | 110 | 150 (38) | 10540.3 | 322/1277 | 0 | PASS | não |
| **total** | | | | | **798 (190)** | 55789.3 | 1599/7995 | 0 | | |

Fim de cada ciclo no relógio comum (o **último** nó a terminar), ms: 4376.8, 7759.3, 11160.3, 14554.8, 17966.9

Tempo por passo: ciclo 1 **99.47 ms**; ciclos 2–5 **77.22 ms**

Verificação cruzada com o supervisor MONOLÍTICO: **off**

## Verificações

| verificação | esperado | obtido | |
|---|---|---|---|
| decryptions, whole cell | 798 | 798 | ✅ |
| decryptions, whole cell, cycle 1 | 190 | 190 | ✅ |
| outcome | complete | complete | ✅ |
| same fingerprint on every node | 1 | 1 | ✅ |
| oracle PASS on every node | True | True | ✅ |
| crypto self-test PASS on every node | True | True | ✅ |

**TODAS AS VERIFICAÇÕES PASSARAM**


################ fms-6-s5  (repetição 4/5)
== build skipped (DES_SKIP_BUILD=1): using the existing image
== run: node1 node2 node3 node4 node5 node6
 Network docker-des_cell Creating 
 Network docker-des_cell Creating 
 Network docker-des_cell Created 
 Network docker-des_cell Created 
 Container docker-des-node6-1 Creating 
 Container docker-des-node2-1 Creating 
 Container docker-des-node4-1 Creating 
 Container docker-des-node5-1 Creating 
 Container docker-des-node3-1 Creating 
 Container docker-des-node1-1 Creating 
 Container docker-des-node1-1 Created 
 Container docker-des-node4-1 Created 
 Container docker-des-node2-1 Created 
 Container docker-des-node5-1 Created 
 Container docker-des-node6-1 Created 
 Container docker-des-node3-1 Created 
 Container docker-des-node5-1 Starting 
 Container docker-des-node1-1 Starting 
 Container docker-des-node6-1 Starting 
 Container docker-des-node3-1 Starting 
 Container docker-des-node2-1 Starting 
 Container docker-des-node4-1 Starting 
 Container docker-des-node5-1 Started 
 Container docker-des-node1-1 Started 
 Container docker-des-node6-1 Started 
 Container docker-des-node3-1 Started 
 Container docker-des-node2-1 Started 
 Container docker-des-node4-1 Started 
== collect -> results/20260927-200439-varredura/20260927-204238-fms-6-s5
# Execução `20260927-204238-fms-6-s5`

- problema `fms`, família `LMOD`, **6 containers**, UDP multicast
- 5 ciclos × 44 passos = 220 passos; **220 executados**, 0 pulados
- impressão digital da configuração: `22301a79`
- RTT de aplicação (nó 1, 20 sondas): média 4.73 ms, mín 4.27, máx 6.13
- resultado: **complete**

| nó | supervisores | saída | disparou (local/ctrl/unctrl) | aplicou p/ pares | decifrações (ciclo 1) | HE total ms | quadros tx/rx | retx | oráculo | halt |
|---|---|---|---|---|---|---|---|---|---|---|
| 1 | S0 S2 | 0 | 40/40/40 | 0 | 201 (41) | 14025.8 | 156/1423 | 0 | PASS | não |
| 2 | S1 | 0 | 20/0/0 | 80 | 101 (21) | 7040.9 | 245/1334 | 0 | PASS | não |
| 3 | S3 | 0 | 20/0/0 | 80 | 103 (23) | 7185.6 | 246/1333 | 0 | PASS | não |
| 4 | S4 | 0 | 0/20/10 | 80 | 114 (26) | 7968.1 | 288/1291 | 0 | PASS | não |
| 5 | S6 | 0 | 30/0/0 | 110 | 150 (38) | 10516.3 | 319/1260 | 0 | PASS | não |
| 6 | S5 | 0 | 0/0/0 | 110 | 129 (41) | 9020.8 | 325/1254 | 0 | PASS | não |
| **total** | | | | | **798 (190)** | 55757.5 | 1579/7895 | 0 | | |

Fim de cada ciclo no relógio comum (o **último** nó a terminar), ms: 4278.2, 7650.9, 11046.5, 14455.7, 17865.9

Tempo por passo: ciclo 1 **97.23 ms**; ciclos 2–5 **77.20 ms**

Verificação cruzada com o supervisor MONOLÍTICO: **off**

## Verificações

| verificação | esperado | obtido | |
|---|---|---|---|
| decryptions, whole cell | 798 | 798 | ✅ |
| decryptions, whole cell, cycle 1 | 190 | 190 | ✅ |
| outcome | complete | complete | ✅ |
| same fingerprint on every node | 1 | 1 | ✅ |
| oracle PASS on every node | True | True | ✅ |
| crypto self-test PASS on every node | True | True | ✅ |

**TODAS AS VERIFICAÇÕES PASSARAM**


################ fms-7  (repetição 4/5)
== build skipped (DES_SKIP_BUILD=1): using the existing image
== run: node1 node2 node3 node4 node5 node6 node7
 Network docker-des_cell Creating 
 Network docker-des_cell Creating 
 Network docker-des_cell Created 
 Network docker-des_cell Created 
 Container docker-des-node7-1 Creating 
 Container docker-des-node1-1 Creating 
 Container docker-des-node5-1 Creating 
 Container docker-des-node3-1 Creating 
 Container docker-des-node2-1 Creating 
 Container docker-des-node6-1 Creating 
 Container docker-des-node4-1 Creating 
 Container docker-des-node2-1 Created 
 Container docker-des-node4-1 Created 
 Container docker-des-node5-1 Created 
 Container docker-des-node1-1 Created 
 Container docker-des-node6-1 Created 
 Container docker-des-node3-1 Created 
 Container docker-des-node7-1 Created 
 Container docker-des-node5-1 Starting 
 Container docker-des-node4-1 Starting 
 Container docker-des-node7-1 Starting 
 Container docker-des-node6-1 Starting 
 Container docker-des-node2-1 Starting 
 Container docker-des-node3-1 Starting 
 Container docker-des-node1-1 Starting 
 Container docker-des-node5-1 Started 
 Container docker-des-node4-1 Started 
 Container docker-des-node7-1 Started 
 Container docker-des-node6-1 Started 
 Container docker-des-node2-1 Started 
 Container docker-des-node3-1 Started 
 Container docker-des-node1-1 Started 
== collect -> results/20260927-200439-varredura/20260927-204317-fms-7
# Execução `20260927-204317-fms-7`

- problema `fms`, família `LMOD`, **7 containers**, UDP multicast
- 5 ciclos × 44 passos = 220 passos; **220 executados**, 0 pulados
- impressão digital da configuração: `04511541`
- RTT de aplicação (nó 1, 20 sondas): média 4.67 ms, mín 3.10, máx 5.41
- resultado: **complete**

| nó | supervisores | saída | disparou (local/ctrl/unctrl) | aplicou p/ pares | decifrações (ciclo 1) | HE total ms | quadros tx/rx | retx | oráculo | halt |
|---|---|---|---|---|---|---|---|---|---|---|
| 1 | S0 | 0 | 20/40/40 | 0 | 101 (21) | 7060.5 | 162/1698 | 0 | PASS | não |
| 2 | S1 | 0 | 20/0/0 | 80 | 101 (21) | 7053.7 | 249/1611 | 0 | PASS | não |
| 3 | S2 | 0 | 20/0/0 | 80 | 100 (20) | 6983.9 | 251/1609 | 0 | PASS | não |
| 4 | S3 | 0 | 20/0/0 | 80 | 103 (23) | 7200.8 | 252/1608 | 0 | PASS | não |
| 5 | S4 | 0 | 0/20/10 | 80 | 114 (26) | 7983.8 | 296/1564 | 0 | PASS | não |
| 6 | S5 | 0 | 0/0/0 | 110 | 129 (41) | 9044.3 | 328/1532 | 0 | PASS | não |
| 7 | S6 | 0 | 30/0/0 | 110 | 150 (38) | 10575.5 | 322/1538 | 0 | PASS | não |
| **total** | | | | | **798 (190)** | 55902.5 | 1860/11160 | 0 | | |

Fim de cada ciclo no relógio comum (o **último** nó a terminar), ms: 3988.8, 6686.5, 9397.6, 12116.2, 14820.4

Tempo por passo: ciclo 1 **90.65 ms**; ciclos 2–5 **61.54 ms**

Verificação cruzada com o supervisor MONOLÍTICO: **off**

## Verificações

| verificação | esperado | obtido | |
|---|---|---|---|
| config fingerprint | 04511541 | 04511541 | ✅ |
| decryptions, whole cell | 798 | 798 | ✅ |
| decryptions, whole cell, cycle 1 | 190 | 190 | ✅ |
| outcome | complete | complete | ✅ |
| same fingerprint on every node | 1 | 1 | ✅ |
| oracle PASS on every node | True | True | ✅ |
| crypto self-test PASS on every node | True | True | ✅ |

**TODAS AS VERIFICAÇÕES PASSARAM**


################ fms-1  (repetição 5/5)
== build skipped (DES_SKIP_BUILD=1): using the existing image
== run: node1
 Network docker-des_cell Creating 
 Network docker-des_cell Creating 
 Network docker-des_cell Created 
 Network docker-des_cell Created 
 Container docker-des-node1-1 Creating 
 Container docker-des-node1-1 Created 
 Container docker-des-node1-1 Starting 
 Container docker-des-node1-1 Started 
== collect -> results/20260927-200439-varredura/20260927-204354-fms-1
# Execução `20260927-204354-fms-1`

- problema `fms`, família `LMOD`, **1 containers**, UDP multicast
- 5 ciclos × 44 passos = 220 passos; **220 executados**, 0 pulados
- impressão digital da configuração: `3f2beff2`
- resultado: **complete**

| nó | supervisores | saída | disparou (local/ctrl/unctrl) | aplicou p/ pares | decifrações (ciclo 1) | HE total ms | quadros tx/rx | retx | oráculo | halt |
|---|---|---|---|---|---|---|---|---|---|---|
| 1 | S0 S1 S2 S3 S4 S5 S6 | 0 | 220/0/0 | 0 | 798 (190) | 55881.4 | 0/0 | 0 | PASS | não |
| **total** | | | | | **798 (190)** | 55881.4 | 0/0 | 0 | | |

Fim de cada ciclo no relógio comum (o **último** nó a terminar), ms: 13413.8, 24043.9, 34676.2, 45309.8, 55937.6

Tempo por passo: ciclo 1 **304.86 ms**; ciclos 2–5 **241.61 ms**

Verificação cruzada com o supervisor MONOLÍTICO: **off**

## Verificações

| verificação | esperado | obtido | |
|---|---|---|---|
| config fingerprint | 3f2beff2 | 3f2beff2 | ✅ |
| decryptions, whole cell | 798 | 798 | ✅ |
| decryptions, whole cell, cycle 1 | 190 | 190 | ✅ |
| outcome | complete | complete | ✅ |
| same fingerprint on every node | 1 | 1 | ✅ |
| oracle PASS on every node | True | True | ✅ |
| crypto self-test PASS on every node | True | True | ✅ |

**TODAS AS VERIFICAÇÕES PASSARAM**


################ fms-2  (repetição 5/5)
== build skipped (DES_SKIP_BUILD=1): using the existing image
== run: node1 node2
 Network docker-des_cell Creating 
 Network docker-des_cell Creating 
 Network docker-des_cell Created 
 Network docker-des_cell Created 
 Container docker-des-node2-1 Creating 
 Container docker-des-node1-1 Creating 
 Container docker-des-node2-1 Created 
 Container docker-des-node1-1 Created 
 Container docker-des-node1-1 Starting 
 Container docker-des-node2-1 Starting 
 Container docker-des-node1-1 Started 
 Container docker-des-node2-1 Started 
== collect -> results/20260927-200439-varredura/20260927-204511-fms-2
# Execução `20260927-204511-fms-2`

- problema `fms`, família `LMOD`, **2 containers**, UDP multicast
- 5 ciclos × 44 passos = 220 passos; **220 executados**, 0 pulados
- impressão digital da configuração: `edbd7971`
- RTT de aplicação (nó 1, 20 sondas): média 4.18 ms, mín 2.96, máx 5.26
- resultado: **complete**

| nó | supervisores | saída | disparou (local/ctrl/unctrl) | aplicou p/ pares | decifrações (ciclo 1) | HE total ms | quadros tx/rx | retx | oráculo | halt |
|---|---|---|---|---|---|---|---|---|---|---|
| 1 | S0 S1 S2 S3 | 0 | 80/40/40 | 0 | 405 (85) | 28320.8 | 150/230 | 0 | PASS | não |
| 2 | S4 S5 S6 | 0 | 60/0/0 | 80 | 393 (105) | 27520.9 | 230/150 | 0 | PASS | não |
| **total** | | | | | **798 (190)** | 55841.7 | 380/380 | 0 | | |

Fim de cada ciclo no relógio comum (o **último** nó a terminar), ms: 8646.3, 15221.4, 21765.4, 28330.0, 34942.6

Tempo por passo: ciclo 1 **196.51 ms**; ciclos 2–5 **149.41 ms**

Verificação cruzada com o supervisor MONOLÍTICO: **off**

## Verificações

| verificação | esperado | obtido | |
|---|---|---|---|
| config fingerprint | edbd7971 | edbd7971 | ✅ |
| decryptions per node | 405 393 | 405 393 | ✅ |
| decryptions per node, cycle 1 | 85 105 | 85 105 | ✅ |
| decryptions, whole cell | 798 | 798 | ✅ |
| decryptions, whole cell, cycle 1 | 190 | 190 | ✅ |
| outcome | complete | complete | ✅ |
| same fingerprint on every node | 1 | 1 | ✅ |
| oracle PASS on every node | True | True | ✅ |
| crypto self-test PASS on every node | True | True | ✅ |

**TODAS AS VERIFICAÇÕES PASSARAM**


################ fms-2-s5  (repetição 5/5)
== build skipped (DES_SKIP_BUILD=1): using the existing image
== run: node1 node2
 Network docker-des_cell Creating 
 Network docker-des_cell Creating 
 Network docker-des_cell Created 
 Network docker-des_cell Created 
 Container docker-des-node2-1 Creating 
 Container docker-des-node1-1 Creating 
 Container docker-des-node2-1 Created 
 Container docker-des-node1-1 Created 
 Container docker-des-node1-1 Starting 
 Container docker-des-node2-1 Starting 
 Container docker-des-node1-1 Started 
 Container docker-des-node2-1 Started 
== collect -> results/20260927-200439-varredura/20260927-204606-fms-2-s5
# Execução `20260927-204606-fms-2-s5`

- problema `fms`, família `LMOD`, **2 containers**, UDP multicast
- 5 ciclos × 44 passos = 220 passos; **220 executados**, 0 pulados
- impressão digital da configuração: `52c9a503`
- RTT de aplicação (nó 1, 20 sondas): média 4.34 ms, mín 3.06, máx 6.14
- resultado: **complete**

| nó | supervisores | saída | disparou (local/ctrl/unctrl) | aplicou p/ pares | decifrações (ciclo 1) | HE total ms | quadros tx/rx | retx | oráculo | halt |
|---|---|---|---|---|---|---|---|---|---|---|
| 1 | S0 S1 S2 S3 S4 S6 | 0 | 110/60/50 | 0 | 669 (149) | 46748.3 | 198/422 | 0 | PASS | não |
| 2 | S5 | 0 | 0/0/0 | 110 | 129 (41) | 9014.3 | 422/198 | 0 | PASS | não |
| **total** | | | | | **798 (190)** | 55762.6 | 620/620 | 0 | | |

Fim de cada ciclo no relógio comum (o **último** nó a terminar), ms: 10648.4, 19802.6, 28956.7, 38122.1, 47286.9

Tempo por passo: ciclo 1 **242.01 ms**; ciclos 2–5 **208.17 ms**

Verificação cruzada com o supervisor MONOLÍTICO: **off**

## Verificações

| verificação | esperado | obtido | |
|---|---|---|---|
| decryptions, whole cell | 798 | 798 | ✅ |
| decryptions, whole cell, cycle 1 | 190 | 190 | ✅ |
| outcome | complete | complete | ✅ |
| same fingerprint on every node | 1 | 1 | ✅ |
| oracle PASS on every node | True | True | ✅ |
| crypto self-test PASS on every node | True | True | ✅ |

**TODAS AS VERIFICAÇÕES PASSARAM**


################ fms-3  (repetição 5/5)
== build skipped (DES_SKIP_BUILD=1): using the existing image
== run: node1 node2 node3
 Network docker-des_cell Creating 
 Network docker-des_cell Creating 
 Network docker-des_cell Created 
 Network docker-des_cell Created 
 Container docker-des-node3-1 Creating 
 Container docker-des-node2-1 Creating 
 Container docker-des-node1-1 Creating 
 Container docker-des-node1-1 Created 
 Container docker-des-node2-1 Created 
 Container docker-des-node3-1 Created 
 Container docker-des-node3-1 Starting 
 Container docker-des-node1-1 Starting 
 Container docker-des-node2-1 Starting 
 Container docker-des-node3-1 Started 
 Container docker-des-node1-1 Started 
 Container docker-des-node2-1 Started 
== collect -> results/20260927-200439-varredura/20260927-204716-fms-3
# Execução `20260927-204716-fms-3`

- problema `fms`, família `LMOD`, **3 containers**, UDP multicast
- 5 ciclos × 44 passos = 220 passos; **220 executados**, 0 pulados
- impressão digital da configuração: `04d74714`
- RTT de aplicação (nó 1, 20 sondas): média 4.49 ms, mín 2.67, máx 5.57
- resultado: **complete**

| nó | supervisores | saída | disparou (local/ctrl/unctrl) | aplicou p/ pares | decifrações (ciclo 1) | HE total ms | quadros tx/rx | retx | oráculo | halt |
|---|---|---|---|---|---|---|---|---|---|---|
| 1 | S0 S1 S2 | 0 | 60/40/40 | 0 | 302 (62) | 21085.4 | 150/595 | 0 | PASS | não |
| 2 | S3 S4 | 0 | 20/20/10 | 80 | 217 (49) | 15139.2 | 283/462 | 0 | PASS | não |
| 3 | S5 S6 | 0 | 30/0/0 | 110 | 279 (79) | 19550.1 | 312/433 | 0 | PASS | não |
| **total** | | | | | **798 (190)** | 55774.7 | 745/1490 | 0 | | |

Fim de cada ciclo no relógio comum (o **último** nó a terminar), ms: 6627.4, 11578.0, 16526.2, 21475.6, 26420.6

Tempo por passo: ciclo 1 **150.62 ms**; ciclos 2–5 **112.46 ms**

Verificação cruzada com o supervisor MONOLÍTICO: **off**

## Verificações

| verificação | esperado | obtido | |
|---|---|---|---|
| decryptions, whole cell | 798 | 798 | ✅ |
| decryptions, whole cell, cycle 1 | 190 | 190 | ✅ |
| outcome | complete | complete | ✅ |
| same fingerprint on every node | 1 | 1 | ✅ |
| oracle PASS on every node | True | True | ✅ |
| crypto self-test PASS on every node | True | True | ✅ |

**TODAS AS VERIFICAÇÕES PASSARAM**


################ fms-3-s5  (repetição 5/5)
== build skipped (DES_SKIP_BUILD=1): using the existing image
== run: node1 node2 node3
 Network docker-des_cell Creating 
 Network docker-des_cell Creating 
 Network docker-des_cell Created 
 Network docker-des_cell Created 
 Container docker-des-node1-1 Creating 
 Container docker-des-node2-1 Creating 
 Container docker-des-node3-1 Creating 
 Container docker-des-node1-1 Created 
 Container docker-des-node2-1 Created 
 Container docker-des-node3-1 Created 
 Container docker-des-node1-1 Starting 
 Container docker-des-node3-1 Starting 
 Container docker-des-node2-1 Starting 
 Container docker-des-node1-1 Started 
 Container docker-des-node3-1 Started 
 Container docker-des-node2-1 Started 
== collect -> results/20260927-200439-varredura/20260927-204802-fms-3-s5
# Execução `20260927-204802-fms-3-s5`

- problema `fms`, família `LMOD`, **3 containers**, UDP multicast
- 5 ciclos × 44 passos = 220 passos; **220 executados**, 0 pulados
- impressão digital da configuração: `6d9dd456`
- RTT de aplicação (nó 1, 20 sondas): média 4.23 ms, mín 2.77, máx 5.01
- resultado: **complete**

| nó | supervisores | saída | disparou (local/ctrl/unctrl) | aplicou p/ pares | decifrações (ciclo 1) | HE total ms | quadros tx/rx | retx | oráculo | halt |
|---|---|---|---|---|---|---|---|---|---|---|
| 1 | S0 S2 S6 | 0 | 70/60/50 | 0 | 351 (79) | 24573.5 | 200/645 | 0 | PASS | não |
| 2 | S1 S3 S4 | 0 | 40/0/0 | 110 | 318 (70) | 22173.7 | 317/528 | 0 | PASS | não |
| 3 | S5 | 0 | 0/0/0 | 110 | 129 (41) | 9010.9 | 328/517 | 0 | PASS | não |
| **total** | | | | | **798 (190)** | 55758.1 | 845/1690 | 0 | | |

Fim de cada ciclo no relógio comum (o **último** nó a terminar), ms: 6359.0, 11584.1, 16828.0, 22076.4, 27319.2

Tempo por passo: ciclo 1 **144.52 ms**; ciclos 2–5 **119.09 ms**

Verificação cruzada com o supervisor MONOLÍTICO: **off**

## Verificações

| verificação | esperado | obtido | |
|---|---|---|---|
| decryptions, whole cell | 798 | 798 | ✅ |
| decryptions, whole cell, cycle 1 | 190 | 190 | ✅ |
| outcome | complete | complete | ✅ |
| same fingerprint on every node | 1 | 1 | ✅ |
| oracle PASS on every node | True | True | ✅ |
| crypto self-test PASS on every node | True | True | ✅ |

**TODAS AS VERIFICAÇÕES PASSARAM**


################ fms-4  (repetição 5/5)
== build skipped (DES_SKIP_BUILD=1): using the existing image
== run: node1 node2 node3 node4
 Network docker-des_cell Creating 
 Network docker-des_cell Creating 
 Network docker-des_cell Created 
 Network docker-des_cell Created 
 Container docker-des-node4-1 Creating 
 Container docker-des-node3-1 Creating 
 Container docker-des-node2-1 Creating 
 Container docker-des-node1-1 Creating 
 Container docker-des-node1-1 Created 
 Container docker-des-node2-1 Created 
 Container docker-des-node4-1 Created 
 Container docker-des-node3-1 Created 
 Container docker-des-node4-1 Starting 
 Container docker-des-node1-1 Starting 
 Container docker-des-node2-1 Starting 
 Container docker-des-node3-1 Starting 
 Container docker-des-node4-1 Started 
 Container docker-des-node1-1 Started 
 Container docker-des-node2-1 Started 
 Container docker-des-node3-1 Started 
== collect -> results/20260927-200439-varredura/20260927-204850-fms-4
# Execução `20260927-204850-fms-4`

- problema `fms`, família `LMOD`, **4 containers**, UDP multicast
- 5 ciclos × 44 passos = 220 passos; **220 executados**, 0 pulados
- impressão digital da configuração: `457cc268`
- RTT de aplicação (nó 1, 20 sondas): média 4.76 ms, mín 3.43, máx 6.16
- resultado: **complete**

| nó | supervisores | saída | disparou (local/ctrl/unctrl) | aplicou p/ pares | decifrações (ciclo 1) | HE total ms | quadros tx/rx | retx | oráculo | halt |
|---|---|---|---|---|---|---|---|---|---|---|
| 1 | S0 S1 | 0 | 40/40/40 | 0 | 202 (42) | 14094.1 | 156/851 | 0 | PASS | não |
| 2 | S2 S3 | 0 | 40/0/0 | 80 | 203 (43) | 14141.8 | 248/759 | 0 | PASS | não |
| 3 | S4 S5 | 0 | 0/20/10 | 80 | 243 (67) | 16960.5 | 284/723 | 0 | PASS | não |
| 4 | S6 | 0 | 30/0/0 | 110 | 150 (38) | 10504.4 | 319/688 | 0 | PASS | não |
| **total** | | | | | **798 (190)** | 55700.8 | 1007/3021 | 0 | | |

Fim de cada ciclo no relógio comum (o **último** nó a terminar), ms: 5846.2, 9973.5, 14108.1, 18228.8, 22350.2

Tempo por passo: ciclo 1 **132.87 ms**; ciclos 2–5 **93.77 ms**

Verificação cruzada com o supervisor MONOLÍTICO: **off**

## Verificações

| verificação | esperado | obtido | |
|---|---|---|---|
| decryptions, whole cell | 798 | 798 | ✅ |
| decryptions, whole cell, cycle 1 | 190 | 190 | ✅ |
| outcome | complete | complete | ✅ |
| same fingerprint on every node | 1 | 1 | ✅ |
| oracle PASS on every node | True | True | ✅ |
| crypto self-test PASS on every node | True | True | ✅ |

**TODAS AS VERIFICAÇÕES PASSARAM**


################ fms-4-s5  (repetição 5/5)
== build skipped (DES_SKIP_BUILD=1): using the existing image
== run: node1 node2 node3 node4
 Network docker-des_cell Creating 
 Network docker-des_cell Creating 
 Network docker-des_cell Created 
 Network docker-des_cell Created 
 Container docker-des-node4-1 Creating 
 Container docker-des-node1-1 Creating 
 Container docker-des-node3-1 Creating 
 Container docker-des-node2-1 Creating 
 Container docker-des-node2-1 Created 
 Container docker-des-node4-1 Created 
 Container docker-des-node3-1 Created 
 Container docker-des-node1-1 Created 
 Container docker-des-node4-1 Starting 
 Container docker-des-node1-1 Starting 
 Container docker-des-node3-1 Starting 
 Container docker-des-node2-1 Starting 
 Container docker-des-node4-1 Started 
 Container docker-des-node1-1 Started 
 Container docker-des-node3-1 Started 
 Container docker-des-node2-1 Started 
== collect -> results/20260927-200439-varredura/20260927-204932-fms-4-s5
# Execução `20260927-204932-fms-4-s5`

- problema `fms`, família `LMOD`, **4 containers**, UDP multicast
- 5 ciclos × 44 passos = 220 passos; **220 executados**, 0 pulados
- impressão digital da configuração: `10c88d9b`
- RTT de aplicação (nó 1, 20 sondas): média 3.66 ms, mín 2.40, máx 5.28
- resultado: **complete**

| nó | supervisores | saída | disparou (local/ctrl/unctrl) | aplicou p/ pares | decifrações (ciclo 1) | HE total ms | quadros tx/rx | retx | oráculo | halt |
|---|---|---|---|---|---|---|---|---|---|---|
| 1 | S0 S1 | 0 | 40/40/40 | 0 | 202 (42) | 14102.9 | 157/934 | 0 | PASS | não |
| 2 | S2 S6 | 0 | 50/20/10 | 80 | 250 (58) | 17501.6 | 284/807 | 0 | PASS | não |
| 3 | S3 S4 | 0 | 20/0/0 | 110 | 217 (49) | 15140.4 | 322/769 | 0 | PASS | não |
| 4 | S5 | 0 | 0/0/0 | 110 | 129 (41) | 9011.2 | 328/763 | 0 | PASS | não |
| **total** | | | | | **798 (190)** | 55756.1 | 1091/3273 | 0 | | |

Fim de cada ciclo no relógio comum (o **último** nó a terminar), ms: 5207.5, 9063.5, 12909.7, 16770.0, 20631.0

Tempo por passo: ciclo 1 **118.35 ms**; ciclos 2–5 **87.63 ms**

Verificação cruzada com o supervisor MONOLÍTICO: **off**

## Verificações

| verificação | esperado | obtido | |
|---|---|---|---|
| decryptions, whole cell | 798 | 798 | ✅ |
| decryptions, whole cell, cycle 1 | 190 | 190 | ✅ |
| outcome | complete | complete | ✅ |
| same fingerprint on every node | 1 | 1 | ✅ |
| oracle PASS on every node | True | True | ✅ |
| crypto self-test PASS on every node | True | True | ✅ |

**TODAS AS VERIFICAÇÕES PASSARAM**


################ fms-5  (repetição 5/5)
== build skipped (DES_SKIP_BUILD=1): using the existing image
== run: node1 node2 node3 node4 node5
 Network docker-des_cell Creating 
 Network docker-des_cell Creating 
 Network docker-des_cell Created 
 Network docker-des_cell Created 
 Container docker-des-node5-1 Creating 
 Container docker-des-node1-1 Creating 
 Container docker-des-node4-1 Creating 
 Container docker-des-node3-1 Creating 
 Container docker-des-node2-1 Creating 
 Container docker-des-node4-1 Created 
 Container docker-des-node5-1 Created 
 Container docker-des-node1-1 Created 
 Container docker-des-node3-1 Created 
 Container docker-des-node2-1 Created 
 Container docker-des-node2-1 Starting 
 Container docker-des-node4-1 Starting 
 Container docker-des-node1-1 Starting 
 Container docker-des-node5-1 Starting 
 Container docker-des-node3-1 Starting 
 Container docker-des-node2-1 Started 
 Container docker-des-node4-1 Started 
 Container docker-des-node1-1 Started 
 Container docker-des-node5-1 Started 
 Container docker-des-node3-1 Started 
== collect -> results/20260927-200439-varredura/20260927-205014-fms-5
# Execução `20260927-205014-fms-5`

- problema `fms`, família `LMOD`, **5 containers**, UDP multicast
- 5 ciclos × 44 passos = 220 passos; **220 executados**, 0 pulados
- impressão digital da configuração: `6f43d6b9`
- RTT de aplicação (nó 1, 20 sondas): média 4.37 ms, mín 3.07, máx 5.47
- resultado: **complete**

| nó | supervisores | saída | disparou (local/ctrl/unctrl) | aplicou p/ pares | decifrações (ciclo 1) | HE total ms | quadros tx/rx | retx | oráculo | halt |
|---|---|---|---|---|---|---|---|---|---|---|
| 1 | S0 S1 | 0 | 40/40/40 | 0 | 202 (42) | 14087.1 | 157/1183 | 0 | PASS | não |
| 2 | S2 | 0 | 20/0/0 | 80 | 100 (20) | 6963.5 | 251/1089 | 0 | PASS | não |
| 3 | S3 S4 | 0 | 20/20/10 | 80 | 217 (49) | 15128.9 | 286/1054 | 0 | PASS | não |
| 4 | S5 | 0 | 0/0/0 | 110 | 129 (41) | 9011.6 | 328/1012 | 0 | PASS | não |
| 5 | S6 | 0 | 30/0/0 | 110 | 150 (38) | 10525.1 | 318/1022 | 0 | PASS | não |
| **total** | | | | | **798 (190)** | 55716.2 | 1340/5360 | 0 | | |

Fim de cada ciclo no relógio comum (o **último** nó a terminar), ms: 4778.2, 8413.0, 12045.2, 15675.3, 19304.3

Tempo por passo: ciclo 1 **108.60 ms**; ciclos 2–5 **82.53 ms**

Verificação cruzada com o supervisor MONOLÍTICO: **off**

## Verificações

| verificação | esperado | obtido | |
|---|---|---|---|
| decryptions, whole cell | 798 | 798 | ✅ |
| decryptions, whole cell, cycle 1 | 190 | 190 | ✅ |
| outcome | complete | complete | ✅ |
| same fingerprint on every node | 1 | 1 | ✅ |
| oracle PASS on every node | True | True | ✅ |
| crypto self-test PASS on every node | True | True | ✅ |

**TODAS AS VERIFICAÇÕES PASSARAM**


################ fms-5-s5  (repetição 5/5)
== build skipped (DES_SKIP_BUILD=1): using the existing image
== run: node1 node2 node3 node4 node5
 Network docker-des_cell Creating 
 Network docker-des_cell Creating 
 Network docker-des_cell Created 
 Network docker-des_cell Created 
 Container docker-des-node5-1 Creating 
 Container docker-des-node3-1 Creating 
 Container docker-des-node2-1 Creating 
 Container docker-des-node4-1 Creating 
 Container docker-des-node1-1 Creating 
 Container docker-des-node2-1 Created 
 Container docker-des-node5-1 Created 
 Container docker-des-node3-1 Created 
 Container docker-des-node4-1 Created 
 Container docker-des-node1-1 Created 
 Container docker-des-node5-1 Starting 
 Container docker-des-node1-1 Starting 
 Container docker-des-node4-1 Starting 
 Container docker-des-node3-1 Starting 
 Container docker-des-node2-1 Starting 
 Container docker-des-node5-1 Started 
 Container docker-des-node1-1 Started 
 Container docker-des-node4-1 Started 
 Container docker-des-node3-1 Started 
 Container docker-des-node2-1 Started 
== collect -> results/20260927-200439-varredura/20260927-205054-fms-5-s5
# Execução `20260927-205054-fms-5-s5`

- problema `fms`, família `LMOD`, **5 containers**, UDP multicast
- 5 ciclos × 44 passos = 220 passos; **220 executados**, 0 pulados
- impressão digital da configuração: `81f89049`
- RTT de aplicação (nó 1, 20 sondas): média 3.42 ms, mín 2.45, máx 5.39
- resultado: **complete**

| nó | supervisores | saída | disparou (local/ctrl/unctrl) | aplicou p/ pares | decifrações (ciclo 1) | HE total ms | quadros tx/rx | retx | oráculo | halt |
|---|---|---|---|---|---|---|---|---|---|---|
| 1 | S0 S1 | 0 | 40/40/40 | 0 | 202 (42) | 14071.0 | 157/1180 | 0 | PASS | não |
| 2 | S2 S3 | 0 | 40/0/0 | 80 | 203 (43) | 14122.2 | 242/1095 | 0 | PASS | não |
| 3 | S4 | 0 | 0/20/10 | 80 | 114 (26) | 7949.2 | 292/1045 | 0 | PASS | não |
| 4 | S6 | 0 | 30/0/0 | 110 | 150 (38) | 10497.8 | 318/1019 | 0 | PASS | não |
| 5 | S5 | 0 | 0/0/0 | 110 | 129 (41) | 9002.2 | 328/1009 | 0 | PASS | não |
| **total** | | | | | **798 (190)** | 55642.4 | 1337/5348 | 0 | | |

Fim de cada ciclo no relógio comum (o **último** nó a terminar), ms: 4756.2, 8417.9, 12116.3, 15814.1, 19511.0

Tempo por passo: ciclo 1 **108.10 ms**; ciclos 2–5 **83.83 ms**

Verificação cruzada com o supervisor MONOLÍTICO: **off**

## Verificações

| verificação | esperado | obtido | |
|---|---|---|---|
| decryptions, whole cell | 798 | 798 | ✅ |
| decryptions, whole cell, cycle 1 | 190 | 190 | ✅ |
| outcome | complete | complete | ✅ |
| same fingerprint on every node | 1 | 1 | ✅ |
| oracle PASS on every node | True | True | ✅ |
| crypto self-test PASS on every node | True | True | ✅ |

**TODAS AS VERIFICAÇÕES PASSARAM**


################ fms-6  (repetição 5/5)
== build skipped (DES_SKIP_BUILD=1): using the existing image
== run: node1 node2 node3 node4 node5 node6
 Network docker-des_cell Creating 
 Network docker-des_cell Creating 
 Network docker-des_cell Created 
 Network docker-des_cell Created 
 Container docker-des-node6-1 Creating 
 Container docker-des-node2-1 Creating 
 Container docker-des-node4-1 Creating 
 Container docker-des-node5-1 Creating 
 Container docker-des-node3-1 Creating 
 Container docker-des-node1-1 Creating 
 Container docker-des-node1-1 Created 
 Container docker-des-node6-1 Created 
 Container docker-des-node3-1 Created 
 Container docker-des-node2-1 Created 
 Container docker-des-node4-1 Created 
 Container docker-des-node5-1 Created 
 Container docker-des-node2-1 Starting 
 Container docker-des-node4-1 Starting 
 Container docker-des-node3-1 Starting 
 Container docker-des-node6-1 Starting 
 Container docker-des-node5-1 Starting 
 Container docker-des-node1-1 Starting 
 Container docker-des-node2-1 Started 
 Container docker-des-node4-1 Started 
 Container docker-des-node3-1 Started 
 Container docker-des-node6-1 Started 
 Container docker-des-node5-1 Started 
 Container docker-des-node1-1 Started 
== collect -> results/20260927-200439-varredura/20260927-205134-fms-6
# Execução `20260927-205134-fms-6`

- problema `fms`, família `LMOD`, **6 containers**, UDP multicast
- 5 ciclos × 44 passos = 220 passos; **220 executados**, 0 pulados
- impressão digital da configuração: `8d540ec9`
- RTT de aplicação (nó 1, 20 sondas): média 4.58 ms, mín 3.37, máx 5.25
- resultado: **complete**

| nó | supervisores | saída | disparou (local/ctrl/unctrl) | aplicou p/ pares | decifrações (ciclo 1) | HE total ms | quadros tx/rx | retx | oráculo | halt |
|---|---|---|---|---|---|---|---|---|---|---|
| 1 | S0 S1 | 0 | 40/40/40 | 0 | 202 (42) | 14108.2 | 156/1444 | 0 | PASS | não |
| 2 | S2 | 0 | 20/0/0 | 80 | 100 (20) | 6977.1 | 253/1347 | 0 | PASS | não |
| 3 | S3 | 0 | 20/0/0 | 80 | 103 (23) | 7192.8 | 250/1350 | 0 | PASS | não |
| 4 | S4 | 0 | 0/20/10 | 80 | 114 (26) | 7968.7 | 294/1306 | 0 | PASS | não |
| 5 | S5 | 0 | 0/0/0 | 110 | 129 (41) | 9019.7 | 327/1273 | 0 | PASS | não |
| 6 | S6 | 0 | 30/0/0 | 110 | 150 (38) | 10527.3 | 320/1280 | 0 | PASS | não |
| **total** | | | | | **798 (190)** | 55793.8 | 1600/8000 | 0 | | |

Fim de cada ciclo no relógio comum (o **último** nó a terminar), ms: 4355.5, 7758.1, 11139.0, 14537.9, 17931.3

Tempo por passo: ciclo 1 **98.99 ms**; ciclos 2–5 **77.14 ms**

Verificação cruzada com o supervisor MONOLÍTICO: **off**

## Verificações

| verificação | esperado | obtido | |
|---|---|---|---|
| decryptions, whole cell | 798 | 798 | ✅ |
| decryptions, whole cell, cycle 1 | 190 | 190 | ✅ |
| outcome | complete | complete | ✅ |
| same fingerprint on every node | 1 | 1 | ✅ |
| oracle PASS on every node | True | True | ✅ |
| crypto self-test PASS on every node | True | True | ✅ |

**TODAS AS VERIFICAÇÕES PASSARAM**


################ fms-6-s5  (repetição 5/5)
== build skipped (DES_SKIP_BUILD=1): using the existing image
== run: node1 node2 node3 node4 node5 node6
 Network docker-des_cell Creating 
 Network docker-des_cell Creating 
 Network docker-des_cell Created 
 Network docker-des_cell Created 
 Container docker-des-node6-1 Creating 
 Container docker-des-node2-1 Creating 
 Container docker-des-node4-1 Creating 
 Container docker-des-node1-1 Creating 
 Container docker-des-node5-1 Creating 
 Container docker-des-node3-1 Creating 
 Container docker-des-node4-1 Created 
 Container docker-des-node6-1 Created 
 Container docker-des-node2-1 Created 
 Container docker-des-node1-1 Created 
 Container docker-des-node3-1 Created 
 Container docker-des-node5-1 Created 
 Container docker-des-node6-1 Starting 
 Container docker-des-node2-1 Starting 
 Container docker-des-node3-1 Starting 
 Container docker-des-node1-1 Starting 
 Container docker-des-node4-1 Starting 
 Container docker-des-node5-1 Starting 
 Container docker-des-node6-1 Started 
 Container docker-des-node2-1 Started 
 Container docker-des-node3-1 Started 
 Container docker-des-node1-1 Started 
 Container docker-des-node4-1 Started 
 Container docker-des-node5-1 Started 
== collect -> results/20260927-200439-varredura/20260927-205213-fms-6-s5
# Execução `20260927-205213-fms-6-s5`

- problema `fms`, família `LMOD`, **6 containers**, UDP multicast
- 5 ciclos × 44 passos = 220 passos; **220 executados**, 0 pulados
- impressão digital da configuração: `22301a79`
- RTT de aplicação (nó 1, 20 sondas): média 10.58 ms, mín 2.60, máx 135.41
- resultado: **complete**

| nó | supervisores | saída | disparou (local/ctrl/unctrl) | aplicou p/ pares | decifrações (ciclo 1) | HE total ms | quadros tx/rx | retx | oráculo | halt |
|---|---|---|---|---|---|---|---|---|---|---|
| 1 | S0 S2 | 0 | 40/40/40 | 0 | 201 (41) | 14032.3 | 157/1441 | 0 | PASS | não |
| 2 | S1 | 0 | 20/0/0 | 80 | 101 (21) | 7044.2 | 251/1347 | 0 | PASS | não |
| 3 | S3 | 0 | 20/0/0 | 80 | 103 (23) | 7181.1 | 250/1348 | 0 | PASS | não |
| 4 | S4 | 0 | 0/20/10 | 80 | 114 (26) | 7956.3 | 292/1306 | 0 | PASS | não |
| 5 | S6 | 0 | 30/0/0 | 110 | 150 (38) | 10485.2 | 318/1280 | 0 | PASS | não |
| 6 | S5 | 0 | 0/0/0 | 110 | 129 (41) | 9003.9 | 330/1268 | 0 | PASS | não |
| **total** | | | | | **798 (190)** | 55703.0 | 1598/7990 | 0 | | |

Fim de cada ciclo no relógio comum (o **último** nó a terminar), ms: 4229.2, 7635.7, 11051.9, 14459.4, 17859.0

Tempo por passo: ciclo 1 **96.12 ms**; ciclos 2–5 **77.44 ms**

Verificação cruzada com o supervisor MONOLÍTICO: **off**

## Verificações

| verificação | esperado | obtido | |
|---|---|---|---|
| decryptions, whole cell | 798 | 798 | ✅ |
| decryptions, whole cell, cycle 1 | 190 | 190 | ✅ |
| outcome | complete | complete | ✅ |
| same fingerprint on every node | 1 | 1 | ✅ |
| oracle PASS on every node | True | True | ✅ |
| crypto self-test PASS on every node | True | True | ✅ |

**TODAS AS VERIFICAÇÕES PASSARAM**


################ fms-7  (repetição 5/5)
== build skipped (DES_SKIP_BUILD=1): using the existing image
== run: node1 node2 node3 node4 node5 node6 node7
 Network docker-des_cell Creating 
 Network docker-des_cell Creating 
 Network docker-des_cell Created 
 Network docker-des_cell Created 
 Container docker-des-node7-1 Creating 
 Container docker-des-node5-1 Creating 
 Container docker-des-node6-1 Creating 
 Container docker-des-node4-1 Creating 
 Container docker-des-node1-1 Creating 
 Container docker-des-node3-1 Creating 
 Container docker-des-node2-1 Creating 
 Container docker-des-node7-1 Created 
 Container docker-des-node5-1 Created 
 Container docker-des-node1-1 Created 
 Container docker-des-node6-1 Created 
 Container docker-des-node3-1 Created 
 Container docker-des-node4-1 Created 
 Container docker-des-node2-1 Created 
 Container docker-des-node4-1 Starting 
 Container docker-des-node1-1 Starting 
 Container docker-des-node5-1 Starting 
 Container docker-des-node3-1 Starting 
 Container docker-des-node7-1 Starting 
 Container docker-des-node6-1 Starting 
 Container docker-des-node2-1 Starting 
 Container docker-des-node4-1 Started 
 Container docker-des-node1-1 Started 
 Container docker-des-node5-1 Started 
 Container docker-des-node3-1 Started 
 Container docker-des-node7-1 Started 
 Container docker-des-node6-1 Started 
 Container docker-des-node2-1 Started 
== collect -> results/20260927-200439-varredura/20260927-205252-fms-7
# Execução `20260927-205252-fms-7`

- problema `fms`, família `LMOD`, **7 containers**, UDP multicast
- 5 ciclos × 44 passos = 220 passos; **220 executados**, 0 pulados
- impressão digital da configuração: `04511541`
- RTT de aplicação (nó 1, 20 sondas): média 11.35 ms, mín 4.28, máx 136.89
- resultado: **complete**

| nó | supervisores | saída | disparou (local/ctrl/unctrl) | aplicou p/ pares | decifrações (ciclo 1) | HE total ms | quadros tx/rx | retx | oráculo | halt |
|---|---|---|---|---|---|---|---|---|---|---|
| 1 | S0 | 0 | 20/40/40 | 0 | 101 (21) | 7058.5 | 164/1692 | 0 | PASS | não |
| 2 | S1 | 0 | 20/0/0 | 80 | 101 (21) | 7053.4 | 248/1608 | 0 | PASS | não |
| 3 | S2 | 0 | 20/0/0 | 80 | 100 (20) | 6982.6 | 251/1605 | 0 | PASS | não |
| 4 | S3 | 0 | 20/0/0 | 80 | 103 (23) | 7195.6 | 252/1604 | 0 | PASS | não |
| 5 | S4 | 0 | 0/20/10 | 80 | 114 (26) | 7978.6 | 294/1562 | 0 | PASS | não |
| 6 | S5 | 0 | 0/0/0 | 110 | 129 (41) | 9040.6 | 327/1529 | 0 | PASS | não |
| 7 | S6 | 0 | 30/0/0 | 110 | 150 (38) | 10559.4 | 320/1536 | 0 | PASS | não |
| **total** | | | | | **798 (190)** | 55868.7 | 1856/11136 | 0 | | |

Fim de cada ciclo no relógio comum (o **último** nó a terminar), ms: 3980.4, 6699.5, 9411.0, 12127.6, 14829.0

Tempo por passo: ciclo 1 **90.46 ms**; ciclos 2–5 **61.64 ms**

Verificação cruzada com o supervisor MONOLÍTICO: **off**

## Verificações

| verificação | esperado | obtido | |
|---|---|---|---|
| config fingerprint | 04511541 | 04511541 | ✅ |
| decryptions, whole cell | 798 | 798 | ✅ |
| decryptions, whole cell, cycle 1 | 190 | 190 | ✅ |
| outcome | complete | complete | ✅ |
| same fingerprint on every node | 1 | 1 | ✅ |
| oracle PASS on every node | True | True | ✅ |
| crypto self-test PASS on every node | True | True | ✅ |

**TODAS AS VERIFICAÇÕES PASSARAM**


================ vereditos
  fms-1                  PASS (5 de 5)
  fms-2                  PASS (5 de 5)
  fms-2-s5               PASS (5 de 5)
  fms-3                  PASS (5 de 5)
  fms-3-s5               PASS (5 de 5)
  fms-4                  PASS (5 de 5)
  fms-4-s5               PASS (5 de 5)
  fms-5                  PASS (5 de 5)
  fms-5-s5               PASS (5 de 5)
  fms-6                  PASS (5 de 5)
  fms-6-s5               PASS (5 de 5)
  fms-7                  PASS (5 de 5)

# Escala: FMS em 1, 2, 3, 4, 5, 6, 7 containers

Cada decifração leva **69 ms**, como no ESP32-S3 (`DES_EMU_SCALARMUL_MS`).
Repetições por configuração: 5, 5, 5, 5, 5, 5, 5. Tempos em ms por passo (média ± desvio padrão quando repetido).

| containers | ms/passo, ciclo 1 | aceleração | ms/passo, ciclos 2–5 | aceleração | limite (nó mais carregado) | acima do limite | verificações |
|---|---|---|---|---|---|---|---|
| 1 | 303.8 ± 1.3 | 1.00× | 241.7 ± 1.5 | 1.00× | 298.0 | 5.9 | 5/5 |
| 2 | 196.0 ± 0.9 | 1.55× | 149.1 ± 0.3 | 1.62× | 164.7 | 31.4 | 5/5 |
| 3 | 150.4 ± 0.3 | 2.02× | 112.5 ± 0.1 | 2.15× | 123.9 | 26.5 | 5/5 |
| 4 | 133.0 ± 1.3 | 2.28× | 93.8 ± 0.3 | 2.58× | 105.1 | 28.0 | 5/5 |
| 5 | 108.6 ± 0.6 | 2.80× | 82.6 ± 0.1 | 2.93× | 76.8 | 31.8 | 5/5 |
| 6 | 99.1 ± 0.2 | 3.06× | 77.2 ± 0.1 | 3.13× | 65.9 | 33.3 | 5/5 |
| 7 | 90.4 ± 0.2 | 3.36× | 61.5 ± 0.2 | 3.93× | 64.3 | 26.1 | 5/5 |

Aceleração = tempo com 1 container ÷ tempo com N. Limite = decifrações do nó mais carregado no ciclo 1 × custo de uma decifração ÷ passos do ciclo: os nós só trabalham em paralelo entre dois eventos compartilhados, então a célula nunca é mais rápida que seu nó mais carregado.

## Partição e invariantes

| containers | supervisores por container | decifrações no ciclo 1 do mais carregado | decifrações (total) | impressão digital |
|---|---|---|---|---|
| 1 | S0 S1 S2 S3 S4 S5 S6 | 190 | 798 | `3f2beff2` |
| 2 | S0 S1 S2 S3 · S4 S5 S6 | 105 | 798 | `edbd7971` |
| 3 | S0 S1 S2 · S3 S4 · S5 S6 | 79 | 798 | `04d74714` |
| 4 | S0 S1 · S2 S3 · S4 S5 · S6 | 67 | 798 | `457cc268` |
| 5 | S0 S1 · S2 · S3 S4 · S5 · S6 | 49 | 798 | `6f43d6b9` |
| 6 | S0 S1 · S2 · S3 · S4 · S5 · S6 | 42 | 798 | `8d540ec9` |
| 7 | S0 · S1 · S2 · S3 · S4 · S5 · S6 | 41 | 798 | `04511541` |

## Comparação: partição `s5` × blocos contíguos

Mesmo número de containers, outra distribuição dos supervisores. Δ = variação do tempo por passo em relação aos blocos (negativo = mais rápido).

| containers | partição `s5` | ciclo 1: blocos | ciclo 1: `s5` | Δ | ciclos 2–5: blocos | ciclos 2–5: `s5` | Δ | limite: blocos | limite: `s5` | verificações |
|---|---|---|---|---|---|---|---|---|---|---|
| 2 | S0 S1 S2 S3 S4 S6 · S5 | 196.0 ± 0.9 | 241.4 ± 1.2 | +23.2 % | 149.1 ± 0.3 | 207.9 ± 0.4 | +39.4 % | 164.7 | 233.7 | 5/5 |
| 3 | S0 S2 S6 · S1 S3 S4 · S5 | 150.4 ± 0.3 | 144.5 ± 0.3 | -3.9 % | 112.5 ± 0.1 | 119.0 ± 0.2 | +5.8 % | 123.9 | 123.9 | 5/5 |
| 4 | S0 S1 · S2 S6 · S3 S4 · S5 | 133.0 ± 1.3 | 117.7 ± 0.9 | -11.6 % | 93.8 ± 0.3 | 87.4 ± 0.2 | -6.8 % | 105.1 | 91.0 | 5/5 |
| 5 | S0 S1 · S2 S3 · S4 · S6 · S5 | 108.6 ± 0.6 | 108.4 ± 0.4 | -0.2 % | 82.6 ± 0.1 | 83.9 ± 0.1 | +1.6 % | 76.8 | 67.4 | 5/5 |
| 6 | S0 S2 · S1 · S3 · S4 · S6 · S5 | 99.1 ± 0.2 | 96.8 ± 0.5 | -2.4 % | 77.2 ± 0.1 | 77.3 ± 0.1 | +0.2 % | 65.9 | 64.3 | 5/5 |

Com 1 e com 7 containers as duas partições coincidem (1 container: todos juntos; 7: um por container).

