emulação: DES_EMU_SCALARMUL_MS=69 ms  ·  repetições: 5  ·  saída: results/20260927-170420-varredura

################ fms-1  (repetição 1/5)
== build (scenarios/fms-1.env)
 Image docker-des:fms-1n-LMOD-r5-w0 Building 
#1 [internal] load local bake definitions
#1 reading from stdin 784B done
#1 DONE 0.0s

#2 [internal] load build definition from Dockerfile
#2 transferring dockerfile: 3.32kB done
#2 DONE 0.0s

#3 resolve image config for docker-image://docker.io/docker/dockerfile:1
#3 DONE 0.8s

#4 docker-image://docker.io/docker/dockerfile:1@sha256:ecfaec9ed6d810b56388c508f4121597bfbba70d41a6dfeee4d8cad5f295fc32
#4 resolve docker.io/docker/dockerfile:1@sha256:ecfaec9ed6d810b56388c508f4121597bfbba70d41a6dfeee4d8cad5f295fc32 0.0s done
#4 CACHED

#5 [internal] load metadata for docker.io/library/ubuntu:26.04
#5 DONE 0.7s

#6 [internal] load .dockerignore
#6 transferring context: 2B done
#6 DONE 0.0s

#7 [internal] load build context
#7 transferring context: 370B done
#7 DONE 0.0s

#8 [build 1/7] FROM docker.io/library/ubuntu:26.04@sha256:da6fc2be547864451aa253836dd926da33623312df4a9a243e35dc877c378a78
#8 resolve docker.io/library/ubuntu:26.04@sha256:da6fc2be547864451aa253836dd926da33623312df4a9a243e35dc877c378a78 0.0s done
#8 DONE 0.0s

#9 [build 7/7] RUN set -eu; mkdir -p /out; pids="";     for id in $(seq 1 "1"); do       g++ -std=c++17 -O2 -Wall -Wextra -Iengine -Isrc           -DDES_DATA_HEADER=""supervisor_data_fms.h""           -DDES_NODE_ID="$id" -DDES_NUM_NODES="1"           -DDES_FAMILY="DES_FAMILY_LMOD"           -DDES_ROUNDS="5" -DDES_WORK_MS="0"                      -o "/out/des_node$id" src/des_container_main.cpp           -Wl,--wrap=mbedtls_ecp_mul -l:libmbedcrypto.a &       pids="$pids $!";     done;     for p in $pids; do wait "$p"; done;     { echo "DES_PROBLEM=fms"; echo "DES_NUM_NODES=1";       echo "DES_FAMILY=LMOD"; echo "DES_ROUNDS=5";       echo "DES_WORK_MS=0"; echo "DES_EXTRA_FLAGS=";       echo "mbedtls=$(dpkg-query -W -f='${Version}' libmbedtls-dev)";       echo "gxx=$(g++ -dumpfullversion)"; } > /out/BUILD_INFO;     cat /out/BUILD_INFO
#9 CACHED

#10 [build 4/7] COPY engine/ engine/
#10 CACHED

#11 [stage-1 2/4] RUN useradd --system --no-create-home --shell /usr/sbin/nologin des
#11 CACHED

#12 [build 3/7] WORKDIR /src
#12 CACHED

#13 [stage-1 3/4] COPY --from=build /out/ /opt/des/bin/
#13 CACHED

#14 [build 2/7] RUN apt-get update  && apt-get install -y --no-install-recommends g++ libmbedtls-dev  && rm -rf /var/lib/apt/lists/*
#14 CACHED

#15 [build 5/7] COPY src/ src/
#15 CACHED

#16 [build 6/7] RUN cd engine && sha256sum -c --quiet SHA256SUMS
#16 CACHED

#17 [stage-1 4/4] COPY --chmod=0755 docker/entrypoint.sh /usr/local/bin/des-entrypoint
#17 CACHED

#18 exporting to image
#18 exporting layers done
#18 exporting manifest sha256:78dabd39334ff0fbcc21ff2a1e01b3b8efd6f90666e871e27c96f3dab3ab3a7a done
#18 exporting config sha256:e7889ed1d7bb0898e6ab605c369d699fe6fd2f151d6abd26c97d912db9c86b90 done
#18 exporting attestation manifest sha256:8260051f074298643713fd90478c4b333a5f72dd470e85f8f8ac4e377bf521b7
#18 exporting attestation manifest sha256:8260051f074298643713fd90478c4b333a5f72dd470e85f8f8ac4e377bf521b7 0.0s done
#18 exporting manifest list sha256:bd3f80087359ff5e3274c98245f9f854c2efddfe5e41c11df18b00a12413b10a done
#18 naming to docker.io/library/docker-des:fms-1n-LMOD-r5-w0 done
#18 unpacking to docker.io/library/docker-des:fms-1n-LMOD-r5-w0 done
#18 DONE 0.1s

#19 resolving provenance for metadata file
#19 DONE 0.0s
 Image docker-des:fms-1n-LMOD-r5-w0 Built 
== run: node1
 Network docker-des_cell Creating 
 Network docker-des_cell Creating 
 Network docker-des_cell Created 
 Network docker-des_cell Created 
 Container docker-des-node1-1 Creating 
 Container docker-des-node1-1 Created 
 Container docker-des-node1-1 Starting 
 Container docker-des-node1-1 Started 
== collect -> results/20260927-170420-varredura/20260927-170420-fms-1
# Execução `20260927-170420-fms-1`

- problema `fms`, família `LMOD`, **1 containers**, UDP multicast
- 5 ciclos × 44 passos = 220 passos; **220 executados**, 0 pulados
- impressão digital da configuração: `3f2beff2`
- resultado: **complete**

| nó | supervisores | saída | disparou (local/ctrl/unctrl) | aplicou p/ pares | decifrações (ciclo 1) | HE total ms | quadros tx/rx | retx | oráculo | halt |
|---|---|---|---|---|---|---|---|---|---|---|
| 1 | S0 S1 S2 S3 S4 S5 S6 | 0 | 220/0/0 | 0 | 798 (190) | 55707.6 | 0/0 | 0 | PASS | não |
| **total** | | | | | **798 (190)** | 55707.6 | 0/0 | 0 | | |

Fim de cada ciclo no relógio comum (o **último** nó a terminar), ms: 13366.2, 23972.9, 34589.4, 45151.6, 55752.3

Tempo por passo: ciclo 1 **303.78 ms**; ciclos 2–5 **240.83 ms**

Verificação cruzada com o supervisor MONOLÍTICO: **off**

## Verificações

| verificação | esperado | obtido | |
|---|---|---|---|
| config fingerprint | 3f2beff2 | 3f2beff2 | ✅ |
| decryptions, whole cell | 798 | 798 | ✅ |
| decryptions, whole cell, cycle 1 | 190 | 190 | ✅ |
| outcome | complete | complete | ✅ |
| same fingerprint on every node | 1 | 1 | ✅ |
| oracle PASS on every node | True | True | ✅ |
| crypto self-test PASS on every node | True | True | ✅ |

**TODAS AS VERIFICAÇÕES PASSARAM**


################ fms-2  (repetição 1/5)
== build (scenarios/fms-2.env)
 Image docker-des:fms-2n-LMOD-r5-w0 Building 
#1 [internal] load local bake definitions
#1 reading from stdin 784B done
#1 DONE 0.0s

#2 [internal] load build definition from Dockerfile
#2 transferring dockerfile: 3.32kB done
#2 DONE 0.0s

#3 resolve image config for docker-image://docker.io/docker/dockerfile:1
#3 DONE 1.1s

#4 docker-image://docker.io/docker/dockerfile:1@sha256:ecfaec9ed6d810b56388c508f4121597bfbba70d41a6dfeee4d8cad5f295fc32
#4 resolve docker.io/docker/dockerfile:1@sha256:ecfaec9ed6d810b56388c508f4121597bfbba70d41a6dfeee4d8cad5f295fc32 0.0s done
#4 CACHED

#5 [internal] load metadata for docker.io/library/ubuntu:26.04
#5 DONE 0.6s

#6 [internal] load .dockerignore
#6 transferring context: 2B done
#6 DONE 0.0s

#7 [internal] load build context
#7 transferring context: 370B done
#7 DONE 0.0s

#8 [build 1/7] FROM docker.io/library/ubuntu:26.04@sha256:da6fc2be547864451aa253836dd926da33623312df4a9a243e35dc877c378a78
#8 resolve docker.io/library/ubuntu:26.04@sha256:da6fc2be547864451aa253836dd926da33623312df4a9a243e35dc877c378a78 0.0s done
#8 DONE 0.0s

#9 [build 4/7] COPY engine/ engine/
#9 CACHED

#10 [stage-1 2/4] RUN useradd --system --no-create-home --shell /usr/sbin/nologin des
#10 CACHED

#11 [build 3/7] WORKDIR /src
#11 CACHED

#12 [build 6/7] RUN cd engine && sha256sum -c --quiet SHA256SUMS
#12 CACHED

#13 [build 7/7] RUN set -eu; mkdir -p /out; pids="";     for id in $(seq 1 "2"); do       g++ -std=c++17 -O2 -Wall -Wextra -Iengine -Isrc           -DDES_DATA_HEADER=""supervisor_data_fms.h""           -DDES_NODE_ID="$id" -DDES_NUM_NODES="2"           -DDES_FAMILY="DES_FAMILY_LMOD"           -DDES_ROUNDS="5" -DDES_WORK_MS="0"                      -o "/out/des_node$id" src/des_container_main.cpp           -Wl,--wrap=mbedtls_ecp_mul -l:libmbedcrypto.a &       pids="$pids $!";     done;     for p in $pids; do wait "$p"; done;     { echo "DES_PROBLEM=fms"; echo "DES_NUM_NODES=2";       echo "DES_FAMILY=LMOD"; echo "DES_ROUNDS=5";       echo "DES_WORK_MS=0"; echo "DES_EXTRA_FLAGS=";       echo "mbedtls=$(dpkg-query -W -f='${Version}' libmbedtls-dev)";       echo "gxx=$(g++ -dumpfullversion)"; } > /out/BUILD_INFO;     cat /out/BUILD_INFO
#13 CACHED

#14 [build 5/7] COPY src/ src/
#14 CACHED

#15 [stage-1 3/4] COPY --from=build /out/ /opt/des/bin/
#15 CACHED

#16 [build 2/7] RUN apt-get update  && apt-get install -y --no-install-recommends g++ libmbedtls-dev  && rm -rf /var/lib/apt/lists/*
#16 CACHED

#17 [stage-1 4/4] COPY --chmod=0755 docker/entrypoint.sh /usr/local/bin/des-entrypoint
#17 CACHED

#18 exporting to image
#18 exporting layers done
#18 exporting manifest sha256:2474a786c18315f90345bdfb6bc03ff832b22e23b6050a625d08c69d0baee990 done
#18 exporting config sha256:6f83042843afeb4b197a11d309ccd5c6f71cf022f9a69b66a4ab1c8299e7fb37 done
#18 exporting attestation manifest sha256:a6df903014437c97ed34be7701792a1a6eb2de7aaa1d16c336fdebf6e7cacf4b
#18 exporting attestation manifest sha256:a6df903014437c97ed34be7701792a1a6eb2de7aaa1d16c336fdebf6e7cacf4b 0.0s done
#18 exporting manifest list sha256:04549fcfb908653616421af870a4df7bd9cf9881cf6679309c08930458a9823f 0.0s done
#18 naming to docker.io/library/docker-des:fms-2n-LMOD-r5-w0 done
#18 unpacking to docker.io/library/docker-des:fms-2n-LMOD-r5-w0 done
#18 DONE 0.1s

#19 resolving provenance for metadata file
#19 DONE 0.0s
 Image docker-des:fms-2n-LMOD-r5-w0 Built 
== run: node1 node2
 Network docker-des_cell Creating 
 Network docker-des_cell Creating 
 Network docker-des_cell Created 
 Network docker-des_cell Created 
 Container docker-des-node2-1 Creating 
 Container docker-des-node1-1 Creating 
 Container docker-des-node2-1 Created 
 Container docker-des-node1-1 Created 
 Container docker-des-node1-1 Starting 
 Container docker-des-node2-1 Starting 
 Container docker-des-node1-1 Started 
 Container docker-des-node2-1 Started 
== collect -> results/20260927-170420-varredura/20260927-170540-fms-2
# Execução `20260927-170540-fms-2`

- problema `fms`, família `LMOD`, **2 containers**, UDP multicast
- 5 ciclos × 44 passos = 220 passos; **220 executados**, 0 pulados
- impressão digital da configuração: `edbd7971`
- RTT de aplicação (nó 1, 20 sondas): média 3.39 ms, mín 2.33, máx 4.46
- resultado: **complete**

| nó | supervisores | saída | disparou (local/ctrl/unctrl) | aplicou p/ pares | decifrações (ciclo 1) | HE total ms | quadros tx/rx | retx | oráculo | halt |
|---|---|---|---|---|---|---|---|---|---|---|
| 1 | S0 S1 S2 S3 | 0 | 80/40/40 | 0 | 405 (85) | 28193.3 | 150/230 | 0 | PASS | não |
| 2 | S4 S5 S6 | 0 | 60/0/0 | 80 | 393 (105) | 27372.4 | 230/150 | 0 | PASS | não |
| **total** | | | | | **798 (190)** | 55565.7 | 380/380 | 0 | | |

Fim de cada ciclo no relógio comum (o **último** nó a terminar), ms: 8555.7, 15112.2, 21655.3, 28194.3, 34729.5

Tempo por passo: ciclo 1 **194.45 ms**; ciclos 2–5 **148.71 ms**

Verificação cruzada com o supervisor MONOLÍTICO: **off**

## Verificações

| verificação | esperado | obtido | |
|---|---|---|---|
| config fingerprint | edbd7971 | edbd7971 | ✅ |
| decryptions per node | 405 393 | 405 393 | ✅ |
| decryptions per node, cycle 1 | 85 105 | 85 105 | ✅ |
| decryptions, whole cell | 798 | 798 | ✅ |
| decryptions, whole cell, cycle 1 | 190 | 190 | ✅ |
| outcome | complete | complete | ✅ |
| same fingerprint on every node | 1 | 1 | ✅ |
| oracle PASS on every node | True | True | ✅ |
| crypto self-test PASS on every node | True | True | ✅ |

**TODAS AS VERIFICAÇÕES PASSARAM**


################ fms-3  (repetição 1/5)
== build (scenarios/fms-3.env)
 Image docker-des:fms-3n-LMOD-r5-w0 Building 
#1 [internal] load local bake definitions
#1 reading from stdin 784B done
#1 DONE 0.0s

#2 [internal] load build definition from Dockerfile
#2 transferring dockerfile: 3.32kB done
#2 DONE 0.0s

#3 resolve image config for docker-image://docker.io/docker/dockerfile:1
#3 DONE 0.6s

#4 docker-image://docker.io/docker/dockerfile:1@sha256:ecfaec9ed6d810b56388c508f4121597bfbba70d41a6dfeee4d8cad5f295fc32
#4 resolve docker.io/docker/dockerfile:1@sha256:ecfaec9ed6d810b56388c508f4121597bfbba70d41a6dfeee4d8cad5f295fc32 0.0s done
#4 CACHED

#5 [internal] load metadata for docker.io/library/ubuntu:26.04
#5 DONE 0.5s

#6 [internal] load .dockerignore
#6 transferring context: 2B done
#6 DONE 0.0s

#7 [internal] load build context
#7 transferring context: 370B done
#7 DONE 0.0s

#8 [build 1/7] FROM docker.io/library/ubuntu:26.04@sha256:da6fc2be547864451aa253836dd926da33623312df4a9a243e35dc877c378a78
#8 resolve docker.io/library/ubuntu:26.04@sha256:da6fc2be547864451aa253836dd926da33623312df4a9a243e35dc877c378a78 0.0s done
#8 DONE 0.0s

#9 [build 3/7] WORKDIR /src
#9 CACHED

#10 [build 5/7] COPY src/ src/
#10 CACHED

#11 [build 6/7] RUN cd engine && sha256sum -c --quiet SHA256SUMS
#11 CACHED

#12 [stage-1 3/4] COPY --from=build /out/ /opt/des/bin/
#12 CACHED

#13 [build 7/7] RUN set -eu; mkdir -p /out; pids="";     for id in $(seq 1 "3"); do       g++ -std=c++17 -O2 -Wall -Wextra -Iengine -Isrc           -DDES_DATA_HEADER=""supervisor_data_fms.h""           -DDES_NODE_ID="$id" -DDES_NUM_NODES="3"           -DDES_FAMILY="DES_FAMILY_LMOD"           -DDES_ROUNDS="5" -DDES_WORK_MS="0"                      -o "/out/des_node$id" src/des_container_main.cpp           -Wl,--wrap=mbedtls_ecp_mul -l:libmbedcrypto.a &       pids="$pids $!";     done;     for p in $pids; do wait "$p"; done;     { echo "DES_PROBLEM=fms"; echo "DES_NUM_NODES=3";       echo "DES_FAMILY=LMOD"; echo "DES_ROUNDS=5";       echo "DES_WORK_MS=0"; echo "DES_EXTRA_FLAGS=";       echo "mbedtls=$(dpkg-query -W -f='${Version}' libmbedtls-dev)";       echo "gxx=$(g++ -dumpfullversion)"; } > /out/BUILD_INFO;     cat /out/BUILD_INFO
#13 CACHED

#14 [build 4/7] COPY engine/ engine/
#14 CACHED

#15 [stage-1 2/4] RUN useradd --system --no-create-home --shell /usr/sbin/nologin des
#15 CACHED

#16 [build 2/7] RUN apt-get update  && apt-get install -y --no-install-recommends g++ libmbedtls-dev  && rm -rf /var/lib/apt/lists/*
#16 CACHED

#17 [stage-1 4/4] COPY --chmod=0755 docker/entrypoint.sh /usr/local/bin/des-entrypoint
#17 CACHED

#18 exporting to image
#18 exporting layers done
#18 exporting manifest sha256:cf133c6166c3cf968e45a5aebc8348e1fc86627e7b51065ea4a723d909191a4e done
#18 exporting config sha256:3d158ed4b5f40a0d5ed58a77af2fc354f662f734e6d0847c01034c0b39c15070 done
#18 exporting attestation manifest sha256:44a0a664b8b530fcbd4a210bda467e283c6645162c12d4f6d61f8fe767429efd 0.0s done
#18 exporting manifest list sha256:c67dee3acf7e45a761f146a42f9b0d38e2862e672a5f48f0a85c0bbbbcc41a15 done
#18 naming to docker.io/library/docker-des:fms-3n-LMOD-r5-w0 done
#18 unpacking to docker.io/library/docker-des:fms-3n-LMOD-r5-w0 0.0s done
#18 DONE 0.1s

#19 resolving provenance for metadata file
#19 DONE 0.0s
 Image docker-des:fms-3n-LMOD-r5-w0 Built 
== run: node1 node2 node3
 Network docker-des_cell Creating 
 Network docker-des_cell Creating 
 Network docker-des_cell Created 
 Network docker-des_cell Created 
 Container docker-des-node3-1 Creating 
 Container docker-des-node2-1 Creating 
 Container docker-des-node1-1 Creating 
 Container docker-des-node3-1 Created 
 Container docker-des-node1-1 Created 
 Container docker-des-node2-1 Created 
 Container docker-des-node3-1 Starting 
 Container docker-des-node1-1 Starting 
 Container docker-des-node2-1 Starting 
 Container docker-des-node3-1 Started 
 Container docker-des-node1-1 Started 
 Container docker-des-node2-1 Started 
== collect -> results/20260927-170420-varredura/20260927-170638-fms-3
# Execução `20260927-170638-fms-3`

- problema `fms`, família `LMOD`, **3 containers**, UDP multicast
- 5 ciclos × 44 passos = 220 passos; **220 executados**, 0 pulados
- impressão digital da configuração: `04d74714`
- RTT de aplicação (nó 1, 20 sondas): média 3.46 ms, mín 2.41, máx 4.93
- resultado: **complete**

| nó | supervisores | saída | disparou (local/ctrl/unctrl) | aplicou p/ pares | decifrações (ciclo 1) | HE total ms | quadros tx/rx | retx | oráculo | halt |
|---|---|---|---|---|---|---|---|---|---|---|
| 1 | S0 S1 S2 | 0 | 60/40/40 | 0 | 302 (62) | 21022.8 | 150/596 | 0 | PASS | não |
| 2 | S3 S4 | 0 | 20/20/10 | 80 | 217 (49) | 15106.4 | 284/462 | 0 | PASS | não |
| 3 | S5 S6 | 0 | 30/0/0 | 110 | 279 (79) | 19487.3 | 312/434 | 0 | PASS | não |
| **total** | | | | | **798 (190)** | 55616.5 | 746/1492 | 0 | | |

Fim de cada ciclo no relógio comum (o **último** nó a terminar), ms: 6572.6, 11493.8, 16425.7, 21363.9, 26306.2

Tempo por passo: ciclo 1 **149.38 ms**; ciclos 2–5 **112.12 ms**

Verificação cruzada com o supervisor MONOLÍTICO: **off**

## Verificações

| verificação | esperado | obtido | |
|---|---|---|---|
| decryptions, whole cell | 798 | 798 | ✅ |
| decryptions, whole cell, cycle 1 | 190 | 190 | ✅ |
| outcome | complete | complete | ✅ |
| same fingerprint on every node | 1 | 1 | ✅ |
| oracle PASS on every node | True | True | ✅ |
| crypto self-test PASS on every node | True | True | ✅ |

**TODAS AS VERIFICAÇÕES PASSARAM**


################ fms-4  (repetição 1/5)
== build (scenarios/fms-4.env)
 Image docker-des:fms-4n-LMOD-r5-w0 Building 
#1 [internal] load local bake definitions
#1 reading from stdin 784B done
#1 DONE 0.0s

#2 [internal] load build definition from Dockerfile
#2 transferring dockerfile: 3.32kB done
#2 DONE 0.0s

#3 resolve image config for docker-image://docker.io/docker/dockerfile:1
#3 DONE 0.6s

#4 docker-image://docker.io/docker/dockerfile:1@sha256:ecfaec9ed6d810b56388c508f4121597bfbba70d41a6dfeee4d8cad5f295fc32
#4 resolve docker.io/docker/dockerfile:1@sha256:ecfaec9ed6d810b56388c508f4121597bfbba70d41a6dfeee4d8cad5f295fc32 0.1s done
#4 CACHED

#5 [internal] load metadata for docker.io/library/ubuntu:26.04
#5 DONE 0.5s

#6 [internal] load .dockerignore
#6 transferring context: 2B done
#6 DONE 0.0s

#7 [internal] load build context
#7 transferring context: 370B done
#7 DONE 0.0s

#8 [build 1/7] FROM docker.io/library/ubuntu:26.04@sha256:da6fc2be547864451aa253836dd926da33623312df4a9a243e35dc877c378a78
#8 resolve docker.io/library/ubuntu:26.04@sha256:da6fc2be547864451aa253836dd926da33623312df4a9a243e35dc877c378a78 0.0s done
#8 DONE 0.0s

#9 [build 6/7] RUN cd engine && sha256sum -c --quiet SHA256SUMS
#9 CACHED

#10 [build 7/7] RUN set -eu; mkdir -p /out; pids="";     for id in $(seq 1 "4"); do       g++ -std=c++17 -O2 -Wall -Wextra -Iengine -Isrc           -DDES_DATA_HEADER=""supervisor_data_fms.h""           -DDES_NODE_ID="$id" -DDES_NUM_NODES="4"           -DDES_FAMILY="DES_FAMILY_LMOD"           -DDES_ROUNDS="5" -DDES_WORK_MS="0"                      -o "/out/des_node$id" src/des_container_main.cpp           -Wl,--wrap=mbedtls_ecp_mul -l:libmbedcrypto.a &       pids="$pids $!";     done;     for p in $pids; do wait "$p"; done;     { echo "DES_PROBLEM=fms"; echo "DES_NUM_NODES=4";       echo "DES_FAMILY=LMOD"; echo "DES_ROUNDS=5";       echo "DES_WORK_MS=0"; echo "DES_EXTRA_FLAGS=";       echo "mbedtls=$(dpkg-query -W -f='${Version}' libmbedtls-dev)";       echo "gxx=$(g++ -dumpfullversion)"; } > /out/BUILD_INFO;     cat /out/BUILD_INFO
#10 CACHED

#11 [stage-1 2/4] RUN useradd --system --no-create-home --shell /usr/sbin/nologin des
#11 CACHED

#12 [build 3/7] WORKDIR /src
#12 CACHED

#13 [build 4/7] COPY engine/ engine/
#13 CACHED

#14 [stage-1 3/4] COPY --from=build /out/ /opt/des/bin/
#14 CACHED

#15 [build 2/7] RUN apt-get update  && apt-get install -y --no-install-recommends g++ libmbedtls-dev  && rm -rf /var/lib/apt/lists/*
#15 CACHED

#16 [build 5/7] COPY src/ src/
#16 CACHED

#17 [stage-1 4/4] COPY --chmod=0755 docker/entrypoint.sh /usr/local/bin/des-entrypoint
#17 CACHED

#18 exporting to image
#18 exporting layers done
#18 exporting manifest sha256:6991d8fe1ab0e62161f1843547152530eb7ac1a2ded996e44ed0edfc23c66fe2 done
#18 exporting config sha256:25348effe58b811444f52ea3e930769d22c8a9caec84a717479796c5452aeedb done
#18 exporting attestation manifest sha256:27bdf028906e8b49768d6806e2655d4bdf6dd65abc65e0502bdf2d469c1b4a43 0.0s done
#18 exporting manifest list sha256:9e507a9ba2c106a3b1be891031a27d6415da60a51666c2368d2bb62f7b4d3100 0.0s done
#18 naming to docker.io/library/docker-des:fms-4n-LMOD-r5-w0 done
#18 unpacking to docker.io/library/docker-des:fms-4n-LMOD-r5-w0 0.0s done
#18 DONE 0.1s

#19 resolving provenance for metadata file
#19 DONE 0.0s
 Image docker-des:fms-4n-LMOD-r5-w0 Built 
== run: node1 node2 node3 node4
 Network docker-des_cell Creating 
 Network docker-des_cell Creating 
 Network docker-des_cell Created 
 Network docker-des_cell Created 
 Container docker-des-node4-1 Creating 
 Container docker-des-node1-1 Creating 
 Container docker-des-node2-1 Creating 
 Container docker-des-node3-1 Creating 
 Container docker-des-node1-1 Created 
 Container docker-des-node4-1 Created 
 Container docker-des-node2-1 Created 
 Container docker-des-node3-1 Created 
 Container docker-des-node1-1 Starting 
 Container docker-des-node2-1 Starting 
 Container docker-des-node4-1 Starting 
 Container docker-des-node3-1 Starting 
 Container docker-des-node1-1 Started 
 Container docker-des-node2-1 Started 
 Container docker-des-node4-1 Started 
 Container docker-des-node3-1 Started 
== collect -> results/20260927-170420-varredura/20260927-170727-fms-4
# Execução `20260927-170727-fms-4`

- problema `fms`, família `LMOD`, **4 containers**, UDP multicast
- 5 ciclos × 44 passos = 220 passos; **220 executados**, 0 pulados
- impressão digital da configuração: `457cc268`
- RTT de aplicação (nó 1, 20 sondas): média 3.91 ms, mín 2.38, máx 5.46
- resultado: **complete**

| nó | supervisores | saída | disparou (local/ctrl/unctrl) | aplicou p/ pares | decifrações (ciclo 1) | HE total ms | quadros tx/rx | retx | oráculo | halt |
|---|---|---|---|---|---|---|---|---|---|---|
| 1 | S0 S1 | 0 | 40/40/40 | 0 | 202 (42) | 14071.5 | 156/850 | 0 | PASS | não |
| 2 | S2 S3 | 0 | 40/0/0 | 80 | 203 (43) | 14127.7 | 249/757 | 0 | PASS | não |
| 3 | S4 S5 | 0 | 0/20/10 | 80 | 243 (67) | 16945.1 | 284/722 | 0 | PASS | não |
| 4 | S6 | 0 | 30/0/0 | 110 | 150 (38) | 10496.4 | 317/689 | 0 | PASS | não |
| **total** | | | | | **798 (190)** | 55640.7 | 1006/3018 | 0 | | |

Fim de cada ciclo no relógio comum (o **último** nó a terminar), ms: 5839.8, 9968.5, 14080.1, 18205.4, 22313.8

Tempo por passo: ciclo 1 **132.72 ms**; ciclos 2–5 **93.60 ms**

Verificação cruzada com o supervisor MONOLÍTICO: **off**

## Verificações

| verificação | esperado | obtido | |
|---|---|---|---|
| decryptions, whole cell | 798 | 798 | ✅ |
| decryptions, whole cell, cycle 1 | 190 | 190 | ✅ |
| outcome | complete | complete | ✅ |
| same fingerprint on every node | 1 | 1 | ✅ |
| oracle PASS on every node | True | True | ✅ |
| crypto self-test PASS on every node | True | True | ✅ |

**TODAS AS VERIFICAÇÕES PASSARAM**


################ fms-5  (repetição 1/5)
== build (scenarios/fms-5.env)
 Image docker-des:fms-5n-LMOD-r5-w0 Building 
#1 [internal] load local bake definitions
#1 reading from stdin 784B done
#1 DONE 0.0s

#2 [internal] load build definition from Dockerfile
#2 transferring dockerfile: 3.32kB done
#2 DONE 0.0s

#3 resolve image config for docker-image://docker.io/docker/dockerfile:1
#3 DONE 0.5s

#4 docker-image://docker.io/docker/dockerfile:1@sha256:ecfaec9ed6d810b56388c508f4121597bfbba70d41a6dfeee4d8cad5f295fc32
#4 resolve docker.io/docker/dockerfile:1@sha256:ecfaec9ed6d810b56388c508f4121597bfbba70d41a6dfeee4d8cad5f295fc32 0.0s done
#4 CACHED

#5 [internal] load metadata for docker.io/library/ubuntu:26.04
#5 DONE 0.5s

#6 [internal] load .dockerignore
#6 transferring context: 2B done
#6 DONE 0.0s

#7 [internal] load build context
#7 transferring context: 370B done
#7 DONE 0.0s

#8 [build 1/7] FROM docker.io/library/ubuntu:26.04@sha256:da6fc2be547864451aa253836dd926da33623312df4a9a243e35dc877c378a78
#8 resolve docker.io/library/ubuntu:26.04@sha256:da6fc2be547864451aa253836dd926da33623312df4a9a243e35dc877c378a78 0.0s done
#8 DONE 0.0s

#9 [build 2/7] RUN apt-get update  && apt-get install -y --no-install-recommends g++ libmbedtls-dev  && rm -rf /var/lib/apt/lists/*
#9 CACHED

#10 [build 3/7] WORKDIR /src
#10 CACHED

#11 [build 6/7] RUN cd engine && sha256sum -c --quiet SHA256SUMS
#11 CACHED

#12 [stage-1 2/4] RUN useradd --system --no-create-home --shell /usr/sbin/nologin des
#12 CACHED

#13 [build 4/7] COPY engine/ engine/
#13 CACHED

#14 [build 5/7] COPY src/ src/
#14 CACHED

#15 [build 7/7] RUN set -eu; mkdir -p /out; pids="";     for id in $(seq 1 "5"); do       g++ -std=c++17 -O2 -Wall -Wextra -Iengine -Isrc           -DDES_DATA_HEADER=""supervisor_data_fms.h""           -DDES_NODE_ID="$id" -DDES_NUM_NODES="5"           -DDES_FAMILY="DES_FAMILY_LMOD"           -DDES_ROUNDS="5" -DDES_WORK_MS="0"                      -o "/out/des_node$id" src/des_container_main.cpp           -Wl,--wrap=mbedtls_ecp_mul -l:libmbedcrypto.a &       pids="$pids $!";     done;     for p in $pids; do wait "$p"; done;     { echo "DES_PROBLEM=fms"; echo "DES_NUM_NODES=5";       echo "DES_FAMILY=LMOD"; echo "DES_ROUNDS=5";       echo "DES_WORK_MS=0"; echo "DES_EXTRA_FLAGS=";       echo "mbedtls=$(dpkg-query -W -f='${Version}' libmbedtls-dev)";       echo "gxx=$(g++ -dumpfullversion)"; } > /out/BUILD_INFO;     cat /out/BUILD_INFO
#15 CACHED

#16 [stage-1 3/4] COPY --from=build /out/ /opt/des/bin/
#16 CACHED

#17 [stage-1 4/4] COPY --chmod=0755 docker/entrypoint.sh /usr/local/bin/des-entrypoint
#17 CACHED

#18 exporting to image
#18 exporting layers done
#18 exporting manifest sha256:bde43a2ad16f3b18a34239326a209a184334823d479d96824c5f61cbbad80ea7 done
#18 exporting config sha256:c4863b7df24544b49c675ef006267dde06d1afbdc79cfb528fbc678e34dffec6 done
#18 exporting attestation manifest sha256:8a242bed42f74ddab9c074de6e6da30b0930d30fbada53c3412cf61599c34515 0.0s done
#18 exporting manifest list sha256:7ee576d7f75840d71da902767af73da2e12be67e23da9f7bdbeca16be4e115fd 0.0s done
#18 naming to docker.io/library/docker-des:fms-5n-LMOD-r5-w0 done
#18 unpacking to docker.io/library/docker-des:fms-5n-LMOD-r5-w0 0.0s done
#18 DONE 0.1s

#19 resolving provenance for metadata file
#19 DONE 0.0s
 Image docker-des:fms-5n-LMOD-r5-w0 Built 
== run: node1 node2 node3 node4 node5
 Network docker-des_cell Creating 
 Network docker-des_cell Creating 
 Network docker-des_cell Created 
 Network docker-des_cell Created 
 Container docker-des-node3-1 Creating 
 Container docker-des-node5-1 Creating 
 Container docker-des-node1-1 Creating 
 Container docker-des-node4-1 Creating 
 Container docker-des-node2-1 Creating 
 Container docker-des-node5-1 Created 
 Container docker-des-node2-1 Created 
 Container docker-des-node3-1 Created 
 Container docker-des-node4-1 Created 
 Container docker-des-node1-1 Created 
 Container docker-des-node2-1 Starting 
 Container docker-des-node3-1 Starting 
 Container docker-des-node5-1 Starting 
 Container docker-des-node4-1 Starting 
 Container docker-des-node1-1 Starting 
 Container docker-des-node2-1 Started 
 Container docker-des-node3-1 Started 
 Container docker-des-node5-1 Started 
 Container docker-des-node4-1 Started 
 Container docker-des-node1-1 Started 
== collect -> results/20260927-170420-varredura/20260927-170813-fms-5
# Execução `20260927-170813-fms-5`

- problema `fms`, família `LMOD`, **5 containers**, UDP multicast
- 5 ciclos × 44 passos = 220 passos; **220 executados**, 0 pulados
- impressão digital da configuração: `6f43d6b9`
- RTT de aplicação (nó 1, 20 sondas): média 3.36 ms, mín 2.38, máx 4.87
- resultado: **complete**

| nó | supervisores | saída | disparou (local/ctrl/unctrl) | aplicou p/ pares | decifrações (ciclo 1) | HE total ms | quadros tx/rx | retx | oráculo | halt |
|---|---|---|---|---|---|---|---|---|---|---|
| 1 | S0 S1 | 0 | 40/40/40 | 0 | 202 (42) | 14082.0 | 154/1180 | 0 | PASS | não |
| 2 | S2 | 0 | 20/0/0 | 80 | 100 (20) | 6963.7 | 250/1084 | 0 | PASS | não |
| 3 | S3 S4 | 0 | 20/20/10 | 80 | 217 (49) | 15119.5 | 287/1047 | 0 | PASS | não |
| 4 | S5 | 0 | 0/0/0 | 110 | 129 (41) | 9002.6 | 325/1009 | 0 | PASS | não |
| 5 | S6 | 0 | 30/0/0 | 110 | 150 (38) | 10502.1 | 318/1016 | 0 | PASS | não |
| **total** | | | | | **798 (190)** | 55669.9 | 1334/5336 | 0 | | |

Fim de cada ciclo no relógio comum (o **último** nó a terminar), ms: 4755.5, 8379.3, 12015.0, 15637.5, 19264.0

Tempo por passo: ciclo 1 **108.08 ms**; ciclos 2–5 **82.43 ms**

Verificação cruzada com o supervisor MONOLÍTICO: **off**

## Verificações

| verificação | esperado | obtido | |
|---|---|---|---|
| decryptions, whole cell | 798 | 798 | ✅ |
| decryptions, whole cell, cycle 1 | 190 | 190 | ✅ |
| outcome | complete | complete | ✅ |
| same fingerprint on every node | 1 | 1 | ✅ |
| oracle PASS on every node | True | True | ✅ |
| crypto self-test PASS on every node | True | True | ✅ |

**TODAS AS VERIFICAÇÕES PASSARAM**


################ fms-6  (repetição 1/5)
== build (scenarios/fms-6.env)
 Image docker-des:fms-6n-LMOD-r5-w0 Building 
#1 [internal] load local bake definitions
#1 reading from stdin 784B done
#1 DONE 0.0s

#2 [internal] load build definition from Dockerfile
#2 transferring dockerfile: 3.32kB done
#2 DONE 0.0s

#3 resolve image config for docker-image://docker.io/docker/dockerfile:1
#3 DONE 0.8s

#4 docker-image://docker.io/docker/dockerfile:1@sha256:ecfaec9ed6d810b56388c508f4121597bfbba70d41a6dfeee4d8cad5f295fc32
#4 resolve docker.io/docker/dockerfile:1@sha256:ecfaec9ed6d810b56388c508f4121597bfbba70d41a6dfeee4d8cad5f295fc32 0.0s done
#4 CACHED

#5 [internal] load metadata for docker.io/library/ubuntu:26.04
#5 DONE 1.0s

#6 [internal] load .dockerignore
#6 transferring context: 2B done
#6 DONE 0.0s

#7 [internal] load build context
#7 transferring context: 370B done
#7 DONE 0.0s

#8 [build 1/7] FROM docker.io/library/ubuntu:26.04@sha256:da6fc2be547864451aa253836dd926da33623312df4a9a243e35dc877c378a78
#8 resolve docker.io/library/ubuntu:26.04@sha256:da6fc2be547864451aa253836dd926da33623312df4a9a243e35dc877c378a78 0.0s done
#8 DONE 0.0s

#9 [build 2/7] RUN apt-get update  && apt-get install -y --no-install-recommends g++ libmbedtls-dev  && rm -rf /var/lib/apt/lists/*
#9 CACHED

#10 [build 3/7] WORKDIR /src
#10 CACHED

#11 [build 4/7] COPY engine/ engine/
#11 CACHED

#12 [build 5/7] COPY src/ src/
#12 CACHED

#13 [build 6/7] RUN cd engine && sha256sum -c --quiet SHA256SUMS
#13 CACHED

#14 [build 7/7] RUN set -eu; mkdir -p /out; pids="";     for id in $(seq 1 "6"); do       g++ -std=c++17 -O2 -Wall -Wextra -Iengine -Isrc           -DDES_DATA_HEADER=""supervisor_data_fms.h""           -DDES_NODE_ID="$id" -DDES_NUM_NODES="6"           -DDES_FAMILY="DES_FAMILY_LMOD"           -DDES_ROUNDS="5" -DDES_WORK_MS="0"                      -o "/out/des_node$id" src/des_container_main.cpp           -Wl,--wrap=mbedtls_ecp_mul -l:libmbedcrypto.a &       pids="$pids $!";     done;     for p in $pids; do wait "$p"; done;     { echo "DES_PROBLEM=fms"; echo "DES_NUM_NODES=6";       echo "DES_FAMILY=LMOD"; echo "DES_ROUNDS=5";       echo "DES_WORK_MS=0"; echo "DES_EXTRA_FLAGS=";       echo "mbedtls=$(dpkg-query -W -f='${Version}' libmbedtls-dev)";       echo "gxx=$(g++ -dumpfullversion)"; } > /out/BUILD_INFO;     cat /out/BUILD_INFO
#14 CACHED

#15 [stage-1 3/4] COPY --from=build /out/ /opt/des/bin/
#15 CACHED

#16 [stage-1 2/4] RUN useradd --system --no-create-home --shell /usr/sbin/nologin des
#16 CACHED

#17 [stage-1 4/4] COPY --chmod=0755 docker/entrypoint.sh /usr/local/bin/des-entrypoint
#17 CACHED

#18 exporting to image
#18 exporting layers done
#18 exporting manifest sha256:d29872e86dfc17b3888d523d1dc1783eea05238ebd238eb099573e56511ad5a9 done
#18 exporting config sha256:58b85400ed9ae8b9a6867c2cbfe736762ed3df2ca8ce431fab6b7b032b1f99a8
#18 exporting config sha256:58b85400ed9ae8b9a6867c2cbfe736762ed3df2ca8ce431fab6b7b032b1f99a8 done
#18 exporting attestation manifest sha256:07eba90c335a2e6c0efc87a14b2ab46ef288a68e94234075ff8592ac68f061cf 0.0s done
#18 exporting manifest list sha256:2500107b4805774ca83f492f70c556f264085979683399c559a3c58e52acb469 done
#18 naming to docker.io/library/docker-des:fms-6n-LMOD-r5-w0 done
#18 unpacking to docker.io/library/docker-des:fms-6n-LMOD-r5-w0 done
#18 DONE 0.1s

#19 resolving provenance for metadata file
#19 DONE 0.0s
 Image docker-des:fms-6n-LMOD-r5-w0 Built 
== run: node1 node2 node3 node4 node5 node6
 Network docker-des_cell Creating 
 Network docker-des_cell Creating 
 Network docker-des_cell Created 
 Network docker-des_cell Created 
 Container docker-des-node6-1 Creating 
 Container docker-des-node5-1 Creating 
 Container docker-des-node1-1 Creating 
 Container docker-des-node2-1 Creating 
 Container docker-des-node3-1 Creating 
 Container docker-des-node4-1 Creating 
 Container docker-des-node6-1 Created 
 Container docker-des-node3-1 Created 
 Container docker-des-node5-1 Created 
 Container docker-des-node2-1 Created 
 Container docker-des-node4-1 Created 
 Container docker-des-node1-1 Created 
 Container docker-des-node2-1 Starting 
 Container docker-des-node4-1 Starting 
 Container docker-des-node3-1 Starting 
 Container docker-des-node6-1 Starting 
 Container docker-des-node1-1 Starting 
 Container docker-des-node5-1 Starting 
 Container docker-des-node2-1 Started 
 Container docker-des-node4-1 Started 
 Container docker-des-node3-1 Started 
 Container docker-des-node6-1 Started 
 Container docker-des-node1-1 Started 
 Container docker-des-node5-1 Started 
== collect -> results/20260927-170420-varredura/20260927-170855-fms-6
# Execução `20260927-170855-fms-6`

- problema `fms`, família `LMOD`, **6 containers**, UDP multicast
- 5 ciclos × 44 passos = 220 passos; **220 executados**, 0 pulados
- impressão digital da configuração: `8d540ec9`
- RTT de aplicação (nó 1, 20 sondas): média 4.12 ms, mín 2.42, máx 6.22
- resultado: **complete**

| nó | supervisores | saída | disparou (local/ctrl/unctrl) | aplicou p/ pares | decifrações (ciclo 1) | HE total ms | quadros tx/rx | retx | oráculo | halt |
|---|---|---|---|---|---|---|---|---|---|---|
| 1 | S0 S1 | 0 | 40/40/40 | 0 | 202 (42) | 14073.8 | 156/1440 | 0 | PASS | não |
| 2 | S2 | 0 | 20/0/0 | 80 | 100 (20) | 6958.5 | 252/1344 | 0 | PASS | não |
| 3 | S3 | 0 | 20/0/0 | 80 | 103 (23) | 7177.0 | 250/1346 | 0 | PASS | não |
| 4 | S4 | 0 | 0/20/10 | 80 | 114 (26) | 7949.8 | 294/1302 | 0 | PASS | não |
| 5 | S5 | 0 | 0/0/0 | 110 | 129 (41) | 9003.2 | 325/1270 | 0 | PASS | não |
| 6 | S6 | 0 | 30/0/0 | 110 | 150 (38) | 10508.0 | 319/1277 | 0 | PASS | não |
| **total** | | | | | **798 (190)** | 55670.3 | 1596/7979 | 0 | | |

Fim de cada ciclo no relógio comum (o **último** nó a terminar), ms: 4327.2, 7697.8, 11068.2, 14464.9, 17865.7

Tempo por passo: ciclo 1 **98.35 ms**; ciclos 2–5 **76.92 ms**

Verificação cruzada com o supervisor MONOLÍTICO: **off**

## Verificações

| verificação | esperado | obtido | |
|---|---|---|---|
| decryptions, whole cell | 798 | 798 | ✅ |
| decryptions, whole cell, cycle 1 | 190 | 190 | ✅ |
| outcome | complete | complete | ✅ |
| same fingerprint on every node | 1 | 1 | ✅ |
| oracle PASS on every node | True | True | ✅ |
| crypto self-test PASS on every node | True | True | ✅ |

**TODAS AS VERIFICAÇÕES PASSARAM**


################ fms-7  (repetição 1/5)
== build (scenarios/fms-7.env)
 Image docker-des:fms-7n-LMOD-r5-w0 Building 
#1 [internal] load local bake definitions
#1 reading from stdin 784B done
#1 DONE 0.0s

#2 [internal] load build definition from Dockerfile
#2 transferring dockerfile: 3.32kB done
#2 DONE 0.0s

#3 resolve image config for docker-image://docker.io/docker/dockerfile:1
#3 DONE 0.5s

#4 docker-image://docker.io/docker/dockerfile:1@sha256:ecfaec9ed6d810b56388c508f4121597bfbba70d41a6dfeee4d8cad5f295fc32
#4 resolve docker.io/docker/dockerfile:1@sha256:ecfaec9ed6d810b56388c508f4121597bfbba70d41a6dfeee4d8cad5f295fc32 0.0s done
#4 CACHED

#5 [internal] load metadata for docker.io/library/ubuntu:26.04
#5 DONE 0.6s

#6 [internal] load .dockerignore
#6 transferring context: 2B done
#6 DONE 0.0s

#7 [internal] load build context
#7 transferring context: 370B done
#7 DONE 0.0s

#8 [build 1/7] FROM docker.io/library/ubuntu:26.04@sha256:da6fc2be547864451aa253836dd926da33623312df4a9a243e35dc877c378a78
#8 resolve docker.io/library/ubuntu:26.04@sha256:da6fc2be547864451aa253836dd926da33623312df4a9a243e35dc877c378a78 0.0s done
#8 DONE 0.0s

#9 [build 4/7] COPY engine/ engine/
#9 CACHED

#10 [build 7/7] RUN set -eu; mkdir -p /out; pids="";     for id in $(seq 1 "7"); do       g++ -std=c++17 -O2 -Wall -Wextra -Iengine -Isrc           -DDES_DATA_HEADER=""supervisor_data_fms.h""           -DDES_NODE_ID="$id" -DDES_NUM_NODES="7"           -DDES_FAMILY="DES_FAMILY_LMOD"           -DDES_ROUNDS="5" -DDES_WORK_MS="0"                      -o "/out/des_node$id" src/des_container_main.cpp           -Wl,--wrap=mbedtls_ecp_mul -l:libmbedcrypto.a &       pids="$pids $!";     done;     for p in $pids; do wait "$p"; done;     { echo "DES_PROBLEM=fms"; echo "DES_NUM_NODES=7";       echo "DES_FAMILY=LMOD"; echo "DES_ROUNDS=5";       echo "DES_WORK_MS=0"; echo "DES_EXTRA_FLAGS=";       echo "mbedtls=$(dpkg-query -W -f='${Version}' libmbedtls-dev)";       echo "gxx=$(g++ -dumpfullversion)"; } > /out/BUILD_INFO;     cat /out/BUILD_INFO
#10 CACHED

#11 [build 5/7] COPY src/ src/
#11 CACHED

#12 [stage-1 2/4] RUN useradd --system --no-create-home --shell /usr/sbin/nologin des
#12 CACHED

#13 [stage-1 3/4] COPY --from=build /out/ /opt/des/bin/
#13 CACHED

#14 [build 6/7] RUN cd engine && sha256sum -c --quiet SHA256SUMS
#14 CACHED

#15 [build 2/7] RUN apt-get update  && apt-get install -y --no-install-recommends g++ libmbedtls-dev  && rm -rf /var/lib/apt/lists/*
#15 CACHED

#16 [build 3/7] WORKDIR /src
#16 CACHED

#17 [stage-1 4/4] COPY --chmod=0755 docker/entrypoint.sh /usr/local/bin/des-entrypoint
#17 CACHED

#18 exporting to image
#18 exporting layers done
#18 exporting manifest sha256:5500cf4b0996a5b6dbb5f2267de8e937558d4c844ae0c3d11145b85382ae9948 done
#18 exporting config sha256:30abb733f9bc39c53ab87f5aa0da5253b58418d78e18012da15a90d4de28a9f9 done
#18 exporting attestation manifest sha256:f668655cd75065b880e6bc862d2d5dc5b7ce108cc5ae91d772241a0b128e5118
#18 exporting attestation manifest sha256:f668655cd75065b880e6bc862d2d5dc5b7ce108cc5ae91d772241a0b128e5118 0.0s done
#18 exporting manifest list sha256:c264c09ccc3460f88f08645bbf4bd5b686ed7cfec536d18aa8e2f0135de54fa8 0.0s done
#18 naming to docker.io/library/docker-des:fms-7n-LMOD-r5-w0 done
#18 unpacking to docker.io/library/docker-des:fms-7n-LMOD-r5-w0 done
#18 DONE 0.1s

#19 resolving provenance for metadata file
#19 DONE 0.0s
 Image docker-des:fms-7n-LMOD-r5-w0 Built 
== run: node1 node2 node3 node4 node5 node6 node7
 Network docker-des_cell Creating 
 Network docker-des_cell Creating 
 Network docker-des_cell Created 
 Network docker-des_cell Created 
 Container docker-des-node7-1 Creating 
 Container docker-des-node5-1 Creating 
 Container docker-des-node6-1 Creating 
 Container docker-des-node4-1 Creating 
 Container docker-des-node2-1 Creating 
 Container docker-des-node3-1 Creating 
 Container docker-des-node1-1 Creating 
 Container docker-des-node1-1 Created 
 Container docker-des-node3-1 Created 
 Container docker-des-node6-1 Created 
 Container docker-des-node7-1 Created 
 Container docker-des-node2-1 Created 
 Container docker-des-node4-1 Created 
 Container docker-des-node5-1 Created 
 Container docker-des-node2-1 Starting 
 Container docker-des-node5-1 Starting 
 Container docker-des-node7-1 Starting 
 Container docker-des-node4-1 Starting 
 Container docker-des-node6-1 Starting 
 Container docker-des-node1-1 Starting 
 Container docker-des-node3-1 Starting 
 Container docker-des-node2-1 Started 
 Container docker-des-node5-1 Started 
 Container docker-des-node7-1 Started 
 Container docker-des-node4-1 Started 
 Container docker-des-node6-1 Started 
 Container docker-des-node1-1 Started 
 Container docker-des-node3-1 Started 
== collect -> results/20260927-170420-varredura/20260927-170937-fms-7
# Execução `20260927-170937-fms-7`

- problema `fms`, família `LMOD`, **7 containers**, UDP multicast
- 5 ciclos × 44 passos = 220 passos; **220 executados**, 0 pulados
- impressão digital da configuração: `04511541`
- RTT de aplicação (nó 1, 20 sondas): média 10.22 ms, mín 3.17, máx 115.31
- resultado: **complete**

| nó | supervisores | saída | disparou (local/ctrl/unctrl) | aplicou p/ pares | decifrações (ciclo 1) | HE total ms | quadros tx/rx | retx | oráculo | halt |
|---|---|---|---|---|---|---|---|---|---|---|
| 1 | S0 | 0 | 20/40/40 | 0 | 101 (21) | 7057.5 | 159/1684 | 0 | PASS | não |
| 2 | S1 | 0 | 20/0/0 | 80 | 101 (21) | 7056.2 | 251/1592 | 0 | PASS | não |
| 3 | S2 | 0 | 20/0/0 | 80 | 100 (20) | 6984.0 | 246/1596 | 0 | PASS | não |
| 4 | S3 | 0 | 20/0/0 | 80 | 103 (23) | 7194.2 | 248/1595 | 0 | PASS | não |
| 5 | S4 | 0 | 0/20/10 | 80 | 114 (26) | 7980.8 | 293/1550 | 0 | PASS | não |
| 6 | S5 | 0 | 0/0/0 | 110 | 129 (41) | 9040.6 | 326/1517 | 0 | PASS | não |
| 7 | S6 | 0 | 30/0/0 | 110 | 150 (38) | 10560.8 | 320/1523 | 0 | PASS | não |
| **total** | | | | | **798 (190)** | 55874.1 | 1843/11057 | 0 | | |

Fim de cada ciclo no relógio comum (o **último** nó a terminar), ms: 3988.9, 6706.5, 9421.6, 12122.7, 14847.1

Tempo por passo: ciclo 1 **90.66 ms**; ciclos 2–5 **61.69 ms**

Verificação cruzada com o supervisor MONOLÍTICO: **off**

## Verificações

| verificação | esperado | obtido | |
|---|---|---|---|
| config fingerprint | 04511541 | 04511541 | ✅ |
| decryptions, whole cell | 798 | 798 | ✅ |
| decryptions, whole cell, cycle 1 | 190 | 190 | ✅ |
| outcome | complete | complete | ✅ |
| same fingerprint on every node | 1 | 1 | ✅ |
| oracle PASS on every node | True | True | ✅ |
| crypto self-test PASS on every node | True | True | ✅ |

**TODAS AS VERIFICAÇÕES PASSARAM**


################ fms-1  (repetição 2/5)
== build skipped (DES_SKIP_BUILD=1): using the existing image
== run: node1
 Network docker-des_cell Creating 
 Network docker-des_cell Creating 
 Network docker-des_cell Created 
 Network docker-des_cell Created 
 Container docker-des-node1-1 Creating 
 Container docker-des-node1-1 Created 
 Container docker-des-node1-1 Starting 
 Container docker-des-node1-1 Started 
== collect -> results/20260927-170420-varredura/20260927-171018-fms-1
# Execução `20260927-171018-fms-1`

- problema `fms`, família `LMOD`, **1 containers**, UDP multicast
- 5 ciclos × 44 passos = 220 passos; **220 executados**, 0 pulados
- impressão digital da configuração: `3f2beff2`
- resultado: **complete**

| nó | supervisores | saída | disparou (local/ctrl/unctrl) | aplicou p/ pares | decifrações (ciclo 1) | HE total ms | quadros tx/rx | retx | oráculo | halt |
|---|---|---|---|---|---|---|---|---|---|---|
| 1 | S0 S1 S2 S3 S4 S5 S6 | 0 | 220/0/0 | 0 | 798 (190) | 55599.2 | 0/0 | 0 | PASS | não |
| **total** | | | | | **798 (190)** | 55599.2 | 0/0 | 0 | | |

Fim de cada ciclo no relógio comum (o **último** nó a terminar), ms: 13306.1, 23871.1, 34474.9, 45051.8, 55638.5

Tempo por passo: ciclo 1 **302.41 ms**; ciclos 2–5 **240.53 ms**

Verificação cruzada com o supervisor MONOLÍTICO: **off**

## Verificações

| verificação | esperado | obtido | |
|---|---|---|---|
| config fingerprint | 3f2beff2 | 3f2beff2 | ✅ |
| decryptions, whole cell | 798 | 798 | ✅ |
| decryptions, whole cell, cycle 1 | 190 | 190 | ✅ |
| outcome | complete | complete | ✅ |
| same fingerprint on every node | 1 | 1 | ✅ |
| oracle PASS on every node | True | True | ✅ |
| crypto self-test PASS on every node | True | True | ✅ |

**TODAS AS VERIFICAÇÕES PASSARAM**


################ fms-2  (repetição 2/5)
== build skipped (DES_SKIP_BUILD=1): using the existing image
== run: node1 node2
 Network docker-des_cell Creating 
 Network docker-des_cell Creating 
 Network docker-des_cell Created 
 Network docker-des_cell Created 
 Container docker-des-node2-1 Creating 
 Container docker-des-node1-1 Creating 
 Container docker-des-node2-1 Created 
 Container docker-des-node1-1 Created 
 Container docker-des-node1-1 Starting 
 Container docker-des-node2-1 Starting 
 Container docker-des-node1-1 Started 
 Container docker-des-node2-1 Started 
== collect -> results/20260927-170420-varredura/20260927-171146-fms-2
# Execução `20260927-171146-fms-2`

- problema `fms`, família `LMOD`, **2 containers**, UDP multicast
- 5 ciclos × 44 passos = 220 passos; **220 executados**, 0 pulados
- impressão digital da configuração: `edbd7971`
- RTT de aplicação (nó 1, 20 sondas): média 3.35 ms, mín 2.36, máx 4.86
- resultado: **complete**

| nó | supervisores | saída | disparou (local/ctrl/unctrl) | aplicou p/ pares | decifrações (ciclo 1) | HE total ms | quadros tx/rx | retx | oráculo | halt |
|---|---|---|---|---|---|---|---|---|---|---|
| 1 | S0 S1 S2 S3 | 0 | 80/40/40 | 0 | 405 (85) | 28246.0 | 150/230 | 0 | PASS | não |
| 2 | S4 S5 S6 | 0 | 60/0/0 | 80 | 393 (105) | 27494.1 | 230/150 | 0 | PASS | não |
| **total** | | | | | **798 (190)** | 55740.1 | 380/380 | 0 | | |

Fim de cada ciclo no relógio comum (o **último** nó a terminar), ms: 8591.5, 15240.5, 21779.3, 28317.3, 34855.3

Tempo por passo: ciclo 1 **195.26 ms**; ciclos 2–5 **149.23 ms**

Verificação cruzada com o supervisor MONOLÍTICO: **off**

## Verificações

| verificação | esperado | obtido | |
|---|---|---|---|
| config fingerprint | edbd7971 | edbd7971 | ✅ |
| decryptions per node | 405 393 | 405 393 | ✅ |
| decryptions per node, cycle 1 | 85 105 | 85 105 | ✅ |
| decryptions, whole cell | 798 | 798 | ✅ |
| decryptions, whole cell, cycle 1 | 190 | 190 | ✅ |
| outcome | complete | complete | ✅ |
| same fingerprint on every node | 1 | 1 | ✅ |
| oracle PASS on every node | True | True | ✅ |
| crypto self-test PASS on every node | True | True | ✅ |

**TODAS AS VERIFICAÇÕES PASSARAM**


################ fms-3  (repetição 2/5)
== build skipped (DES_SKIP_BUILD=1): using the existing image
== run: node1 node2 node3
 Network docker-des_cell Creating 
 Network docker-des_cell Creating 
 Network docker-des_cell Created 
 Network docker-des_cell Created 
 Container docker-des-node3-1 Creating 
 Container docker-des-node2-1 Creating 
 Container docker-des-node1-1 Creating 
 Container docker-des-node3-1 Created 
 Container docker-des-node2-1 Created 
 Container docker-des-node1-1 Created 
 Container docker-des-node3-1 Starting 
 Container docker-des-node2-1 Starting 
 Container docker-des-node1-1 Starting 
 Container docker-des-node3-1 Started 
 Container docker-des-node2-1 Started 
 Container docker-des-node1-1 Started 
== collect -> results/20260927-170420-varredura/20260927-171229-fms-3
# Execução `20260927-171229-fms-3`

- problema `fms`, família `LMOD`, **3 containers**, UDP multicast
- 5 ciclos × 44 passos = 220 passos; **220 executados**, 0 pulados
- impressão digital da configuração: `04d74714`
- RTT de aplicação (nó 1, 20 sondas): média 3.08 ms, mín 2.24, máx 4.73
- resultado: **complete**

| nó | supervisores | saída | disparou (local/ctrl/unctrl) | aplicou p/ pares | decifrações (ciclo 1) | HE total ms | quadros tx/rx | retx | oráculo | halt |
|---|---|---|---|---|---|---|---|---|---|---|
| 1 | S0 S1 S2 | 0 | 60/40/40 | 0 | 302 (62) | 21071.3 | 150/597 | 0 | PASS | não |
| 2 | S3 S4 | 0 | 20/20/10 | 80 | 217 (49) | 15123.9 | 285/462 | 0 | PASS | não |
| 3 | S5 S6 | 0 | 30/0/0 | 110 | 279 (79) | 19485.8 | 312/435 | 0 | PASS | não |
| **total** | | | | | **798 (190)** | 55681.0 | 747/1494 | 0 | | |

Fim de cada ciclo no relógio comum (o **último** nó a terminar), ms: 6554.8, 11499.1, 16460.3, 21426.9, 26379.3

Tempo por passo: ciclo 1 **148.97 ms**; ciclos 2–5 **112.64 ms**

Verificação cruzada com o supervisor MONOLÍTICO: **off**

## Verificações

| verificação | esperado | obtido | |
|---|---|---|---|
| decryptions, whole cell | 798 | 798 | ✅ |
| decryptions, whole cell, cycle 1 | 190 | 190 | ✅ |
| outcome | complete | complete | ✅ |
| same fingerprint on every node | 1 | 1 | ✅ |
| oracle PASS on every node | True | True | ✅ |
| crypto self-test PASS on every node | True | True | ✅ |

**TODAS AS VERIFICAÇÕES PASSARAM**


################ fms-4  (repetição 2/5)
== build skipped (DES_SKIP_BUILD=1): using the existing image
== run: node1 node2 node3 node4
 Network docker-des_cell Creating 
 Network docker-des_cell Creating 
 Network docker-des_cell Created 
 Network docker-des_cell Created 
 Container docker-des-node1-1 Creating 
 Container docker-des-node3-1 Creating 
 Container docker-des-node2-1 Creating 
 Container docker-des-node4-1 Creating 
 Container docker-des-node1-1 Created 
 Container docker-des-node3-1 Created 
 Container docker-des-node4-1 Created 
 Container docker-des-node2-1 Created 
 Container docker-des-node1-1 Starting 
 Container docker-des-node3-1 Starting 
 Container docker-des-node4-1 Starting 
 Container docker-des-node2-1 Starting 
 Container docker-des-node1-1 Started 
 Container docker-des-node3-1 Started 
 Container docker-des-node4-1 Started 
 Container docker-des-node2-1 Started 
== collect -> results/20260927-170420-varredura/20260927-171316-fms-4
# Execução `20260927-171316-fms-4`

- problema `fms`, família `LMOD`, **4 containers**, UDP multicast
- 5 ciclos × 44 passos = 220 passos; **220 executados**, 0 pulados
- impressão digital da configuração: `457cc268`
- RTT de aplicação (nó 1, 20 sondas): média 4.51 ms, mín 2.74, máx 5.57
- resultado: **complete**

| nó | supervisores | saída | disparou (local/ctrl/unctrl) | aplicou p/ pares | decifrações (ciclo 1) | HE total ms | quadros tx/rx | retx | oráculo | halt |
|---|---|---|---|---|---|---|---|---|---|---|
| 1 | S0 S1 | 0 | 40/40/40 | 0 | 202 (42) | 14067.3 | 155/845 | 0 | PASS | não |
| 2 | S2 S3 | 0 | 40/0/0 | 80 | 203 (43) | 14123.8 | 246/754 | 0 | PASS | não |
| 3 | S4 S5 | 0 | 0/20/10 | 80 | 243 (67) | 16952.2 | 284/716 | 0 | PASS | não |
| 4 | S6 | 0 | 30/0/0 | 110 | 150 (38) | 10513.3 | 315/685 | 0 | PASS | não |
| **total** | | | | | **798 (190)** | 55656.6 | 1000/3000 | 0 | | |

Fim de cada ciclo no relógio comum (o **último** nó a terminar), ms: 5864.3, 9974.3, 14089.4, 18178.3, 22282.1

Tempo por passo: ciclo 1 **133.28 ms**; ciclos 2–5 **93.28 ms**

Verificação cruzada com o supervisor MONOLÍTICO: **off**

## Verificações

| verificação | esperado | obtido | |
|---|---|---|---|
| decryptions, whole cell | 798 | 798 | ✅ |
| decryptions, whole cell, cycle 1 | 190 | 190 | ✅ |
| outcome | complete | complete | ✅ |
| same fingerprint on every node | 1 | 1 | ✅ |
| oracle PASS on every node | True | True | ✅ |
| crypto self-test PASS on every node | True | True | ✅ |

**TODAS AS VERIFICAÇÕES PASSARAM**


################ fms-5  (repetição 2/5)
== build skipped (DES_SKIP_BUILD=1): using the existing image
== run: node1 node2 node3 node4 node5
 Network docker-des_cell Creating 
 Network docker-des_cell Creating 
 Network docker-des_cell Created 
 Network docker-des_cell Created 
 Container docker-des-node5-1 Creating 
 Container docker-des-node3-1 Creating 
 Container docker-des-node1-1 Creating 
 Container docker-des-node2-1 Creating 
 Container docker-des-node4-1 Creating 
 Container docker-des-node1-1 Created 
 Container docker-des-node5-1 Created 
 Container docker-des-node3-1 Created 
 Container docker-des-node2-1 Created 
 Container docker-des-node4-1 Created 
 Container docker-des-node3-1 Starting 
 Container docker-des-node4-1 Starting 
 Container docker-des-node5-1 Starting 
 Container docker-des-node1-1 Starting 
 Container docker-des-node2-1 Starting 
 Container docker-des-node3-1 Started 
 Container docker-des-node4-1 Started 
 Container docker-des-node5-1 Started 
 Container docker-des-node1-1 Started 
 Container docker-des-node2-1 Started 
== collect -> results/20260927-170420-varredura/20260927-171410-fms-5
# Execução `20260927-171410-fms-5`

- problema `fms`, família `LMOD`, **5 containers**, UDP multicast
- 5 ciclos × 44 passos = 220 passos; **220 executados**, 0 pulados
- impressão digital da configuração: `6f43d6b9`
- RTT de aplicação (nó 1, 20 sondas): média 4.51 ms, mín 3.21, máx 6.03
- resultado: **complete**

| nó | supervisores | saída | disparou (local/ctrl/unctrl) | aplicou p/ pares | decifrações (ciclo 1) | HE total ms | quadros tx/rx | retx | oráculo | halt |
|---|---|---|---|---|---|---|---|---|---|---|
| 1 | S0 S1 | 0 | 40/40/40 | 0 | 202 (42) | 14078.3 | 154/1176 | 0 | PASS | não |
| 2 | S2 | 0 | 20/0/0 | 80 | 100 (20) | 6961.0 | 246/1084 | 0 | PASS | não |
| 3 | S3 S4 | 0 | 20/20/10 | 80 | 217 (49) | 15118.9 | 287/1043 | 0 | PASS | não |
| 4 | S5 | 0 | 0/0/0 | 110 | 129 (41) | 8999.1 | 326/1004 | 0 | PASS | não |
| 5 | S6 | 0 | 30/0/0 | 110 | 150 (38) | 10483.9 | 317/1013 | 0 | PASS | não |
| **total** | | | | | **798 (190)** | 55641.2 | 1330/5320 | 0 | | |

Fim de cada ciclo no relógio comum (o **último** nó a terminar), ms: 4743.6, 8367.8, 12008.6, 15659.3, 19277.0

Tempo por passo: ciclo 1 **107.81 ms**; ciclos 2–5 **82.58 ms**

Verificação cruzada com o supervisor MONOLÍTICO: **off**

## Verificações

| verificação | esperado | obtido | |
|---|---|---|---|
| decryptions, whole cell | 798 | 798 | ✅ |
| decryptions, whole cell, cycle 1 | 190 | 190 | ✅ |
| outcome | complete | complete | ✅ |
| same fingerprint on every node | 1 | 1 | ✅ |
| oracle PASS on every node | True | True | ✅ |
| crypto self-test PASS on every node | True | True | ✅ |

**TODAS AS VERIFICAÇÕES PASSARAM**


################ fms-6  (repetição 2/5)
== build skipped (DES_SKIP_BUILD=1): using the existing image
== run: node1 node2 node3 node4 node5 node6
 Network docker-des_cell Creating 
 Network docker-des_cell Creating 
 Network docker-des_cell Created 
 Network docker-des_cell Created 
 Container docker-des-node6-1 Creating 
 Container docker-des-node4-1 Creating 
 Container docker-des-node1-1 Creating 
 Container docker-des-node2-1 Creating 
 Container docker-des-node5-1 Creating 
 Container docker-des-node3-1 Creating 
 Container docker-des-node6-1 Created 
 Container docker-des-node3-1 Created 
 Container docker-des-node1-1 Created 
 Container docker-des-node4-1 Created 
 Container docker-des-node2-1 Created 
 Container docker-des-node5-1 Created 
 Container docker-des-node3-1 Starting 
 Container docker-des-node5-1 Starting 
 Container docker-des-node4-1 Starting 
 Container docker-des-node1-1 Starting 
 Container docker-des-node2-1 Starting 
 Container docker-des-node6-1 Starting 
 Container docker-des-node3-1 Started 
 Container docker-des-node5-1 Started 
 Container docker-des-node4-1 Started 
 Container docker-des-node1-1 Started 
 Container docker-des-node2-1 Started 
 Container docker-des-node6-1 Started 
== collect -> results/20260927-170420-varredura/20260927-171438-fms-6
# Execução `20260927-171438-fms-6`

- problema `fms`, família `LMOD`, **6 containers**, UDP multicast
- 5 ciclos × 44 passos = 220 passos; **220 executados**, 0 pulados
- impressão digital da configuração: `8d540ec9`
- RTT de aplicação (nó 1, 20 sondas): média 4.37 ms, mín 2.97, máx 5.35
- resultado: **complete**

| nó | supervisores | saída | disparou (local/ctrl/unctrl) | aplicou p/ pares | decifrações (ciclo 1) | HE total ms | quadros tx/rx | retx | oráculo | halt |
|---|---|---|---|---|---|---|---|---|---|---|
| 1 | S0 S1 | 0 | 40/40/40 | 0 | 202 (42) | 14099.3 | 157/1441 | 0 | PASS | não |
| 2 | S2 | 0 | 20/0/0 | 80 | 100 (20) | 6971.0 | 249/1349 | 0 | PASS | não |
| 3 | S3 | 0 | 20/0/0 | 80 | 103 (23) | 7194.2 | 252/1346 | 0 | PASS | não |
| 4 | S4 | 0 | 0/20/10 | 80 | 114 (26) | 7970.3 | 293/1305 | 0 | PASS | não |
| 5 | S5 | 0 | 0/0/0 | 110 | 129 (41) | 9027.9 | 329/1269 | 0 | PASS | não |
| 6 | S6 | 0 | 30/0/0 | 110 | 150 (38) | 10533.5 | 318/1280 | 0 | PASS | não |
| **total** | | | | | **798 (190)** | 55796.2 | 1598/7990 | 0 | | |

Fim de cada ciclo no relógio comum (o **último** nó a terminar), ms: 4355.2, 7760.6, 11153.5, 14561.6, 17958.0

Tempo por passo: ciclo 1 **98.98 ms**; ciclos 2–5 **77.29 ms**

Verificação cruzada com o supervisor MONOLÍTICO: **off**

## Verificações

| verificação | esperado | obtido | |
|---|---|---|---|
| decryptions, whole cell | 798 | 798 | ✅ |
| decryptions, whole cell, cycle 1 | 190 | 190 | ✅ |
| outcome | complete | complete | ✅ |
| same fingerprint on every node | 1 | 1 | ✅ |
| oracle PASS on every node | True | True | ✅ |
| crypto self-test PASS on every node | True | True | ✅ |

**TODAS AS VERIFICAÇÕES PASSARAM**


################ fms-7  (repetição 2/5)
== build skipped (DES_SKIP_BUILD=1): using the existing image
== run: node1 node2 node3 node4 node5 node6 node7
 Network docker-des_cell Creating 
 Network docker-des_cell Creating 
 Network docker-des_cell Created 
 Network docker-des_cell Created 
 Container docker-des-node7-1 Creating 
 Container docker-des-node6-1 Creating 
 Container docker-des-node2-1 Creating 
 Container docker-des-node3-1 Creating 
 Container docker-des-node1-1 Creating 
 Container docker-des-node4-1 Creating 
 Container docker-des-node5-1 Creating 
 Container docker-des-node6-1 Created 
 Container docker-des-node5-1 Created 
 Container docker-des-node7-1 Created 
 Container docker-des-node1-1 Created 
 Container docker-des-node2-1 Created 
 Container docker-des-node3-1 Created 
 Container docker-des-node4-1 Created 
 Container docker-des-node2-1 Starting 
 Container docker-des-node4-1 Starting 
 Container docker-des-node7-1 Starting 
 Container docker-des-node3-1 Starting 
 Container docker-des-node6-1 Starting 
 Container docker-des-node5-1 Starting 
 Container docker-des-node1-1 Starting 
 Container docker-des-node2-1 Started 
 Container docker-des-node4-1 Started 
 Container docker-des-node7-1 Started 
 Container docker-des-node3-1 Started 
 Container docker-des-node6-1 Started 
 Container docker-des-node5-1 Started 
 Container docker-des-node1-1 Started 
== collect -> results/20260927-170420-varredura/20260927-171518-fms-7
# Execução `20260927-171518-fms-7`

- problema `fms`, família `LMOD`, **7 containers**, UDP multicast
- 5 ciclos × 44 passos = 220 passos; **220 executados**, 0 pulados
- impressão digital da configuração: `04511541`
- RTT de aplicação (nó 1, 20 sondas): média 7.62 ms, mín 3.20, máx 65.05
- resultado: **complete**

| nó | supervisores | saída | disparou (local/ctrl/unctrl) | aplicou p/ pares | decifrações (ciclo 1) | HE total ms | quadros tx/rx | retx | oráculo | halt |
|---|---|---|---|---|---|---|---|---|---|---|
| 1 | S0 | 0 | 20/40/40 | 0 | 101 (21) | 7045.3 | 158/1684 | 0 | PASS | não |
| 2 | S1 | 0 | 20/0/0 | 80 | 101 (21) | 7038.6 | 251/1593 | 0 | PASS | não |
| 3 | S2 | 0 | 20/0/0 | 80 | 100 (20) | 6967.1 | 249/1595 | 0 | PASS | não |
| 4 | S3 | 0 | 20/0/0 | 80 | 103 (23) | 7182.4 | 250/1594 | 0 | PASS | não |
| 5 | S4 | 0 | 0/20/10 | 80 | 114 (26) | 7969.8 | 290/1553 | 0 | PASS | não |
| 6 | S5 | 0 | 0/0/0 | 110 | 129 (41) | 9019.0 | 326/1518 | 0 | PASS | não |
| 7 | S6 | 0 | 30/0/0 | 110 | 150 (38) | 10552.9 | 320/1524 | 0 | PASS | não |
| **total** | | | | | **798 (190)** | 55775.1 | 1844/11061 | 0 | | |

Fim de cada ciclo no relógio comum (o **último** nó a terminar), ms: 3968.0, 6652.3, 9349.7, 12048.6, 14752.0

Tempo por passo: ciclo 1 **90.18 ms**; ciclos 2–5 **61.27 ms**

Verificação cruzada com o supervisor MONOLÍTICO: **off**

## Verificações

| verificação | esperado | obtido | |
|---|---|---|---|
| config fingerprint | 04511541 | 04511541 | ✅ |
| decryptions, whole cell | 798 | 798 | ✅ |
| decryptions, whole cell, cycle 1 | 190 | 190 | ✅ |
| outcome | complete | complete | ✅ |
| same fingerprint on every node | 1 | 1 | ✅ |
| oracle PASS on every node | True | True | ✅ |
| crypto self-test PASS on every node | True | True | ✅ |

**TODAS AS VERIFICAÇÕES PASSARAM**


################ fms-1  (repetição 3/5)
== build skipped (DES_SKIP_BUILD=1): using the existing image
== run: node1
 Network docker-des_cell Creating 
 Network docker-des_cell Creating 
 Network docker-des_cell Created 
 Network docker-des_cell Created 
 Container docker-des-node1-1 Creating 
 Container docker-des-node1-1 Created 
 Container docker-des-node1-1 Starting 
 Container docker-des-node1-1 Started 
== collect -> results/20260927-170420-varredura/20260927-171555-fms-1
# Execução `20260927-171555-fms-1`

- problema `fms`, família `LMOD`, **1 containers**, UDP multicast
- 5 ciclos × 44 passos = 220 passos; **220 executados**, 0 pulados
- impressão digital da configuração: `3f2beff2`
- resultado: **complete**

| nó | supervisores | saída | disparou (local/ctrl/unctrl) | aplicou p/ pares | decifrações (ciclo 1) | HE total ms | quadros tx/rx | retx | oráculo | halt |
|---|---|---|---|---|---|---|---|---|---|---|
| 1 | S0 S1 S2 S3 S4 S5 S6 | 0 | 220/0/0 | 0 | 798 (190) | 55648.3 | 0/0 | 0 | PASS | não |
| **total** | | | | | **798 (190)** | 55648.3 | 0/0 | 0 | | |

Fim de cada ciclo no relógio comum (o **último** nó a terminar), ms: 13272.0, 23879.1, 34483.8, 45099.6, 55693.8

Tempo por passo: ciclo 1 **301.64 ms**; ciclos 2–5 **241.03 ms**

Verificação cruzada com o supervisor MONOLÍTICO: **off**

## Verificações

| verificação | esperado | obtido | |
|---|---|---|---|
| config fingerprint | 3f2beff2 | 3f2beff2 | ✅ |
| decryptions, whole cell | 798 | 798 | ✅ |
| decryptions, whole cell, cycle 1 | 190 | 190 | ✅ |
| outcome | complete | complete | ✅ |
| same fingerprint on every node | 1 | 1 | ✅ |
| oracle PASS on every node | True | True | ✅ |
| crypto self-test PASS on every node | True | True | ✅ |

**TODAS AS VERIFICAÇÕES PASSARAM**


################ fms-2  (repetição 3/5)
== build skipped (DES_SKIP_BUILD=1): using the existing image
== run: node1 node2
 Network docker-des_cell Creating 
 Network docker-des_cell Creating 
 Network docker-des_cell Created 
 Network docker-des_cell Created 
 Container docker-des-node2-1 Creating 
 Container docker-des-node1-1 Creating 
 Container docker-des-node1-1 Created 
 Container docker-des-node2-1 Created 
 Container docker-des-node1-1 Starting 
 Container docker-des-node2-1 Starting 
 Container docker-des-node1-1 Started 
 Container docker-des-node2-1 Started 
== collect -> results/20260927-170420-varredura/20260927-171711-fms-2
# Execução `20260927-171711-fms-2`

- problema `fms`, família `LMOD`, **2 containers**, UDP multicast
- 5 ciclos × 44 passos = 220 passos; **220 executados**, 0 pulados
- impressão digital da configuração: `edbd7971`
- RTT de aplicação (nó 1, 20 sondas): média 3.68 ms, mín 2.30, máx 4.96
- resultado: **complete**

| nó | supervisores | saída | disparou (local/ctrl/unctrl) | aplicou p/ pares | decifrações (ciclo 1) | HE total ms | quadros tx/rx | retx | oráculo | halt |
|---|---|---|---|---|---|---|---|---|---|---|
| 1 | S0 S1 S2 S3 | 0 | 80/40/40 | 0 | 405 (85) | 28229.4 | 150/230 | 0 | PASS | não |
| 2 | S4 S5 S6 | 0 | 60/0/0 | 80 | 393 (105) | 27423.9 | 230/150 | 0 | PASS | não |
| **total** | | | | | **798 (190)** | 55653.3 | 380/380 | 0 | | |

Fim de cada ciclo no relógio comum (o **último** nó a terminar), ms: 8589.4, 15138.1, 21696.5, 28241.6, 34781.0

Tempo por passo: ciclo 1 **195.21 ms**; ciclos 2–5 **148.82 ms**

Verificação cruzada com o supervisor MONOLÍTICO: **off**

## Verificações

| verificação | esperado | obtido | |
|---|---|---|---|
| config fingerprint | edbd7971 | edbd7971 | ✅ |
| decryptions per node | 405 393 | 405 393 | ✅ |
| decryptions per node, cycle 1 | 85 105 | 85 105 | ✅ |
| decryptions, whole cell | 798 | 798 | ✅ |
| decryptions, whole cell, cycle 1 | 190 | 190 | ✅ |
| outcome | complete | complete | ✅ |
| same fingerprint on every node | 1 | 1 | ✅ |
| oracle PASS on every node | True | True | ✅ |
| crypto self-test PASS on every node | True | True | ✅ |

**TODAS AS VERIFICAÇÕES PASSARAM**


################ fms-3  (repetição 3/5)
== build skipped (DES_SKIP_BUILD=1): using the existing image
== run: node1 node2 node3
 Network docker-des_cell Creating 
 Network docker-des_cell Creating 
 Network docker-des_cell Created 
 Network docker-des_cell Created 
 Container docker-des-node3-1 Creating 
 Container docker-des-node2-1 Creating 
 Container docker-des-node1-1 Creating 
 Container docker-des-node3-1 Created 
 Container docker-des-node2-1 Created 
 Container docker-des-node1-1 Created 
 Container docker-des-node2-1 Starting 
 Container docker-des-node3-1 Starting 
 Container docker-des-node1-1 Starting 
 Container docker-des-node2-1 Started 
 Container docker-des-node3-1 Started 
 Container docker-des-node1-1 Started 
== collect -> results/20260927-170420-varredura/20260927-171806-fms-3
# Execução `20260927-171806-fms-3`

- problema `fms`, família `LMOD`, **3 containers**, UDP multicast
- 5 ciclos × 44 passos = 220 passos; **220 executados**, 0 pulados
- impressão digital da configuração: `04d74714`
- RTT de aplicação (nó 1, 20 sondas): média 3.32 ms, mín 2.30, máx 4.71
- resultado: **complete**

| nó | supervisores | saída | disparou (local/ctrl/unctrl) | aplicou p/ pares | decifrações (ciclo 1) | HE total ms | quadros tx/rx | retx | oráculo | halt |
|---|---|---|---|---|---|---|---|---|---|---|
| 1 | S0 S1 S2 | 0 | 60/40/40 | 0 | 302 (62) | 21052.0 | 150/598 | 0 | PASS | não |
| 2 | S3 S4 | 0 | 20/20/10 | 80 | 217 (49) | 15117.4 | 286/462 | 0 | PASS | não |
| 3 | S5 S6 | 0 | 30/0/0 | 110 | 279 (79) | 19461.5 | 312/436 | 0 | PASS | não |
| **total** | | | | | **798 (190)** | 55630.9 | 748/1496 | 0 | | |

Fim de cada ciclo no relógio comum (o **último** nó a terminar), ms: 6542.9, 11486.3, 16418.4, 21365.6, 26320.3

Tempo por passo: ciclo 1 **148.70 ms**; ciclos 2–5 **112.37 ms**

Verificação cruzada com o supervisor MONOLÍTICO: **off**

## Verificações

| verificação | esperado | obtido | |
|---|---|---|---|
| decryptions, whole cell | 798 | 798 | ✅ |
| decryptions, whole cell, cycle 1 | 190 | 190 | ✅ |
| outcome | complete | complete | ✅ |
| same fingerprint on every node | 1 | 1 | ✅ |
| oracle PASS on every node | True | True | ✅ |
| crypto self-test PASS on every node | True | True | ✅ |

**TODAS AS VERIFICAÇÕES PASSARAM**


################ fms-4  (repetição 3/5)
== build skipped (DES_SKIP_BUILD=1): using the existing image
== run: node1 node2 node3 node4
 Network docker-des_cell Creating 
 Network docker-des_cell Creating 
 Network docker-des_cell Created 
 Network docker-des_cell Created 
 Container docker-des-node4-1 Creating 
 Container docker-des-node2-1 Creating 
 Container docker-des-node3-1 Creating 
 Container docker-des-node1-1 Creating 
 Container docker-des-node1-1 Created 
 Container docker-des-node4-1 Created 
 Container docker-des-node2-1 Created 
 Container docker-des-node3-1 Created 
 Container docker-des-node1-1 Starting 
 Container docker-des-node2-1 Starting 
 Container docker-des-node3-1 Starting 
 Container docker-des-node4-1 Starting 
 Container docker-des-node1-1 Started 
 Container docker-des-node2-1 Started 
 Container docker-des-node3-1 Started 
 Container docker-des-node4-1 Started 
== collect -> results/20260927-170420-varredura/20260927-171852-fms-4
# Execução `20260927-171852-fms-4`

- problema `fms`, família `LMOD`, **4 containers**, UDP multicast
- 5 ciclos × 44 passos = 220 passos; **220 executados**, 0 pulados
- impressão digital da configuração: `457cc268`
- RTT de aplicação (nó 1, 20 sondas): média 4.80 ms, mín 4.38, máx 5.75
- resultado: **complete**

| nó | supervisores | saída | disparou (local/ctrl/unctrl) | aplicou p/ pares | decifrações (ciclo 1) | HE total ms | quadros tx/rx | retx | oráculo | halt |
|---|---|---|---|---|---|---|---|---|---|---|
| 1 | S0 S1 | 0 | 40/40/40 | 0 | 202 (42) | 14098.5 | 156/849 | 0 | PASS | não |
| 2 | S2 S3 | 0 | 40/0/0 | 80 | 203 (43) | 14151.9 | 249/756 | 0 | PASS | não |
| 3 | S4 S5 | 0 | 0/20/10 | 80 | 243 (67) | 16986.9 | 284/721 | 0 | PASS | não |
| 4 | S6 | 0 | 30/0/0 | 110 | 150 (38) | 10553.6 | 316/689 | 0 | PASS | não |
| **total** | | | | | **798 (190)** | 55790.9 | 1005/3015 | 0 | | |

Fim de cada ciclo no relógio comum (o **último** nó a terminar), ms: 5868.6, 10003.0, 14137.6, 18254.3, 22387.8

Tempo por passo: ciclo 1 **133.38 ms**; ciclos 2–5 **93.86 ms**

Verificação cruzada com o supervisor MONOLÍTICO: **off**

## Verificações

| verificação | esperado | obtido | |
|---|---|---|---|
| decryptions, whole cell | 798 | 798 | ✅ |
| decryptions, whole cell, cycle 1 | 190 | 190 | ✅ |
| outcome | complete | complete | ✅ |
| same fingerprint on every node | 1 | 1 | ✅ |
| oracle PASS on every node | True | True | ✅ |
| crypto self-test PASS on every node | True | True | ✅ |

**TODAS AS VERIFICAÇÕES PASSARAM**


################ fms-5  (repetição 3/5)
== build skipped (DES_SKIP_BUILD=1): using the existing image
== run: node1 node2 node3 node4 node5
 Network docker-des_cell Creating 
 Network docker-des_cell Creating 
 Network docker-des_cell Created 
 Network docker-des_cell Created 
 Container docker-des-node5-1 Creating 
 Container docker-des-node3-1 Creating 
 Container docker-des-node4-1 Creating 
 Container docker-des-node2-1 Creating 
 Container docker-des-node1-1 Creating 
 Container docker-des-node2-1 Created 
 Container docker-des-node1-1 Created 
 Container docker-des-node3-1 Created 
 Container docker-des-node5-1 Created 
 Container docker-des-node4-1 Created 
 Container docker-des-node1-1 Starting 
 Container docker-des-node2-1 Starting 
 Container docker-des-node4-1 Starting 
 Container docker-des-node3-1 Starting 
 Container docker-des-node5-1 Starting 
 Container docker-des-node1-1 Started 
 Container docker-des-node2-1 Started 
 Container docker-des-node4-1 Started 
 Container docker-des-node3-1 Started 
 Container docker-des-node5-1 Started 
== collect -> results/20260927-170420-varredura/20260927-171935-fms-5
# Execução `20260927-171935-fms-5`

- problema `fms`, família `LMOD`, **5 containers**, UDP multicast
- 5 ciclos × 44 passos = 220 passos; **220 executados**, 0 pulados
- impressão digital da configuração: `6f43d6b9`
- RTT de aplicação (nó 1, 20 sondas): média 3.85 ms, mín 2.38, máx 4.96
- resultado: **complete**

| nó | supervisores | saída | disparou (local/ctrl/unctrl) | aplicou p/ pares | decifrações (ciclo 1) | HE total ms | quadros tx/rx | retx | oráculo | halt |
|---|---|---|---|---|---|---|---|---|---|---|
| 1 | S0 S1 | 0 | 40/40/40 | 0 | 202 (42) | 14106.4 | 158/1180 | 0 | PASS | não |
| 2 | S2 | 0 | 20/0/0 | 80 | 100 (20) | 6974.0 | 251/1087 | 0 | PASS | não |
| 3 | S3 S4 | 0 | 20/20/10 | 80 | 217 (49) | 15161.7 | 286/1052 | 0 | PASS | não |
| 4 | S5 | 0 | 0/0/0 | 110 | 129 (41) | 9036.2 | 326/1012 | 0 | PASS | não |
| 5 | S6 | 0 | 30/0/0 | 110 | 150 (38) | 10556.9 | 317/1021 | 0 | PASS | não |
| **total** | | | | | **798 (190)** | 55835.2 | 1338/5352 | 0 | | |

Fim de cada ciclo no relógio comum (o **último** nó a terminar), ms: 4819.5, 8474.2, 12115.5, 15773.2, 19422.7

Tempo por passo: ciclo 1 **109.53 ms**; ciclos 2–5 **82.97 ms**

Verificação cruzada com o supervisor MONOLÍTICO: **off**

## Verificações

| verificação | esperado | obtido | |
|---|---|---|---|
| decryptions, whole cell | 798 | 798 | ✅ |
| decryptions, whole cell, cycle 1 | 190 | 190 | ✅ |
| outcome | complete | complete | ✅ |
| same fingerprint on every node | 1 | 1 | ✅ |
| oracle PASS on every node | True | True | ✅ |
| crypto self-test PASS on every node | True | True | ✅ |

**TODAS AS VERIFICAÇÕES PASSARAM**


################ fms-6  (repetição 3/5)
== build skipped (DES_SKIP_BUILD=1): using the existing image
== run: node1 node2 node3 node4 node5 node6
 Network docker-des_cell Creating 
 Network docker-des_cell Creating 
 Network docker-des_cell Created 
 Network docker-des_cell Created 
 Container docker-des-node6-1 Creating 
 Container docker-des-node4-1 Creating 
 Container docker-des-node5-1 Creating 
 Container docker-des-node2-1 Creating 
 Container docker-des-node3-1 Creating 
 Container docker-des-node1-1 Creating 
 Container docker-des-node2-1 Created 
 Container docker-des-node1-1 Created 
 Container docker-des-node4-1 Created 
 Container docker-des-node5-1 Created 
 Container docker-des-node6-1 Created 
 Container docker-des-node3-1 Created 
 Container docker-des-node2-1 Starting 
 Container docker-des-node4-1 Starting 
 Container docker-des-node3-1 Starting 
 Container docker-des-node1-1 Starting 
 Container docker-des-node6-1 Starting 
 Container docker-des-node5-1 Starting 
 Container docker-des-node2-1 Started 
 Container docker-des-node4-1 Started 
 Container docker-des-node3-1 Started 
 Container docker-des-node1-1 Started 
 Container docker-des-node6-1 Started 
 Container docker-des-node5-1 Started 
== collect -> results/20260927-170420-varredura/20260927-172016-fms-6
# Execução `20260927-172016-fms-6`

- problema `fms`, família `LMOD`, **6 containers**, UDP multicast
- 5 ciclos × 44 passos = 220 passos; **220 executados**, 0 pulados
- impressão digital da configuração: `8d540ec9`
- RTT de aplicação (nó 1, 20 sondas): média 4.38 ms, mín 2.96, máx 6.11
- resultado: **complete**

| nó | supervisores | saída | disparou (local/ctrl/unctrl) | aplicou p/ pares | decifrações (ciclo 1) | HE total ms | quadros tx/rx | retx | oráculo | halt |
|---|---|---|---|---|---|---|---|---|---|---|
| 1 | S0 S1 | 0 | 40/40/40 | 0 | 202 (42) | 14111.3 | 156/1436 | 0 | PASS | não |
| 2 | S2 | 0 | 20/0/0 | 80 | 100 (20) | 6979.1 | 251/1341 | 0 | PASS | não |
| 3 | S3 | 0 | 20/0/0 | 80 | 103 (23) | 7191.7 | 249/1343 | 0 | PASS | não |
| 4 | S4 | 0 | 0/20/10 | 80 | 114 (26) | 7978.5 | 293/1299 | 0 | PASS | não |
| 5 | S5 | 0 | 0/0/0 | 110 | 129 (41) | 9038.8 | 325/1266 | 0 | PASS | não |
| 6 | S6 | 0 | 30/0/0 | 110 | 150 (38) | 10561.1 | 318/1274 | 0 | PASS | não |
| **total** | | | | | **798 (190)** | 55860.5 | 1592/7959 | 0 | | |

Fim de cada ciclo no relógio comum (o **último** nó a terminar), ms: 4392.5, 7794.5, 11204.7, 14621.7, 18013.3

Tempo por passo: ciclo 1 **99.83 ms**; ciclos 2–5 **77.39 ms**

Verificação cruzada com o supervisor MONOLÍTICO: **off**

## Verificações

| verificação | esperado | obtido | |
|---|---|---|---|
| decryptions, whole cell | 798 | 798 | ✅ |
| decryptions, whole cell, cycle 1 | 190 | 190 | ✅ |
| outcome | complete | complete | ✅ |
| same fingerprint on every node | 1 | 1 | ✅ |
| oracle PASS on every node | True | True | ✅ |
| crypto self-test PASS on every node | True | True | ✅ |

**TODAS AS VERIFICAÇÕES PASSARAM**


################ fms-7  (repetição 3/5)
== build skipped (DES_SKIP_BUILD=1): using the existing image
== run: node1 node2 node3 node4 node5 node6 node7
 Network docker-des_cell Creating 
 Network docker-des_cell Creating 
 Network docker-des_cell Created 
 Network docker-des_cell Created 
 Container docker-des-node7-1 Creating 
 Container docker-des-node1-1 Creating 
 Container docker-des-node2-1 Creating 
 Container docker-des-node5-1 Creating 
 Container docker-des-node3-1 Creating 
 Container docker-des-node6-1 Creating 
 Container docker-des-node4-1 Creating 
 Container docker-des-node3-1 Created 
 Container docker-des-node1-1 Created 
 Container docker-des-node4-1 Created 
 Container docker-des-node2-1 Created 
 Container docker-des-node5-1 Created 
 Container docker-des-node7-1 Created 
 Container docker-des-node6-1 Created 
 Container docker-des-node1-1 Starting 
 Container docker-des-node5-1 Starting 
 Container docker-des-node3-1 Starting 
 Container docker-des-node2-1 Starting 
 Container docker-des-node6-1 Starting 
 Container docker-des-node7-1 Starting 
 Container docker-des-node4-1 Starting 
 Container docker-des-node1-1 Started 
 Container docker-des-node5-1 Started 
 Container docker-des-node3-1 Started 
 Container docker-des-node2-1 Started 
 Container docker-des-node6-1 Started 
 Container docker-des-node7-1 Started 
 Container docker-des-node4-1 Started 
== collect -> results/20260927-170420-varredura/20260927-172055-fms-7
# Execução `20260927-172055-fms-7`

- problema `fms`, família `LMOD`, **7 containers**, UDP multicast
- 5 ciclos × 44 passos = 220 passos; **220 executados**, 0 pulados
- impressão digital da configuração: `04511541`
- RTT de aplicação (nó 1, 20 sondas): média 11.17 ms, mín 2.72, máx 141.79
- resultado: **complete**

| nó | supervisores | saída | disparou (local/ctrl/unctrl) | aplicou p/ pares | decifrações (ciclo 1) | HE total ms | quadros tx/rx | retx | oráculo | halt |
|---|---|---|---|---|---|---|---|---|---|---|
| 1 | S0 | 0 | 20/40/40 | 0 | 101 (21) | 7030.9 | 166/1696 | 0 | PASS | não |
| 2 | S1 | 0 | 20/0/0 | 80 | 101 (21) | 7032.0 | 251/1611 | 0 | PASS | não |
| 3 | S2 | 0 | 20/0/0 | 80 | 100 (20) | 6959.0 | 253/1609 | 0 | PASS | não |
| 4 | S3 | 0 | 20/0/0 | 80 | 103 (23) | 7176.8 | 248/1612 | 0 | PASS | não |
| 5 | S4 | 0 | 0/20/10 | 80 | 114 (26) | 7953.1 | 296/1566 | 0 | PASS | não |
| 6 | S5 | 0 | 0/0/0 | 110 | 129 (41) | 8998.8 | 328/1534 | 0 | PASS | não |
| 7 | S6 | 0 | 30/0/0 | 110 | 150 (38) | 10510.8 | 320/1541 | 0 | PASS | não |
| **total** | | | | | **798 (190)** | 55661.4 | 1862/11169 | 0 | | |

Fim de cada ciclo no relógio comum (o **último** nó a terminar), ms: 3902.3, 6572.4, 9272.6, 11962.9, 14670.8

Tempo por passo: ciclo 1 **88.69 ms**; ciclos 2–5 **61.18 ms**

Verificação cruzada com o supervisor MONOLÍTICO: **off**

## Verificações

| verificação | esperado | obtido | |
|---|---|---|---|
| config fingerprint | 04511541 | 04511541 | ✅ |
| decryptions, whole cell | 798 | 798 | ✅ |
| decryptions, whole cell, cycle 1 | 190 | 190 | ✅ |
| outcome | complete | complete | ✅ |
| same fingerprint on every node | 1 | 1 | ✅ |
| oracle PASS on every node | True | True | ✅ |
| crypto self-test PASS on every node | True | True | ✅ |

**TODAS AS VERIFICAÇÕES PASSARAM**


################ fms-1  (repetição 4/5)
== build skipped (DES_SKIP_BUILD=1): using the existing image
== run: node1
 Network docker-des_cell Creating 
 Network docker-des_cell Creating 
 Network docker-des_cell Created 
 Network docker-des_cell Created 
 Container docker-des-node1-1 Creating 
 Container docker-des-node1-1 Created 
 Container docker-des-node1-1 Starting 
 Container docker-des-node1-1 Started 
== collect -> results/20260927-170420-varredura/20260927-172133-fms-1
# Execução `20260927-172133-fms-1`

- problema `fms`, família `LMOD`, **1 containers**, UDP multicast
- 5 ciclos × 44 passos = 220 passos; **220 executados**, 0 pulados
- impressão digital da configuração: `3f2beff2`
- resultado: **complete**

| nó | supervisores | saída | disparou (local/ctrl/unctrl) | aplicou p/ pares | decifrações (ciclo 1) | HE total ms | quadros tx/rx | retx | oráculo | halt |
|---|---|---|---|---|---|---|---|---|---|---|
| 1 | S0 S1 S2 S3 S4 S5 S6 | 0 | 220/0/0 | 0 | 798 (190) | 55708.7 | 0/0 | 0 | PASS | não |
| **total** | | | | | **798 (190)** | 55708.7 | 0/0 | 0 | | |

Fim de cada ciclo no relógio comum (o **último** nó a terminar), ms: 13371.5, 23980.6, 34574.0, 45147.5, 55755.9

Tempo por passo: ciclo 1 **303.90 ms**; ciclos 2–5 **240.82 ms**

Verificação cruzada com o supervisor MONOLÍTICO: **off**

## Verificações

| verificação | esperado | obtido | |
|---|---|---|---|
| config fingerprint | 3f2beff2 | 3f2beff2 | ✅ |
| decryptions, whole cell | 798 | 798 | ✅ |
| decryptions, whole cell, cycle 1 | 190 | 190 | ✅ |
| outcome | complete | complete | ✅ |
| same fingerprint on every node | 1 | 1 | ✅ |
| oracle PASS on every node | True | True | ✅ |
| crypto self-test PASS on every node | True | True | ✅ |

**TODAS AS VERIFICAÇÕES PASSARAM**


################ fms-2  (repetição 4/5)
== build skipped (DES_SKIP_BUILD=1): using the existing image
== run: node1 node2
 Network docker-des_cell Creating 
 Network docker-des_cell Creating 
 Network docker-des_cell Created 
 Network docker-des_cell Created 
 Container docker-des-node2-1 Creating 
 Container docker-des-node1-1 Creating 
 Container docker-des-node1-1 Created 
 Container docker-des-node2-1 Created 
 Container docker-des-node2-1 Starting 
 Container docker-des-node1-1 Starting 
 Container docker-des-node2-1 Started 
 Container docker-des-node1-1 Started 
== collect -> results/20260927-170420-varredura/20260927-172251-fms-2
# Execução `20260927-172251-fms-2`

- problema `fms`, família `LMOD`, **2 containers**, UDP multicast
- 5 ciclos × 44 passos = 220 passos; **220 executados**, 0 pulados
- impressão digital da configuração: `edbd7971`
- RTT de aplicação (nó 1, 20 sondas): média 3.76 ms, mín 2.54, máx 5.30
- resultado: **complete**

| nó | supervisores | saída | disparou (local/ctrl/unctrl) | aplicou p/ pares | decifrações (ciclo 1) | HE total ms | quadros tx/rx | retx | oráculo | halt |
|---|---|---|---|---|---|---|---|---|---|---|
| 1 | S0 S1 S2 S3 | 0 | 80/40/40 | 0 | 405 (85) | 28221.5 | 148/230 | 0 | PASS | não |
| 2 | S4 S5 S6 | 0 | 60/0/0 | 80 | 393 (105) | 27429.4 | 230/148 | 0 | PASS | não |
| **total** | | | | | **798 (190)** | 55650.9 | 378/378 | 0 | | |

Fim de cada ciclo no relógio comum (o **último** nó a terminar), ms: 8585.3, 15130.6, 21667.1, 28216.8, 34780.0

Tempo por passo: ciclo 1 **195.12 ms**; ciclos 2–5 **148.83 ms**

Verificação cruzada com o supervisor MONOLÍTICO: **off**

## Verificações

| verificação | esperado | obtido | |
|---|---|---|---|
| config fingerprint | edbd7971 | edbd7971 | ✅ |
| decryptions per node | 405 393 | 405 393 | ✅ |
| decryptions per node, cycle 1 | 85 105 | 85 105 | ✅ |
| decryptions, whole cell | 798 | 798 | ✅ |
| decryptions, whole cell, cycle 1 | 190 | 190 | ✅ |
| outcome | complete | complete | ✅ |
| same fingerprint on every node | 1 | 1 | ✅ |
| oracle PASS on every node | True | True | ✅ |
| crypto self-test PASS on every node | True | True | ✅ |

**TODAS AS VERIFICAÇÕES PASSARAM**


################ fms-3  (repetição 4/5)
== build skipped (DES_SKIP_BUILD=1): using the existing image
== run: node1 node2 node3
 Network docker-des_cell Creating 
 Network docker-des_cell Creating 
 Network docker-des_cell Created 
 Network docker-des_cell Created 
 Container docker-des-node3-1 Creating 
 Container docker-des-node2-1 Creating 
 Container docker-des-node1-1 Creating 
 Container docker-des-node1-1 Created 
 Container docker-des-node3-1 Created 
 Container docker-des-node2-1 Created 
 Container docker-des-node2-1 Starting 
 Container docker-des-node3-1 Starting 
 Container docker-des-node1-1 Starting 
 Container docker-des-node2-1 Started 
 Container docker-des-node3-1 Started 
 Container docker-des-node1-1 Started 
== collect -> results/20260927-170420-varredura/20260927-172346-fms-3
# Execução `20260927-172346-fms-3`

- problema `fms`, família `LMOD`, **3 containers**, UDP multicast
- 5 ciclos × 44 passos = 220 passos; **220 executados**, 0 pulados
- impressão digital da configuração: `04d74714`
- RTT de aplicação (nó 1, 20 sondas): média 4.30 ms, mín 2.53, máx 5.98
- resultado: **complete**

| nó | supervisores | saída | disparou (local/ctrl/unctrl) | aplicou p/ pares | decifrações (ciclo 1) | HE total ms | quadros tx/rx | retx | oráculo | halt |
|---|---|---|---|---|---|---|---|---|---|---|
| 1 | S0 S1 S2 | 0 | 60/40/40 | 0 | 302 (62) | 21052.9 | 150/598 | 0 | PASS | não |
| 2 | S3 S4 | 0 | 20/20/10 | 80 | 217 (49) | 15121.0 | 286/462 | 0 | PASS | não |
| 3 | S5 S6 | 0 | 30/0/0 | 110 | 279 (79) | 19481.9 | 312/436 | 0 | PASS | não |
| **total** | | | | | **798 (190)** | 55655.8 | 748/1496 | 0 | | |

Fim de cada ciclo no relógio comum (o **último** nó a terminar), ms: 6560.8, 11503.6, 16451.4, 21391.0, 26338.4

Tempo por passo: ciclo 1 **149.11 ms**; ciclos 2–5 **112.37 ms**

Verificação cruzada com o supervisor MONOLÍTICO: **off**

## Verificações

| verificação | esperado | obtido | |
|---|---|---|---|
| decryptions, whole cell | 798 | 798 | ✅ |
| decryptions, whole cell, cycle 1 | 190 | 190 | ✅ |
| outcome | complete | complete | ✅ |
| same fingerprint on every node | 1 | 1 | ✅ |
| oracle PASS on every node | True | True | ✅ |
| crypto self-test PASS on every node | True | True | ✅ |

**TODAS AS VERIFICAÇÕES PASSARAM**


################ fms-4  (repetição 4/5)
== build skipped (DES_SKIP_BUILD=1): using the existing image
== run: node1 node2 node3 node4
 Network docker-des_cell Creating 
 Network docker-des_cell Creating 
 Network docker-des_cell Created 
 Network docker-des_cell Created 
 Container docker-des-node4-1 Creating 
 Container docker-des-node1-1 Creating 
 Container docker-des-node3-1 Creating 
 Container docker-des-node2-1 Creating 
 Container docker-des-node1-1 Created 
 Container docker-des-node2-1 Created 
 Container docker-des-node3-1 Created 
 Container docker-des-node4-1 Created 
 Container docker-des-node3-1 Starting 
 Container docker-des-node4-1 Starting 
 Container docker-des-node2-1 Starting 
 Container docker-des-node1-1 Starting 
 Container docker-des-node3-1 Started 
 Container docker-des-node4-1 Started 
 Container docker-des-node2-1 Started 
 Container docker-des-node1-1 Started 
== collect -> results/20260927-170420-varredura/20260927-172433-fms-4
# Execução `20260927-172433-fms-4`

- problema `fms`, família `LMOD`, **4 containers**, UDP multicast
- 5 ciclos × 44 passos = 220 passos; **220 executados**, 0 pulados
- impressão digital da configuração: `457cc268`
- RTT de aplicação (nó 1, 20 sondas): média 4.29 ms, mín 2.90, máx 5.32
- resultado: **complete**

| nó | supervisores | saída | disparou (local/ctrl/unctrl) | aplicou p/ pares | decifrações (ciclo 1) | HE total ms | quadros tx/rx | retx | oráculo | halt |
|---|---|---|---|---|---|---|---|---|---|---|
| 1 | S0 S1 | 0 | 40/40/40 | 0 | 202 (42) | 14094.7 | 152/847 | 0 | PASS | não |
| 2 | S2 S3 | 0 | 40/0/0 | 80 | 203 (43) | 14160.6 | 246/753 | 0 | PASS | não |
| 3 | S4 S5 | 0 | 0/20/10 | 80 | 243 (67) | 16975.4 | 285/714 | 0 | PASS | não |
| 4 | S6 | 0 | 30/0/0 | 110 | 150 (38) | 10531.2 | 316/683 | 0 | PASS | não |
| **total** | | | | | **798 (190)** | 55761.9 | 999/2997 | 0 | | |

Fim de cada ciclo no relógio comum (o **último** nó a terminar), ms: 5869.1, 9997.8, 14139.1, 18265.6, 22399.0

Tempo por passo: ciclo 1 **133.39 ms**; ciclos 2–5 **93.92 ms**

Verificação cruzada com o supervisor MONOLÍTICO: **off**

## Verificações

| verificação | esperado | obtido | |
|---|---|---|---|
| decryptions, whole cell | 798 | 798 | ✅ |
| decryptions, whole cell, cycle 1 | 190 | 190 | ✅ |
| outcome | complete | complete | ✅ |
| same fingerprint on every node | 1 | 1 | ✅ |
| oracle PASS on every node | True | True | ✅ |
| crypto self-test PASS on every node | True | True | ✅ |

**TODAS AS VERIFICAÇÕES PASSARAM**


################ fms-5  (repetição 4/5)
== build skipped (DES_SKIP_BUILD=1): using the existing image
== run: node1 node2 node3 node4 node5
 Network docker-des_cell Creating 
 Network docker-des_cell Creating 
 Network docker-des_cell Created 
 Network docker-des_cell Created 
 Container docker-des-node5-1 Creating 
 Container docker-des-node3-1 Creating 
 Container docker-des-node1-1 Creating 
 Container docker-des-node4-1 Creating 
 Container docker-des-node2-1 Creating 
 Container docker-des-node1-1 Created 
 Container docker-des-node2-1 Created 
 Container docker-des-node5-1 Created 
 Container docker-des-node4-1 Created 
 Container docker-des-node3-1 Created 
 Container docker-des-node3-1 Starting 
 Container docker-des-node4-1 Starting 
 Container docker-des-node5-1 Starting 
 Container docker-des-node1-1 Starting 
 Container docker-des-node2-1 Starting 
 Container docker-des-node3-1 Started 
 Container docker-des-node4-1 Started 
 Container docker-des-node5-1 Started 
 Container docker-des-node1-1 Started 
 Container docker-des-node2-1 Started 
== collect -> results/20260927-170420-varredura/20260927-172516-fms-5
# Execução `20260927-172516-fms-5`

- problema `fms`, família `LMOD`, **5 containers**, UDP multicast
- 5 ciclos × 44 passos = 220 passos; **220 executados**, 0 pulados
- impressão digital da configuração: `6f43d6b9`
- RTT de aplicação (nó 1, 20 sondas): média 3.56 ms, mín 2.39, máx 4.42
- resultado: **complete**

| nó | supervisores | saída | disparou (local/ctrl/unctrl) | aplicou p/ pares | decifrações (ciclo 1) | HE total ms | quadros tx/rx | retx | oráculo | halt |
|---|---|---|---|---|---|---|---|---|---|---|
| 1 | S0 S1 | 0 | 40/40/40 | 0 | 202 (42) | 14087.6 | 154/1175 | 0 | PASS | não |
| 2 | S2 | 0 | 20/0/0 | 80 | 100 (20) | 6970.3 | 245/1084 | 0 | PASS | não |
| 3 | S3 S4 | 0 | 20/20/10 | 80 | 217 (49) | 15152.6 | 287/1042 | 0 | PASS | não |
| 4 | S5 | 0 | 0/0/0 | 110 | 129 (41) | 9019.8 | 326/1003 | 0 | PASS | não |
| 5 | S6 | 0 | 30/0/0 | 110 | 150 (38) | 10537.0 | 317/1012 | 0 | PASS | não |
| **total** | | | | | **798 (190)** | 55767.3 | 1329/5316 | 0 | | |

Fim de cada ciclo no relógio comum (o **último** nó a terminar), ms: 4784.7, 8417.4, 12053.3, 15708.9, 19355.3

Tempo por passo: ciclo 1 **108.74 ms**; ciclos 2–5 **82.79 ms**

Verificação cruzada com o supervisor MONOLÍTICO: **off**

## Verificações

| verificação | esperado | obtido | |
|---|---|---|---|
| decryptions, whole cell | 798 | 798 | ✅ |
| decryptions, whole cell, cycle 1 | 190 | 190 | ✅ |
| outcome | complete | complete | ✅ |
| same fingerprint on every node | 1 | 1 | ✅ |
| oracle PASS on every node | True | True | ✅ |
| crypto self-test PASS on every node | True | True | ✅ |

**TODAS AS VERIFICAÇÕES PASSARAM**


################ fms-6  (repetição 4/5)
== build skipped (DES_SKIP_BUILD=1): using the existing image
== run: node1 node2 node3 node4 node5 node6
 Network docker-des_cell Creating 
 Network docker-des_cell Creating 
 Network docker-des_cell Created 
 Network docker-des_cell Created 
 Container docker-des-node6-1 Creating 
 Container docker-des-node5-1 Creating 
 Container docker-des-node3-1 Creating 
 Container docker-des-node4-1 Creating 
 Container docker-des-node2-1 Creating 
 Container docker-des-node1-1 Creating 
 Container docker-des-node3-1 Created 
 Container docker-des-node6-1 Created 
 Container docker-des-node1-1 Created 
 Container docker-des-node5-1 Created 
 Container docker-des-node4-1 Created 
 Container docker-des-node2-1 Created 
 Container docker-des-node1-1 Starting 
 Container docker-des-node4-1 Starting 
 Container docker-des-node3-1 Starting 
 Container docker-des-node5-1 Starting 
 Container docker-des-node6-1 Starting 
 Container docker-des-node2-1 Starting 
 Container docker-des-node1-1 Started 
 Container docker-des-node4-1 Started 
 Container docker-des-node3-1 Started 
 Container docker-des-node5-1 Started 
 Container docker-des-node6-1 Started 
 Container docker-des-node2-1 Started 
== collect -> results/20260927-170420-varredura/20260927-172556-fms-6
# Execução `20260927-172556-fms-6`

- problema `fms`, família `LMOD`, **6 containers**, UDP multicast
- 5 ciclos × 44 passos = 220 passos; **220 executados**, 0 pulados
- impressão digital da configuração: `8d540ec9`
- RTT de aplicação (nó 1, 20 sondas): média 4.49 ms, mín 3.10, máx 6.22
- resultado: **complete**

| nó | supervisores | saída | disparou (local/ctrl/unctrl) | aplicou p/ pares | decifrações (ciclo 1) | HE total ms | quadros tx/rx | retx | oráculo | halt |
|---|---|---|---|---|---|---|---|---|---|---|
| 1 | S0 S1 | 0 | 40/40/40 | 0 | 202 (42) | 14085.4 | 159/1433 | 0 | PASS | não |
| 2 | S2 | 0 | 20/0/0 | 80 | 100 (20) | 6967.9 | 247/1345 | 0 | PASS | não |
| 3 | S3 | 0 | 20/0/0 | 80 | 103 (23) | 7180.3 | 249/1343 | 0 | PASS | não |
| 4 | S4 | 0 | 0/20/10 | 80 | 114 (26) | 7955.2 | 293/1299 | 0 | PASS | não |
| 5 | S5 | 0 | 0/0/0 | 110 | 129 (41) | 8996.3 | 326/1266 | 0 | PASS | não |
| 6 | S6 | 0 | 30/0/0 | 110 | 150 (38) | 10503.8 | 318/1274 | 0 | PASS | não |
| **total** | | | | | **798 (190)** | 55688.9 | 1592/7960 | 0 | | |

Fim de cada ciclo no relógio comum (o **último** nó a terminar), ms: 4289.4, 7671.0, 11071.5, 14480.7, 17885.4

Tempo por passo: ciclo 1 **97.49 ms**; ciclos 2–5 **77.25 ms**

Verificação cruzada com o supervisor MONOLÍTICO: **off**

## Verificações

| verificação | esperado | obtido | |
|---|---|---|---|
| decryptions, whole cell | 798 | 798 | ✅ |
| decryptions, whole cell, cycle 1 | 190 | 190 | ✅ |
| outcome | complete | complete | ✅ |
| same fingerprint on every node | 1 | 1 | ✅ |
| oracle PASS on every node | True | True | ✅ |
| crypto self-test PASS on every node | True | True | ✅ |

**TODAS AS VERIFICAÇÕES PASSARAM**


################ fms-7  (repetição 4/5)
== build skipped (DES_SKIP_BUILD=1): using the existing image
== run: node1 node2 node3 node4 node5 node6 node7
 Network docker-des_cell Creating 
 Network docker-des_cell Creating 
 Network docker-des_cell Created 
 Network docker-des_cell Created 
 Container docker-des-node7-1 Creating 
 Container docker-des-node5-1 Creating 
 Container docker-des-node6-1 Creating 
 Container docker-des-node1-1 Creating 
 Container docker-des-node2-1 Creating 
 Container docker-des-node3-1 Creating 
 Container docker-des-node4-1 Creating 
 Container docker-des-node4-1 Created 
 Container docker-des-node1-1 Created 
 Container docker-des-node2-1 Created 
 Container docker-des-node3-1 Created 
 Container docker-des-node5-1 Created 
 Container docker-des-node6-1 Created 
 Container docker-des-node7-1 Created 
 Container docker-des-node5-1 Starting 
 Container docker-des-node6-1 Starting 
 Container docker-des-node3-1 Starting 
 Container docker-des-node2-1 Starting 
 Container docker-des-node1-1 Starting 
 Container docker-des-node7-1 Starting 
 Container docker-des-node4-1 Starting 
 Container docker-des-node5-1 Started 
 Container docker-des-node6-1 Started 
 Container docker-des-node3-1 Started 
 Container docker-des-node2-1 Started 
 Container docker-des-node1-1 Started 
 Container docker-des-node7-1 Started 
 Container docker-des-node4-1 Started 
== collect -> results/20260927-170420-varredura/20260927-172637-fms-7
# Execução `20260927-172637-fms-7`

- problema `fms`, família `LMOD`, **7 containers**, UDP multicast
- 5 ciclos × 44 passos = 220 passos; **220 executados**, 0 pulados
- impressão digital da configuração: `04511541`
- RTT de aplicação (nó 1, 20 sondas): média 10.62 ms, mín 2.53, máx 132.63
- resultado: **complete**

| nó | supervisores | saída | disparou (local/ctrl/unctrl) | aplicou p/ pares | decifrações (ciclo 1) | HE total ms | quadros tx/rx | retx | oráculo | halt |
|---|---|---|---|---|---|---|---|---|---|---|
| 1 | S0 | 0 | 20/40/40 | 0 | 101 (21) | 7048.0 | 163/1704 | 0 | PASS | não |
| 2 | S1 | 0 | 20/0/0 | 80 | 101 (21) | 7048.6 | 252/1615 | 0 | PASS | não |
| 3 | S2 | 0 | 20/0/0 | 80 | 100 (20) | 6976.5 | 253/1614 | 0 | PASS | não |
| 4 | S3 | 0 | 20/0/0 | 80 | 103 (23) | 7189.0 | 249/1617 | 0 | PASS | não |
| 5 | S4 | 0 | 0/20/10 | 80 | 114 (26) | 7975.2 | 298/1569 | 0 | PASS | não |
| 6 | S5 | 0 | 0/0/0 | 110 | 129 (41) | 9027.3 | 332/1535 | 0 | PASS | não |
| 7 | S6 | 0 | 30/0/0 | 110 | 150 (38) | 10543.8 | 320/1547 | 0 | PASS | não |
| **total** | | | | | **798 (190)** | 55808.4 | 1867/11201 | 0 | | |

Fim de cada ciclo no relógio comum (o **último** nó a terminar), ms: 3973.1, 6700.2, 9404.1, 12117.2, 14808.8

Tempo por passo: ciclo 1 **90.30 ms**; ciclos 2–5 **61.57 ms**

Verificação cruzada com o supervisor MONOLÍTICO: **off**

## Verificações

| verificação | esperado | obtido | |
|---|---|---|---|
| config fingerprint | 04511541 | 04511541 | ✅ |
| decryptions, whole cell | 798 | 798 | ✅ |
| decryptions, whole cell, cycle 1 | 190 | 190 | ✅ |
| outcome | complete | complete | ✅ |
| same fingerprint on every node | 1 | 1 | ✅ |
| oracle PASS on every node | True | True | ✅ |
| crypto self-test PASS on every node | True | True | ✅ |

**TODAS AS VERIFICAÇÕES PASSARAM**


################ fms-1  (repetição 5/5)
== build skipped (DES_SKIP_BUILD=1): using the existing image
== run: node1
 Network docker-des_cell Creating 
 Network docker-des_cell Creating 
 Network docker-des_cell Created 
 Network docker-des_cell Created 
 Container docker-des-node1-1 Creating 
 Container docker-des-node1-1 Created 
 Container docker-des-node1-1 Starting 
 Container docker-des-node1-1 Started 
== collect -> results/20260927-170420-varredura/20260927-172715-fms-1
# Execução `20260927-172715-fms-1`

- problema `fms`, família `LMOD`, **1 containers**, UDP multicast
- 5 ciclos × 44 passos = 220 passos; **220 executados**, 0 pulados
- impressão digital da configuração: `3f2beff2`
- resultado: **complete**

| nó | supervisores | saída | disparou (local/ctrl/unctrl) | aplicou p/ pares | decifrações (ciclo 1) | HE total ms | quadros tx/rx | retx | oráculo | halt |
|---|---|---|---|---|---|---|---|---|---|---|
| 1 | S0 S1 S2 S3 S4 S5 S6 | 0 | 220/0/0 | 0 | 798 (190) | 55738.4 | 0/0 | 0 | PASS | não |
| **total** | | | | | **798 (190)** | 55738.4 | 0/0 | 0 | | |

Fim de cada ciclo no relógio comum (o **último** nó a terminar), ms: 13372.8, 23974.4, 34579.6, 45181.3, 55787.0

Tempo por passo: ciclo 1 **303.93 ms**; ciclos 2–5 **240.99 ms**

Verificação cruzada com o supervisor MONOLÍTICO: **off**

## Verificações

| verificação | esperado | obtido | |
|---|---|---|---|
| config fingerprint | 3f2beff2 | 3f2beff2 | ✅ |
| decryptions, whole cell | 798 | 798 | ✅ |
| decryptions, whole cell, cycle 1 | 190 | 190 | ✅ |
| outcome | complete | complete | ✅ |
| same fingerprint on every node | 1 | 1 | ✅ |
| oracle PASS on every node | True | True | ✅ |
| crypto self-test PASS on every node | True | True | ✅ |

**TODAS AS VERIFICAÇÕES PASSARAM**


################ fms-2  (repetição 5/5)
== build skipped (DES_SKIP_BUILD=1): using the existing image
== run: node1 node2
 Network docker-des_cell Creating 
 Network docker-des_cell Creating 
 Network docker-des_cell Created 
 Network docker-des_cell Created 
 Container docker-des-node2-1 Creating 
 Container docker-des-node1-1 Creating 
 Container docker-des-node2-1 Created 
 Container docker-des-node1-1 Created 
 Container docker-des-node1-1 Starting 
 Container docker-des-node2-1 Starting 
 Container docker-des-node1-1 Started 
 Container docker-des-node2-1 Started 
== collect -> results/20260927-170420-varredura/20260927-172832-fms-2
# Execução `20260927-172832-fms-2`

- problema `fms`, família `LMOD`, **2 containers**, UDP multicast
- 5 ciclos × 44 passos = 220 passos; **220 executados**, 0 pulados
- impressão digital da configuração: `edbd7971`
- RTT de aplicação (nó 1, 20 sondas): média 4.09 ms, mín 2.72, máx 5.03
- resultado: **complete**

| nó | supervisores | saída | disparou (local/ctrl/unctrl) | aplicou p/ pares | decifrações (ciclo 1) | HE total ms | quadros tx/rx | retx | oráculo | halt |
|---|---|---|---|---|---|---|---|---|---|---|
| 1 | S0 S1 S2 S3 | 0 | 80/40/40 | 0 | 405 (85) | 28225.3 | 150/230 | 0 | PASS | não |
| 2 | S4 S5 S6 | 0 | 60/0/0 | 80 | 393 (105) | 27467.0 | 230/150 | 0 | PASS | não |
| **total** | | | | | **798 (190)** | 55692.3 | 380/380 | 0 | | |

Fim de cada ciclo no relógio comum (o **último** nó a terminar), ms: 8616.1, 15171.2, 21721.2, 28269.6, 34824.0

Tempo por passo: ciclo 1 **195.82 ms**; ciclos 2–5 **148.91 ms**

Verificação cruzada com o supervisor MONOLÍTICO: **off**

## Verificações

| verificação | esperado | obtido | |
|---|---|---|---|
| config fingerprint | edbd7971 | edbd7971 | ✅ |
| decryptions per node | 405 393 | 405 393 | ✅ |
| decryptions per node, cycle 1 | 85 105 | 85 105 | ✅ |
| decryptions, whole cell | 798 | 798 | ✅ |
| decryptions, whole cell, cycle 1 | 190 | 190 | ✅ |
| outcome | complete | complete | ✅ |
| same fingerprint on every node | 1 | 1 | ✅ |
| oracle PASS on every node | True | True | ✅ |
| crypto self-test PASS on every node | True | True | ✅ |

**TODAS AS VERIFICAÇÕES PASSARAM**


################ fms-3  (repetição 5/5)
== build skipped (DES_SKIP_BUILD=1): using the existing image
== run: node1 node2 node3
 Network docker-des_cell Creating 
 Network docker-des_cell Creating 
 Network docker-des_cell Created 
 Network docker-des_cell Created 
 Container docker-des-node3-1 Creating 
 Container docker-des-node1-1 Creating 
 Container docker-des-node2-1 Creating 
 Container docker-des-node3-1 Created 
 Container docker-des-node1-1 Created 
 Container docker-des-node2-1 Created 
 Container docker-des-node1-1 Starting 
 Container docker-des-node3-1 Starting 
 Container docker-des-node2-1 Starting 
 Container docker-des-node1-1 Started 
 Container docker-des-node3-1 Started 
 Container docker-des-node2-1 Started 
== collect -> results/20260927-170420-varredura/20260927-172928-fms-3
# Execução `20260927-172928-fms-3`

- problema `fms`, família `LMOD`, **3 containers**, UDP multicast
- 5 ciclos × 44 passos = 220 passos; **220 executados**, 0 pulados
- impressão digital da configuração: `04d74714`
- RTT de aplicação (nó 1, 20 sondas): média 4.76 ms, mín 4.15, máx 5.47
- resultado: **complete**

| nó | supervisores | saída | disparou (local/ctrl/unctrl) | aplicou p/ pares | decifrações (ciclo 1) | HE total ms | quadros tx/rx | retx | oráculo | halt |
|---|---|---|---|---|---|---|---|---|---|---|
| 1 | S0 S1 S2 | 0 | 60/40/40 | 0 | 302 (62) | 21065.9 | 152/597 | 0 | PASS | não |
| 2 | S3 S4 | 0 | 20/20/10 | 80 | 217 (49) | 15132.8 | 285/464 | 0 | PASS | não |
| 3 | S5 S6 | 0 | 30/0/0 | 110 | 279 (79) | 19518.2 | 312/437 | 0 | PASS | não |
| **total** | | | | | **798 (190)** | 55716.9 | 749/1498 | 0 | | |

Fim de cada ciclo no relógio comum (o **último** nó a terminar), ms: 6595.1, 11554.1, 16504.4, 21460.2, 26397.4

Tempo por passo: ciclo 1 **149.89 ms**; ciclos 2–5 **112.51 ms**

Verificação cruzada com o supervisor MONOLÍTICO: **off**

## Verificações

| verificação | esperado | obtido | |
|---|---|---|---|
| decryptions, whole cell | 798 | 798 | ✅ |
| decryptions, whole cell, cycle 1 | 190 | 190 | ✅ |
| outcome | complete | complete | ✅ |
| same fingerprint on every node | 1 | 1 | ✅ |
| oracle PASS on every node | True | True | ✅ |
| crypto self-test PASS on every node | True | True | ✅ |

**TODAS AS VERIFICAÇÕES PASSARAM**


################ fms-4  (repetição 5/5)
== build skipped (DES_SKIP_BUILD=1): using the existing image
== run: node1 node2 node3 node4
 Network docker-des_cell Creating 
 Network docker-des_cell Creating 
 Network docker-des_cell Created 
 Network docker-des_cell Created 
 Container docker-des-node4-1 Creating 
 Container docker-des-node3-1 Creating 
 Container docker-des-node1-1 Creating 
 Container docker-des-node2-1 Creating 
 Container docker-des-node3-1 Created 
 Container docker-des-node4-1 Created 
 Container docker-des-node2-1 Created 
 Container docker-des-node1-1 Created 
 Container docker-des-node1-1 Starting 
 Container docker-des-node3-1 Starting 
 Container docker-des-node2-1 Starting 
 Container docker-des-node4-1 Starting 
 Container docker-des-node1-1 Started 
 Container docker-des-node3-1 Started 
 Container docker-des-node2-1 Started 
 Container docker-des-node4-1 Started 
== collect -> results/20260927-170420-varredura/20260927-173015-fms-4
# Execução `20260927-173015-fms-4`

- problema `fms`, família `LMOD`, **4 containers**, UDP multicast
- 5 ciclos × 44 passos = 220 passos; **220 executados**, 0 pulados
- impressão digital da configuração: `457cc268`
- RTT de aplicação (nó 1, 20 sondas): média 3.86 ms, mín 2.57, máx 4.87
- resultado: **complete**

| nó | supervisores | saída | disparou (local/ctrl/unctrl) | aplicou p/ pares | decifrações (ciclo 1) | HE total ms | quadros tx/rx | retx | oráculo | halt |
|---|---|---|---|---|---|---|---|---|---|---|
| 1 | S0 S1 | 0 | 40/40/40 | 0 | 202 (42) | 14076.7 | 155/846 | 0 | PASS | não |
| 2 | S2 S3 | 0 | 40/0/0 | 80 | 203 (43) | 14131.9 | 247/754 | 0 | PASS | não |
| 3 | S4 S5 | 0 | 0/20/10 | 80 | 243 (67) | 16956.6 | 284/717 | 0 | PASS | não |
| 4 | S6 | 0 | 30/0/0 | 110 | 150 (38) | 10509.5 | 315/686 | 0 | PASS | não |
| **total** | | | | | **798 (190)** | 55674.7 | 1001/3003 | 0 | | |

Fim de cada ciclo no relógio comum (o **último** nó a terminar), ms: 5865.7, 10002.0, 14126.3, 18210.8, 22335.7

Tempo por passo: ciclo 1 **133.31 ms**; ciclos 2–5 **93.58 ms**

Verificação cruzada com o supervisor MONOLÍTICO: **off**

## Verificações

| verificação | esperado | obtido | |
|---|---|---|---|
| decryptions, whole cell | 798 | 798 | ✅ |
| decryptions, whole cell, cycle 1 | 190 | 190 | ✅ |
| outcome | complete | complete | ✅ |
| same fingerprint on every node | 1 | 1 | ✅ |
| oracle PASS on every node | True | True | ✅ |
| crypto self-test PASS on every node | True | True | ✅ |

**TODAS AS VERIFICAÇÕES PASSARAM**


################ fms-5  (repetição 5/5)
== build skipped (DES_SKIP_BUILD=1): using the existing image
== run: node1 node2 node3 node4 node5
 Network docker-des_cell Creating 
 Network docker-des_cell Creating 
 Network docker-des_cell Created 
 Network docker-des_cell Created 
 Container docker-des-node5-1 Creating 
 Container docker-des-node3-1 Creating 
 Container docker-des-node1-1 Creating 
 Container docker-des-node4-1 Creating 
 Container docker-des-node2-1 Creating 
 Container docker-des-node4-1 Created 
 Container docker-des-node2-1 Created 
 Container docker-des-node1-1 Created 
 Container docker-des-node5-1 Created 
 Container docker-des-node3-1 Created 
 Container docker-des-node4-1 Starting 
 Container docker-des-node5-1 Starting 
 Container docker-des-node2-1 Starting 
 Container docker-des-node3-1 Starting 
 Container docker-des-node1-1 Starting 
 Container docker-des-node4-1 Started 
 Container docker-des-node5-1 Started 
 Container docker-des-node2-1 Started 
 Container docker-des-node3-1 Started 
 Container docker-des-node1-1 Started 
== collect -> results/20260927-170420-varredura/20260927-173058-fms-5
# Execução `20260927-173058-fms-5`

- problema `fms`, família `LMOD`, **5 containers**, UDP multicast
- 5 ciclos × 44 passos = 220 passos; **220 executados**, 0 pulados
- impressão digital da configuração: `6f43d6b9`
- RTT de aplicação (nó 1, 20 sondas): média 3.11 ms, mín 2.31, máx 4.54
- resultado: **complete**

| nó | supervisores | saída | disparou (local/ctrl/unctrl) | aplicou p/ pares | decifrações (ciclo 1) | HE total ms | quadros tx/rx | retx | oráculo | halt |
|---|---|---|---|---|---|---|---|---|---|---|
| 1 | S0 S1 | 0 | 40/40/40 | 0 | 202 (42) | 14076.3 | 155/1184 | 0 | PASS | não |
| 2 | S2 | 0 | 20/0/0 | 80 | 100 (20) | 6965.0 | 249/1090 | 0 | PASS | não |
| 3 | S3 S4 | 0 | 20/20/10 | 80 | 217 (49) | 15118.9 | 286/1053 | 0 | PASS | não |
| 4 | S5 | 0 | 0/0/0 | 110 | 129 (41) | 8990.3 | 329/1010 | 0 | PASS | não |
| 5 | S6 | 0 | 30/0/0 | 110 | 150 (38) | 10470.1 | 320/1019 | 0 | PASS | não |
| **total** | | | | | **798 (190)** | 55620.6 | 1339/5356 | 0 | | |

Fim de cada ciclo no relógio comum (o **último** nó a terminar), ms: 4698.6, 8336.1, 11978.7, 15622.8, 19267.6

Tempo por passo: ciclo 1 **106.79 ms**; ciclos 2–5 **82.78 ms**

Verificação cruzada com o supervisor MONOLÍTICO: **off**

## Verificações

| verificação | esperado | obtido | |
|---|---|---|---|
| decryptions, whole cell | 798 | 798 | ✅ |
| decryptions, whole cell, cycle 1 | 190 | 190 | ✅ |
| outcome | complete | complete | ✅ |
| same fingerprint on every node | 1 | 1 | ✅ |
| oracle PASS on every node | True | True | ✅ |
| crypto self-test PASS on every node | True | True | ✅ |

**TODAS AS VERIFICAÇÕES PASSARAM**


################ fms-6  (repetição 5/5)
== build skipped (DES_SKIP_BUILD=1): using the existing image
== run: node1 node2 node3 node4 node5 node6
 Network docker-des_cell Creating 
 Network docker-des_cell Creating 
 Network docker-des_cell Created 
 Network docker-des_cell Created 
 Container docker-des-node6-1 Creating 
 Container docker-des-node2-1 Creating 
 Container docker-des-node4-1 Creating 
 Container docker-des-node5-1 Creating 
 Container docker-des-node1-1 Creating 
 Container docker-des-node3-1 Creating 
 Container docker-des-node1-1 Created 
 Container docker-des-node6-1 Created 
 Container docker-des-node3-1 Created 
 Container docker-des-node2-1 Created 
 Container docker-des-node5-1 Created 
 Container docker-des-node4-1 Created 
 Container docker-des-node4-1 Starting 
 Container docker-des-node6-1 Starting 
 Container docker-des-node2-1 Starting 
 Container docker-des-node3-1 Starting 
 Container docker-des-node5-1 Starting 
 Container docker-des-node1-1 Starting 
 Container docker-des-node4-1 Started 
 Container docker-des-node6-1 Started 
 Container docker-des-node2-1 Started 
 Container docker-des-node3-1 Started 
 Container docker-des-node5-1 Started 
 Container docker-des-node1-1 Started 
== collect -> results/20260927-170420-varredura/20260927-173139-fms-6
# Execução `20260927-173139-fms-6`

- problema `fms`, família `LMOD`, **6 containers**, UDP multicast
- 5 ciclos × 44 passos = 220 passos; **220 executados**, 0 pulados
- impressão digital da configuração: `8d540ec9`
- RTT de aplicação (nó 1, 20 sondas): média 4.63 ms, mín 2.61, máx 6.05
- resultado: **complete**

| nó | supervisores | saída | disparou (local/ctrl/unctrl) | aplicou p/ pares | decifrações (ciclo 1) | HE total ms | quadros tx/rx | retx | oráculo | halt |
|---|---|---|---|---|---|---|---|---|---|---|
| 1 | S0 S1 | 0 | 40/40/40 | 0 | 202 (42) | 14100.6 | 156/1446 | 0 | PASS | não |
| 2 | S2 | 0 | 20/0/0 | 80 | 100 (20) | 6977.3 | 251/1351 | 0 | PASS | não |
| 3 | S3 | 0 | 20/0/0 | 80 | 103 (23) | 7186.4 | 250/1352 | 0 | PASS | não |
| 4 | S4 | 0 | 0/20/10 | 80 | 114 (26) | 7975.4 | 296/1306 | 0 | PASS | não |
| 5 | S5 | 0 | 0/0/0 | 110 | 129 (41) | 9038.1 | 327/1275 | 0 | PASS | não |
| 6 | S6 | 0 | 30/0/0 | 110 | 150 (38) | 10540.6 | 322/1280 | 0 | PASS | não |
| **total** | | | | | **798 (190)** | 55818.4 | 1602/8010 | 0 | | |

Fim de cada ciclo no relógio comum (o **último** nó a terminar), ms: 4362.6, 7757.9, 11151.7, 14547.0, 17954.3

Tempo por passo: ciclo 1 **99.15 ms**; ciclos 2–5 **77.23 ms**

Verificação cruzada com o supervisor MONOLÍTICO: **off**

## Verificações

| verificação | esperado | obtido | |
|---|---|---|---|
| decryptions, whole cell | 798 | 798 | ✅ |
| decryptions, whole cell, cycle 1 | 190 | 190 | ✅ |
| outcome | complete | complete | ✅ |
| same fingerprint on every node | 1 | 1 | ✅ |
| oracle PASS on every node | True | True | ✅ |
| crypto self-test PASS on every node | True | True | ✅ |

**TODAS AS VERIFICAÇÕES PASSARAM**


################ fms-7  (repetição 5/5)
== build skipped (DES_SKIP_BUILD=1): using the existing image
== run: node1 node2 node3 node4 node5 node6 node7
 Network docker-des_cell Creating 
 Network docker-des_cell Creating 
 Network docker-des_cell Created 
 Network docker-des_cell Created 
 Container docker-des-node7-1 Creating 
 Container docker-des-node4-1 Creating 
 Container docker-des-node6-1 Creating 
 Container docker-des-node5-1 Creating 
 Container docker-des-node1-1 Creating 
 Container docker-des-node2-1 Creating 
 Container docker-des-node3-1 Creating 
 Container docker-des-node7-1 Created 
 Container docker-des-node2-1 Created 
 Container docker-des-node6-1 Created 
 Container docker-des-node4-1 Created 
 Container docker-des-node5-1 Created 
 Container docker-des-node1-1 Created 
 Container docker-des-node3-1 Created 
 Container docker-des-node6-1 Starting 
 Container docker-des-node1-1 Starting 
 Container docker-des-node3-1 Starting 
 Container docker-des-node7-1 Starting 
 Container docker-des-node2-1 Starting 
 Container docker-des-node4-1 Starting 
 Container docker-des-node5-1 Starting 
 Container docker-des-node6-1 Started 
 Container docker-des-node1-1 Started 
 Container docker-des-node3-1 Started 
 Container docker-des-node7-1 Started 
 Container docker-des-node2-1 Started 
 Container docker-des-node4-1 Started 
 Container docker-des-node5-1 Started 
== collect -> results/20260927-170420-varredura/20260927-173219-fms-7
# Execução `20260927-173219-fms-7`

- problema `fms`, família `LMOD`, **7 containers**, UDP multicast
- 5 ciclos × 44 passos = 220 passos; **220 executados**, 0 pulados
- impressão digital da configuração: `04511541`
- RTT de aplicação (nó 1, 20 sondas): média 10.82 ms, mín 2.85, máx 134.21
- resultado: **complete**

| nó | supervisores | saída | disparou (local/ctrl/unctrl) | aplicou p/ pares | decifrações (ciclo 1) | HE total ms | quadros tx/rx | retx | oráculo | halt |
|---|---|---|---|---|---|---|---|---|---|---|
| 1 | S0 | 0 | 20/40/40 | 0 | 101 (21) | 7051.6 | 163/1688 | 0 | PASS | não |
| 2 | S1 | 0 | 20/0/0 | 80 | 101 (21) | 7048.4 | 249/1602 | 0 | PASS | não |
| 3 | S2 | 0 | 20/0/0 | 80 | 100 (20) | 6971.5 | 250/1601 | 0 | PASS | não |
| 4 | S3 | 0 | 20/0/0 | 80 | 103 (23) | 7192.2 | 247/1604 | 0 | PASS | não |
| 5 | S4 | 0 | 0/20/10 | 80 | 114 (26) | 7972.0 | 290/1561 | 0 | PASS | não |
| 6 | S5 | 0 | 0/0/0 | 110 | 129 (41) | 9025.7 | 332/1519 | 0 | PASS | não |
| 7 | S6 | 0 | 30/0/0 | 110 | 150 (38) | 10550.6 | 320/1531 | 0 | PASS | não |
| **total** | | | | | **798 (190)** | 55812.0 | 1851/11106 | 0 | | |

Fim de cada ciclo no relógio comum (o **último** nó a terminar), ms: 3981.3, 6690.7, 9405.6, 12121.0, 14834.4

Tempo por passo: ciclo 1 **90.48 ms**; ciclos 2–5 **61.67 ms**

Verificação cruzada com o supervisor MONOLÍTICO: **off**

## Verificações

| verificação | esperado | obtido | |
|---|---|---|---|
| config fingerprint | 04511541 | 04511541 | ✅ |
| decryptions, whole cell | 798 | 798 | ✅ |
| decryptions, whole cell, cycle 1 | 190 | 190 | ✅ |
| outcome | complete | complete | ✅ |
| same fingerprint on every node | 1 | 1 | ✅ |
| oracle PASS on every node | True | True | ✅ |
| crypto self-test PASS on every node | True | True | ✅ |

**TODAS AS VERIFICAÇÕES PASSARAM**


================ vereditos
  fms-1                  PASS (5 de 5)
  fms-2                  PASS (5 de 5)
  fms-3                  PASS (5 de 5)
  fms-4                  PASS (5 de 5)
  fms-5                  PASS (5 de 5)
  fms-6                  PASS (5 de 5)
  fms-7                  PASS (5 de 5)

# Escala: FMS em 1, 2, 3, 4, 5, 6, 7 containers

Cada decifração leva **69 ms**, como no ESP32-S3 (`DES_EMU_SCALARMUL_MS`).
Repetições por configuração: 5, 5, 5, 5, 5, 5, 5. Tempos em ms por passo (média ± desvio padrão quando repetido).

| containers | ms/passo, ciclo 1 | aceleração | ms/passo, ciclos 2–5 | aceleração | limite (nó mais carregado) | acima do limite | verificações |
|---|---|---|---|---|---|---|---|
| 1 | 303.1 ± 1.0 | 1.00× | 240.8 ± 0.2 | 1.00× | 298.0 | 5.2 | 5/5 |
| 2 | 195.2 ± 0.5 | 1.55× | 148.9 ± 0.2 | 1.62× | 164.7 | 30.5 | 5/5 |
| 3 | 149.2 ± 0.5 | 2.03× | 112.4 ± 0.2 | 2.14× | 123.9 | 25.3 | 5/5 |
| 4 | 133.2 ± 0.3 | 2.28× | 93.6 ± 0.3 | 2.57× | 105.1 | 28.1 | 5/5 |
| 5 | 108.2 ± 1.0 | 2.80× | 82.7 ± 0.2 | 2.91× | 76.8 | 31.3 | 5/5 |
| 6 | 98.8 ± 0.9 | 3.07× | 77.2 ± 0.2 | 3.12× | 65.9 | 32.9 | 5/5 |
| 7 | 90.1 ± 0.8 | 3.37× | 61.5 ± 0.2 | 3.92× | 64.3 | 25.8 | 5/5 |

Aceleração = tempo com 1 container ÷ tempo com N. Limite = decifrações do nó mais carregado no ciclo 1 × custo de uma decifração ÷ passos do ciclo: os nós só trabalham em paralelo entre dois eventos compartilhados, então a célula nunca é mais rápida que seu nó mais carregado.

## Partição e invariantes

| containers | supervisores por container | decifrações no ciclo 1 do mais carregado | decifrações (total) | impressão digital |
|---|---|---|---|---|
| 1 | S0 S1 S2 S3 S4 S5 S6 | 190 | 798 | `3f2beff2` |
| 2 | S0 S1 S2 S3 · S4 S5 S6 | 105 | 798 | `edbd7971` |
| 3 | S0 S1 S2 · S3 S4 · S5 S6 | 79 | 798 | `04d74714` |
| 4 | S0 S1 · S2 S3 · S4 S5 · S6 | 67 | 798 | `457cc268` |
| 5 | S0 S1 · S2 · S3 S4 · S5 · S6 | 49 | 798 | `6f43d6b9` |
| 6 | S0 S1 · S2 · S3 · S4 · S5 · S6 | 42 | 798 | `8d540ec9` |
| 7 | S0 · S1 · S2 · S3 · S4 · S5 · S6 | 41 | 798 | `04511541` |

