######## REPETIÇÃO 1/5

################ esf-2-lockstep
== build (scenarios/esf-2-lockstep.env)
 Image docker-des:extended_small_factory-2n-LMOD-r5-w0-lockstep Building 
#1 [internal] load local bake definitions
#1 reading from stdin 853B done
#1 DONE 0.0s

#2 [internal] load build definition from Dockerfile
#2 transferring dockerfile: 3.38kB done
#2 DONE 0.0s

#3 resolve image config for docker-image://docker.io/docker/dockerfile:1
#3 DONE 0.9s

#4 docker-image://docker.io/docker/dockerfile:1@sha256:ecfaec9ed6d810b56388c508f4121597bfbba70d41a6dfeee4d8cad5f295fc32
#4 resolve docker.io/docker/dockerfile:1@sha256:ecfaec9ed6d810b56388c508f4121597bfbba70d41a6dfeee4d8cad5f295fc32 0.0s done
#4 CACHED

#5 [internal] load metadata for docker.io/library/ubuntu:26.04
#5 DONE 0.8s

#6 [internal] load .dockerignore
#6 transferring context: 2B done
#6 DONE 0.0s

#7 [internal] load build context
#7 transferring context: 542B done
#7 DONE 0.0s

#8 [build 1/7] FROM docker.io/library/ubuntu:26.04@sha256:da6fc2be547864451aa253836dd926da33623312df4a9a243e35dc877c378a78
#8 resolve docker.io/library/ubuntu:26.04@sha256:da6fc2be547864451aa253836dd926da33623312df4a9a243e35dc877c378a78 0.0s done
#8 DONE 0.0s

#9 [build 4/7] COPY engine/ engine/
#9 CACHED

#10 [build 5/7] COPY src/ src/
#10 CACHED

#11 [build 7/7] RUN set -eu; mkdir -p /out; pids="";     for id in $(seq 1 "2"); do       g++ -std=c++17 -O2 -Wall -Wextra -Iengine -Isrc           -DDES_DATA_HEADER=""supervisor_data_extended_small_factory.h""           -DDES_NODE_ID="$id" -DDES_NUM_NODES="2"           -DDES_FAMILY="DES_FAMILY_LMOD"           -DDES_ROUNDS="5" -DDES_WORK_MS="0"           -DDES_BENCH_LOCKSTEP=1           -o "/out/des_node$id" src/des_container_main.cpp           -l:libmbedcrypto.a &       pids="$pids $!";     done;     for p in $pids; do wait "$p"; done;     { echo "DES_PROBLEM=extended_small_factory"; echo "DES_NUM_NODES=2";       echo "DES_FAMILY=LMOD"; echo "DES_ROUNDS=5";       echo "DES_WORK_MS=0"; echo "DES_EXTRA_FLAGS=-DDES_BENCH_LOCKSTEP=1";       echo "mbedtls=$(dpkg-query -W -f='${Version}' libmbedtls-dev)";       echo "gxx=$(g++ -dumpfullversion)"; } > /out/BUILD_INFO;     cat /out/BUILD_INFO
#11 CACHED

#12 [build 2/7] RUN apt-get update  && apt-get install -y --no-install-recommends g++ libmbedtls-dev  && rm -rf /var/lib/apt/lists/*
#12 CACHED

#13 [build 3/7] WORKDIR /src
#13 CACHED

#14 [build 6/7] RUN cd engine && sha256sum -c --quiet SHA256SUMS
#14 CACHED

#15 [stage-1 3/4] COPY --from=build /out/ /opt/des/bin/
#15 CACHED

#16 [stage-1 2/4] RUN apt-get update  && apt-get install -y --no-install-recommends iproute2  && rm -rf /var/lib/apt/lists/*  && useradd --system --no-create-home --shell /usr/sbin/nologin des
#16 CACHED

#17 [stage-1 4/4] COPY --chmod=0755 docker/entrypoint.sh /usr/local/bin/des-entrypoint
#17 CACHED

#18 exporting to image
#18 exporting layers done
#18 exporting manifest sha256:65714e050eeb6256e43a5a12e5613da1f236b02e89d727f222e0d698fabf7912 done
#18 exporting config sha256:d428c0c6e2d2c7dc1e1ba3a87878090d4a397a3f7d1ff68ed21ad448668fc60f done
#18 exporting attestation manifest sha256:b00ce0f39ab3aea98bf7c3e2048879565955c3ba3dbee7f6df7550ea655bf14f 0.0s done
#18 exporting manifest list sha256:cf865400aca6bcd08d91d907dd45449100f9681c15eea600f8cd2fd2ee31b115 done
#18 naming to docker.io/library/docker-des:extended_small_factory-2n-LMOD-r5-w0-lockstep done
#18 unpacking to docker.io/library/docker-des:extended_small_factory-2n-LMOD-r5-w0-lockstep 0.0s done
#18 DONE 0.1s

#19 resolving provenance for metadata file
#19 DONE 0.0s
 Image docker-des:extended_small_factory-2n-LMOD-r5-w0-lockstep Built 
== run: node1 node2
 Network docker-des_cell Creating 
 Network docker-des_cell Creating 
 Network docker-des_cell Created 
 Network docker-des_cell Created 
 Container docker-des-node2-1 Creating 
 Container docker-des-node1-1 Creating 
 Container docker-des-node1-1 Created 
 Container docker-des-node2-1 Created 
 Container docker-des-node2-1 Starting 
 Container docker-des-node1-1 Starting 
 Container docker-des-node2-1 Started 
 Container docker-des-node1-1 Started 
== collect -> results/20260927-143519-esf-2-lockstep
# Execução `20260927-143519-esf-2-lockstep`

- problema `extended_small_factory`, família `LMOD`, **2 containers**, transporte `multicast`
- 5 ciclos × 6 passos = 30 passos; **30 executados**, 0 pulados
- impressão digital da configuração: `d42d57d1`
- RTT de aplicação (nó 1, 20 sondas): média 3.85 ms, mín 2.46, máx 5.95
- resultado: **complete**

| nó | supervisores | saída | disparou (local/ctrl/unctrl) | aplicou p/ pares | decifrações (ciclo 1) | HE total ms | quadros tx/rx | retx | oráculo | halt |
|---|---|---|---|---|---|---|---|---|---|---|
| 1 | S0 | 0 | 10/5/5 | 0 | 20 (4) | 22.7 | 63/62 | 0 | PASS | não |
| 2 | S1 | 0 | 10/0/0 | 10 | 20 (4) | 20.2 | 64/63 | 0 | PASS | não |
| **total** | | | | | **40 (8)** | 42.9 | 127/125 | 0 | | |

Fim de cada ciclo no relógio comum (o **último** nó a terminar), ms: 51.3, 77.9, 102.4, 130.7, 158.3

Tempo por passo: ciclo 1 **8.55 ms**; ciclos 2–5 **4.46 ms**

Verificação cruzada com o supervisor MONOLÍTICO: **PASS**

## Verificações

| verificação | esperado | obtido | |
|---|---|---|---|
| decryptions, whole cell, cycle 1 | 8 | 8 | ✅ |
| monolithic cross-check | PASS | PASS | ✅ |
| outcome | complete | complete | ✅ |
| same fingerprint on every node | 1 | 1 | ✅ |
| oracle PASS on every node | True | True | ✅ |
| crypto self-test PASS on every node | True | True | ✅ |

**TODAS AS VERIFICAÇÕES PASSARAM**


################ fms-1
== build (scenarios/fms-1.env)
 Image docker-des:fms-1n-LMOD-r5-w0 Building 
#1 [internal] load local bake definitions
#1 reading from stdin 784B done
#1 DONE 0.0s

#2 [internal] load build definition from Dockerfile
#2 transferring dockerfile: 3.38kB done
#2 DONE 0.0s

#3 resolve image config for docker-image://docker.io/docker/dockerfile:1
#3 DONE 0.2s

#4 docker-image://docker.io/docker/dockerfile:1@sha256:ecfaec9ed6d810b56388c508f4121597bfbba70d41a6dfeee4d8cad5f295fc32
#4 resolve docker.io/docker/dockerfile:1@sha256:ecfaec9ed6d810b56388c508f4121597bfbba70d41a6dfeee4d8cad5f295fc32 0.0s done
#4 CACHED

#5 [internal] load metadata for docker.io/library/ubuntu:26.04
#5 DONE 0.2s

#6 [internal] load .dockerignore
#6 transferring context: 2B done
#6 DONE 0.0s

#7 [internal] load build context
#7 transferring context: 542B done
#7 DONE 0.0s

#8 [build 1/7] FROM docker.io/library/ubuntu:26.04@sha256:da6fc2be547864451aa253836dd926da33623312df4a9a243e35dc877c378a78
#8 resolve docker.io/library/ubuntu:26.04@sha256:da6fc2be547864451aa253836dd926da33623312df4a9a243e35dc877c378a78 0.0s done
#8 DONE 0.0s

#9 [build 3/7] WORKDIR /src
#9 CACHED

#10 [build 6/7] RUN cd engine && sha256sum -c --quiet SHA256SUMS
#10 CACHED

#11 [build 5/7] COPY src/ src/
#11 CACHED

#12 [build 7/7] RUN set -eu; mkdir -p /out; pids="";     for id in $(seq 1 "1"); do       g++ -std=c++17 -O2 -Wall -Wextra -Iengine -Isrc           -DDES_DATA_HEADER=""supervisor_data_fms.h""           -DDES_NODE_ID="$id" -DDES_NUM_NODES="1"           -DDES_FAMILY="DES_FAMILY_LMOD"           -DDES_ROUNDS="5" -DDES_WORK_MS="0"                      -o "/out/des_node$id" src/des_container_main.cpp           -l:libmbedcrypto.a &       pids="$pids $!";     done;     for p in $pids; do wait "$p"; done;     { echo "DES_PROBLEM=fms"; echo "DES_NUM_NODES=1";       echo "DES_FAMILY=LMOD"; echo "DES_ROUNDS=5";       echo "DES_WORK_MS=0"; echo "DES_EXTRA_FLAGS=";       echo "mbedtls=$(dpkg-query -W -f='${Version}' libmbedtls-dev)";       echo "gxx=$(g++ -dumpfullversion)"; } > /out/BUILD_INFO;     cat /out/BUILD_INFO
#12 CACHED

#13 [stage-1 3/4] COPY --from=build /out/ /opt/des/bin/
#13 CACHED

#14 [stage-1 2/4] RUN apt-get update  && apt-get install -y --no-install-recommends iproute2  && rm -rf /var/lib/apt/lists/*  && useradd --system --no-create-home --shell /usr/sbin/nologin des
#14 CACHED

#15 [build 2/7] RUN apt-get update  && apt-get install -y --no-install-recommends g++ libmbedtls-dev  && rm -rf /var/lib/apt/lists/*
#15 CACHED

#16 [build 4/7] COPY engine/ engine/
#16 CACHED

#17 [stage-1 4/4] COPY --chmod=0755 docker/entrypoint.sh /usr/local/bin/des-entrypoint
#17 CACHED

#18 exporting to image
#18 exporting layers done
#18 exporting manifest sha256:c2e91d0edb2e02a703c79d4a89d3bf306106bb7cdae6d684c8d74e96d51dcb8a done
#18 exporting config sha256:97a0c80ed1e323f29806796b4ba2966137e5dafae5c371d0a1fb294aeaf3640d done
#18 exporting attestation manifest sha256:03a54745fd4fb978e521dee6c4f055e23eefe443afbea3bb2d3846f72ce2e20c
#18 exporting attestation manifest sha256:03a54745fd4fb978e521dee6c4f055e23eefe443afbea3bb2d3846f72ce2e20c 0.0s done
#18 exporting manifest list sha256:c825eb32311fe35a926a2145875825be1e1acf02218033cf7c129f082e9566bb 0.0s done
#18 naming to docker.io/library/docker-des:fms-1n-LMOD-r5-w0 done
#18 unpacking to docker.io/library/docker-des:fms-1n-LMOD-r5-w0 done
#18 DONE 0.1s

#19 resolving provenance for metadata file
#19 DONE 0.0s
 Image docker-des:fms-1n-LMOD-r5-w0 Built 
== run: node1
 Network docker-des_cell Creating 
 Network docker-des_cell Creating 
 Network docker-des_cell Created 
 Network docker-des_cell Created 
 Container docker-des-node1-1 Creating 
 Container docker-des-node1-1 Created 
 Container docker-des-node1-1 Starting 
 Container docker-des-node1-1 Started 
== collect -> results/20260927-143528-fms-1
# Execução `20260927-143528-fms-1`

- problema `fms`, família `LMOD`, **1 containers**, transporte `multicast`
- 5 ciclos × 44 passos = 220 passos; **220 executados**, 0 pulados
- impressão digital da configuração: `3f2beff2`
- resultado: **complete**

| nó | supervisores | saída | disparou (local/ctrl/unctrl) | aplicou p/ pares | decifrações (ciclo 1) | HE total ms | quadros tx/rx | retx | oráculo | halt |
|---|---|---|---|---|---|---|---|---|---|---|
| 1 | S0 S1 S2 S3 S4 S5 S6 | 0 | 220/0/0 | 0 | 798 (190) | 394.3 | 0/0 | 0 | PASS | não |
| **total** | | | | | **798 (190)** | 394.3 | 0/0 | 0 | | |

Fim de cada ciclo no relógio comum (o **último** nó a terminar), ms: 112.9, 183.9, 255.4, 327.5, 400.9

Tempo por passo: ciclo 1 **2.57 ms**; ciclos 2–5 **1.64 ms**

Verificação cruzada com o supervisor MONOLÍTICO: **off**

## Verificações

| verificação | esperado | obtido | |
|---|---|---|---|
| decryptions, whole cell | 798 | 798 | ✅ |
| decryptions, whole cell, cycle 1 | 190 | 190 | ✅ |
| outcome | complete | complete | ✅ |
| same fingerprint on every node | 1 | 1 | ✅ |
| oracle PASS on every node | True | True | ✅ |
| crypto self-test PASS on every node | True | True | ✅ |

**TODAS AS VERIFICAÇÕES PASSARAM**


################ fms-2-loss30
== build (scenarios/fms-2-loss30.env)
 Image docker-des:fms-2n-LMOD-r5-w0-loss30 Building 
#1 [internal] load local bake definitions
#1 reading from stdin 817B done
#1 DONE 0.0s

#2 [internal] load build definition from Dockerfile
#2 transferring dockerfile: 3.38kB done
#2 DONE 0.0s

#3 resolve image config for docker-image://docker.io/docker/dockerfile:1
#3 DONE 0.2s

#4 docker-image://docker.io/docker/dockerfile:1@sha256:ecfaec9ed6d810b56388c508f4121597bfbba70d41a6dfeee4d8cad5f295fc32
#4 resolve docker.io/docker/dockerfile:1@sha256:ecfaec9ed6d810b56388c508f4121597bfbba70d41a6dfeee4d8cad5f295fc32 0.0s done
#4 CACHED

#5 [internal] load metadata for docker.io/library/ubuntu:26.04
#5 DONE 0.2s

#6 [internal] load .dockerignore
#6 transferring context: 2B done
#6 DONE 0.0s

#7 [internal] load build context
#7 transferring context: 542B done
#7 DONE 0.0s

#8 [build 1/7] FROM docker.io/library/ubuntu:26.04@sha256:da6fc2be547864451aa253836dd926da33623312df4a9a243e35dc877c378a78
#8 resolve docker.io/library/ubuntu:26.04@sha256:da6fc2be547864451aa253836dd926da33623312df4a9a243e35dc877c378a78 0.0s done
#8 DONE 0.0s

#9 [build 6/7] RUN cd engine && sha256sum -c --quiet SHA256SUMS
#9 CACHED

#10 [stage-1 3/4] COPY --from=build /out/ /opt/des/bin/
#10 CACHED

#11 [build 3/7] WORKDIR /src
#11 CACHED

#12 [build 7/7] RUN set -eu; mkdir -p /out; pids="";     for id in $(seq 1 "2"); do       g++ -std=c++17 -O2 -Wall -Wextra -Iengine -Isrc           -DDES_DATA_HEADER=""supervisor_data_fms.h""           -DDES_NODE_ID="$id" -DDES_NUM_NODES="2"           -DDES_FAMILY="DES_FAMILY_LMOD"           -DDES_ROUNDS="5" -DDES_WORK_MS="0"           -DDES_SIMULATE_LOSS_PCT=30           -o "/out/des_node$id" src/des_container_main.cpp           -l:libmbedcrypto.a &       pids="$pids $!";     done;     for p in $pids; do wait "$p"; done;     { echo "DES_PROBLEM=fms"; echo "DES_NUM_NODES=2";       echo "DES_FAMILY=LMOD"; echo "DES_ROUNDS=5";       echo "DES_WORK_MS=0"; echo "DES_EXTRA_FLAGS=-DDES_SIMULATE_LOSS_PCT=30";       echo "mbedtls=$(dpkg-query -W -f='${Version}' libmbedtls-dev)";       echo "gxx=$(g++ -dumpfullversion)"; } > /out/BUILD_INFO;     cat /out/BUILD_INFO
#12 CACHED

#13 [stage-1 2/4] RUN apt-get update  && apt-get install -y --no-install-recommends iproute2  && rm -rf /var/lib/apt/lists/*  && useradd --system --no-create-home --shell /usr/sbin/nologin des
#13 CACHED

#14 [build 2/7] RUN apt-get update  && apt-get install -y --no-install-recommends g++ libmbedtls-dev  && rm -rf /var/lib/apt/lists/*
#14 CACHED

#15 [build 4/7] COPY engine/ engine/
#15 CACHED

#16 [build 5/7] COPY src/ src/
#16 CACHED

#17 [stage-1 4/4] COPY --chmod=0755 docker/entrypoint.sh /usr/local/bin/des-entrypoint
#17 CACHED

#18 exporting to image
#18 exporting layers done
#18 exporting manifest sha256:24403836c7a00bcaaee5cf720dfdb4520ff7acc99f32e1cbbe5c963c11f1778b done
#18 exporting config sha256:0de827b77a4728b76303265f84057818422b8d16da0a237ad4f92cc3f0f4c969 done
#18 exporting attestation manifest sha256:676ad30c2dba140f46590bde418045fa805894b91f0540ebaa08685c85b172af done
#18 exporting manifest list sha256:2c3d2b1347e87d420672381738604e7f218f1c116b1a95d45bbaeec1f289e6ff done
#18 naming to docker.io/library/docker-des:fms-2n-LMOD-r5-w0-loss30 done
#18 unpacking to docker.io/library/docker-des:fms-2n-LMOD-r5-w0-loss30 done
#18 DONE 0.1s

#19 resolving provenance for metadata file
#19 DONE 0.0s
 Image docker-des:fms-2n-LMOD-r5-w0-loss30 Built 
== run: node1 node2
 Network docker-des_cell Creating 
 Network docker-des_cell Creating 
 Network docker-des_cell Created 
 Network docker-des_cell Created 
 Container docker-des-node2-1 Creating 
 Container docker-des-node1-1 Creating 
 Container docker-des-node1-1 Created 
 Container docker-des-node2-1 Created 
 Container docker-des-node1-1 Starting 
 Container docker-des-node2-1 Starting 
 Container docker-des-node1-1 Started 
 Container docker-des-node2-1 Started 
== collect -> results/20260927-143544-fms-2-loss30
# Execução `20260927-143544-fms-2-loss30`

- problema `fms`, família `LMOD`, **2 containers**, transporte `multicast`
- 5 ciclos × 44 passos = 220 passos; **101 executados**, 0 pulados, 119 não alcançados (execução interrompida)
- impressão digital da configuração: `edbd7971`
- RTT de aplicação (nó 1, 9 sondas): média 2.87 ms, mín 2.32, máx 3.54
- resultado: **halt** — SAFE HALT nos nós [1, 2]

| nó | supervisores | saída | disparou (local/ctrl/unctrl) | aplicou p/ pares | decifrações (ciclo 1) | HE total ms | quadros tx/rx | retx | oráculo | halt |
|---|---|---|---|---|---|---|---|---|---|---|
| 1 | S0 S1 S2 S3 | 2 | 40/19/18 | 0 | 193 (85) | 146.5 | 144/279 | 53 | PASS | **NOTIFY unacknowledged — a participant may have missed an uncontrollable shared event** |
| 2 | S4 S5 S6 | 2 | 24/0/0 | 38 | 195 (105) | 206.5 | 416/99 | 0 | PASS | **a peer halted** |
| **total** | | | | | **388 (190)** | 353.0 | 560/378 | 53 | | |

Fim de cada ciclo no relógio comum (o **último** nó a terminar), ms: 37489.6, 72823.9

Tempo por passo: ciclo 1 **852.04 ms**; ciclos 2–2 **803.05 ms**

Verificação cruzada com o supervisor MONOLÍTICO: **off**

## Verificações

| verificação | esperado | obtido | |
|---|---|---|---|
| outcome | halt | halt | ✅ |

**TODAS AS VERIFICAÇÕES PASSARAM**


################ fms-2
== build (scenarios/fms-2.env)
 Image docker-des:fms-2n-LMOD-r5-w0 Building 
#1 [internal] load local bake definitions
#1 reading from stdin 784B done
#1 DONE 0.0s

#2 [internal] load build definition from Dockerfile
#2 transferring dockerfile: 3.38kB done
#2 DONE 0.0s

#3 resolve image config for docker-image://docker.io/docker/dockerfile:1
#3 DONE 0.7s

#4 docker-image://docker.io/docker/dockerfile:1@sha256:ecfaec9ed6d810b56388c508f4121597bfbba70d41a6dfeee4d8cad5f295fc32
#4 resolve docker.io/docker/dockerfile:1@sha256:ecfaec9ed6d810b56388c508f4121597bfbba70d41a6dfeee4d8cad5f295fc32 0.0s done
#4 CACHED

#5 [internal] load metadata for docker.io/library/ubuntu:26.04
#5 DONE 0.5s

#6 [internal] load .dockerignore
#6 transferring context: 2B done
#6 DONE 0.0s

#7 [internal] load build context
#7 transferring context: 542B done
#7 DONE 0.0s

#8 [build 1/7] FROM docker.io/library/ubuntu:26.04@sha256:da6fc2be547864451aa253836dd926da33623312df4a9a243e35dc877c378a78
#8 resolve docker.io/library/ubuntu:26.04@sha256:da6fc2be547864451aa253836dd926da33623312df4a9a243e35dc877c378a78 0.0s done
#8 DONE 0.0s

#9 [stage-1 2/4] RUN apt-get update  && apt-get install -y --no-install-recommends iproute2  && rm -rf /var/lib/apt/lists/*  && useradd --system --no-create-home --shell /usr/sbin/nologin des
#9 CACHED

#10 [build 3/7] WORKDIR /src
#10 CACHED

#11 [build 6/7] RUN cd engine && sha256sum -c --quiet SHA256SUMS
#11 CACHED

#12 [build 7/7] RUN set -eu; mkdir -p /out; pids="";     for id in $(seq 1 "2"); do       g++ -std=c++17 -O2 -Wall -Wextra -Iengine -Isrc           -DDES_DATA_HEADER=""supervisor_data_fms.h""           -DDES_NODE_ID="$id" -DDES_NUM_NODES="2"           -DDES_FAMILY="DES_FAMILY_LMOD"           -DDES_ROUNDS="5" -DDES_WORK_MS="0"                      -o "/out/des_node$id" src/des_container_main.cpp           -l:libmbedcrypto.a &       pids="$pids $!";     done;     for p in $pids; do wait "$p"; done;     { echo "DES_PROBLEM=fms"; echo "DES_NUM_NODES=2";       echo "DES_FAMILY=LMOD"; echo "DES_ROUNDS=5";       echo "DES_WORK_MS=0"; echo "DES_EXTRA_FLAGS=";       echo "mbedtls=$(dpkg-query -W -f='${Version}' libmbedtls-dev)";       echo "gxx=$(g++ -dumpfullversion)"; } > /out/BUILD_INFO;     cat /out/BUILD_INFO
#12 CACHED

#13 [build 2/7] RUN apt-get update  && apt-get install -y --no-install-recommends g++ libmbedtls-dev  && rm -rf /var/lib/apt/lists/*
#13 CACHED

#14 [build 4/7] COPY engine/ engine/
#14 CACHED

#15 [build 5/7] COPY src/ src/
#15 CACHED

#16 [stage-1 3/4] COPY --from=build /out/ /opt/des/bin/
#16 CACHED

#17 [stage-1 4/4] COPY --chmod=0755 docker/entrypoint.sh /usr/local/bin/des-entrypoint
#17 CACHED

#18 exporting to image
#18 exporting layers done
#18 exporting manifest sha256:94792729c2ab4843cf460e52b8b7f2602dbe849bc1090b3ad0e5134479d2f7e0 done
#18 exporting config sha256:62daab3f9dfd6c77ccef390eaa528cb12583253106259669082a13e098690cf4 done
#18 exporting attestation manifest sha256:0331a049c1e92f3a3261b3db604aba5df2829e8d98939b657c971aae1c1e0ef5 0.0s done
#18 exporting manifest list sha256:d78f14f2aae41df2e42e0392a8a3b2e703d38188a490720f12c5ee9ab0808fc4 done
#18 naming to docker.io/library/docker-des:fms-2n-LMOD-r5-w0 done
#18 unpacking to docker.io/library/docker-des:fms-2n-LMOD-r5-w0 done
#18 DONE 0.1s

#19 resolving provenance for metadata file
#19 DONE 0.0s
 Image docker-des:fms-2n-LMOD-r5-w0 Built 
== run: node1 node2
 Network docker-des_cell Creating 
 Network docker-des_cell Creating 
 Network docker-des_cell Created 
 Network docker-des_cell Created 
 Container docker-des-node2-1 Creating 
 Container docker-des-node1-1 Creating 
 Container docker-des-node1-1 Created 
 Container docker-des-node2-1 Created 
 Container docker-des-node2-1 Starting 
 Container docker-des-node1-1 Starting 
 Container docker-des-node2-1 Started 
 Container docker-des-node1-1 Started 
== collect -> results/20260927-143731-fms-2
# Execução `20260927-143731-fms-2`

- problema `fms`, família `LMOD`, **2 containers**, transporte `multicast`
- 5 ciclos × 44 passos = 220 passos; **220 executados**, 0 pulados
- impressão digital da configuração: `edbd7971`
- RTT de aplicação (nó 1, 20 sondas): média 2.65 ms, mín 2.19, máx 3.51
- resultado: **complete**

| nó | supervisores | saída | disparou (local/ctrl/unctrl) | aplicou p/ pares | decifrações (ciclo 1) | HE total ms | quadros tx/rx | retx | oráculo | halt |
|---|---|---|---|---|---|---|---|---|---|---|
| 1 | S0 S1 S2 S3 | 0 | 80/40/40 | 0 | 405 (85) | 197.9 | 148/229 | 0 | PASS | não |
| 2 | S4 S5 S6 | 0 | 60/0/0 | 80 | 393 (105) | 218.2 | 229/148 | 0 | PASS | não |
| **total** | | | | | **798 (190)** | 416.1 | 377/377 | 0 | | |

Fim de cada ciclo no relógio comum (o **último** nó a terminar), ms: 194.8, 320.9, 443.2, 573.6, 698.6

Tempo por passo: ciclo 1 **4.43 ms**; ciclos 2–5 **2.86 ms**

Verificação cruzada com o supervisor MONOLÍTICO: **off**

## Verificações

| verificação | esperado | obtido | |
|---|---|---|---|
| config fingerprint | edbd7971 | edbd7971 | ✅ |
| decryptions per node | 405 393 | 405 393 | ✅ |
| decryptions per node, cycle 1 | 85 105 | 85 105 | ✅ |
| outcome | complete | complete | ✅ |
| same fingerprint on every node | 1 | 1 | ✅ |
| oracle PASS on every node | True | True | ✅ |
| crypto self-test PASS on every node | True | True | ✅ |

**TODAS AS VERIFICAÇÕES PASSARAM**


################ fms-7-loss5-fast
== build (scenarios/fms-7-loss5-fast.env)
 Image docker-des:fms-7n-LMOD-r5-w0-loss5-fast Building 
#1 [internal] load local bake definitions
#1 reading from stdin 870B done
#1 DONE 0.0s

#2 [internal] load build definition from Dockerfile
#2 transferring dockerfile: 3.38kB done
#2 DONE 0.0s

#3 resolve image config for docker-image://docker.io/docker/dockerfile:1
#3 DONE 0.2s

#4 docker-image://docker.io/docker/dockerfile:1@sha256:ecfaec9ed6d810b56388c508f4121597bfbba70d41a6dfeee4d8cad5f295fc32
#4 resolve docker.io/docker/dockerfile:1@sha256:ecfaec9ed6d810b56388c508f4121597bfbba70d41a6dfeee4d8cad5f295fc32 0.0s done
#4 CACHED

#5 [internal] load metadata for docker.io/library/ubuntu:26.04
#5 DONE 0.2s

#6 [internal] load .dockerignore
#6 transferring context: 2B done
#6 DONE 0.0s

#7 [internal] load build context
#7 transferring context: 542B done
#7 DONE 0.0s

#8 [build 1/7] FROM docker.io/library/ubuntu:26.04@sha256:da6fc2be547864451aa253836dd926da33623312df4a9a243e35dc877c378a78
#8 resolve docker.io/library/ubuntu:26.04@sha256:da6fc2be547864451aa253836dd926da33623312df4a9a243e35dc877c378a78 0.0s done
#8 DONE 0.0s

#9 [build 4/7] COPY engine/ engine/
#9 CACHED

#10 [build 6/7] RUN cd engine && sha256sum -c --quiet SHA256SUMS
#10 CACHED

#11 [stage-1 3/4] COPY --from=build /out/ /opt/des/bin/
#11 CACHED

#12 [stage-1 2/4] RUN apt-get update  && apt-get install -y --no-install-recommends iproute2  && rm -rf /var/lib/apt/lists/*  && useradd --system --no-create-home --shell /usr/sbin/nologin des
#12 CACHED

#13 [build 3/7] WORKDIR /src
#13 CACHED

#14 [build 7/7] RUN set -eu; mkdir -p /out; pids="";     for id in $(seq 1 "7"); do       g++ -std=c++17 -O2 -Wall -Wextra -Iengine -Isrc           -DDES_DATA_HEADER=""supervisor_data_fms.h""           -DDES_NODE_ID="$id" -DDES_NUM_NODES="7"           -DDES_FAMILY="DES_FAMILY_LMOD"           -DDES_ROUNDS="5" -DDES_WORK_MS="0"           -DDES_SIMULATE_LOSS_PCT=5 -DDES_REQ_TIMEOUT_MS=100 -DDES_ACK_TIMEOUT_MS=100           -o "/out/des_node$id" src/des_container_main.cpp           -l:libmbedcrypto.a &       pids="$pids $!";     done;     for p in $pids; do wait "$p"; done;     { echo "DES_PROBLEM=fms"; echo "DES_NUM_NODES=7";       echo "DES_FAMILY=LMOD"; echo "DES_ROUNDS=5";       echo "DES_WORK_MS=0"; echo "DES_EXTRA_FLAGS=-DDES_SIMULATE_LOSS_PCT=5 -DDES_REQ_TIMEOUT_MS=100 -DDES_ACK_TIMEOUT_MS=100";       echo "mbedtls=$(dpkg-query -W -f='${Version}' libmbedtls-dev)";       echo "gxx=$(g++ -dumpfullversion)"; } > /out/BUILD_INFO;     cat /out/BUILD_INFO
#14 CACHED

#15 [build 5/7] COPY src/ src/
#15 CACHED

#16 [build 2/7] RUN apt-get update  && apt-get install -y --no-install-recommends g++ libmbedtls-dev  && rm -rf /var/lib/apt/lists/*
#16 CACHED

#17 [stage-1 4/4] COPY --chmod=0755 docker/entrypoint.sh /usr/local/bin/des-entrypoint
#17 CACHED

#18 exporting to image
#18 exporting layers done
#18 exporting manifest sha256:9185ec9060cb112049814bfe2d4e9fc1840b4575a891234d88a1cddc47fb08c0 done
#18 exporting config sha256:d18c5561d08c23f588592617baa662054ef48657f3c2270944a2b19d4ba57218 done
#18 exporting attestation manifest sha256:fe751336a4dac04c5fc98ffc76b8367f056b3f7b6ad49a2cecca1c8f1662d06e 0.0s done
#18 exporting manifest list sha256:121b7c7e3ca5ea22983253b63b47bd5f45b1246d8eccb14f906857821c0edf92
#18 exporting manifest list sha256:121b7c7e3ca5ea22983253b63b47bd5f45b1246d8eccb14f906857821c0edf92 0.0s done
#18 naming to docker.io/library/docker-des:fms-7n-LMOD-r5-w0-loss5-fast done
#18 unpacking to docker.io/library/docker-des:fms-7n-LMOD-r5-w0-loss5-fast 0.0s done
#18 DONE 0.1s

#19 resolving provenance for metadata file
#19 DONE 0.0s
 Image docker-des:fms-7n-LMOD-r5-w0-loss5-fast Built 
== run: node1 node2 node3 node4 node5 node6 node7
 Network docker-des_cell Creating 
 Network docker-des_cell Creating 
 Network docker-des_cell Created 
 Network docker-des_cell Created 
 Container docker-des-node7-1 Creating 
 Container docker-des-node5-1 Creating 
 Container docker-des-node6-1 Creating 
 Container docker-des-node1-1 Creating 
 Container docker-des-node4-1 Creating 
 Container docker-des-node3-1 Creating 
 Container docker-des-node2-1 Creating 
 Container docker-des-node3-1 Created 
 Container docker-des-node7-1 Created 
 Container docker-des-node5-1 Created 
 Container docker-des-node1-1 Created 
 Container docker-des-node4-1 Created 
 Container docker-des-node6-1 Created 
 Container docker-des-node2-1 Created 
 Container docker-des-node5-1 Starting 
 Container docker-des-node1-1 Starting 
 Container docker-des-node6-1 Starting 
 Container docker-des-node7-1 Starting 
 Container docker-des-node3-1 Starting 
 Container docker-des-node2-1 Starting 
 Container docker-des-node4-1 Starting 
 Container docker-des-node5-1 Started 
 Container docker-des-node1-1 Started 
 Container docker-des-node6-1 Started 
 Container docker-des-node7-1 Started 
 Container docker-des-node3-1 Started 
 Container docker-des-node2-1 Started 
 Container docker-des-node4-1 Started 
== collect -> results/20260927-143750-fms-7-loss5-fast
# Execução `20260927-143750-fms-7-loss5-fast`

- problema `fms`, família `LMOD`, **7 containers**, transporte `multicast`
- 5 ciclos × 44 passos = 220 passos; **220 executados**, 0 pulados
- impressão digital da configuração: `04511541`
- RTT de aplicação (nó 1, 10 sondas): média 3.80 ms, mín 2.33, máx 4.81
- resultado: **complete**

| nó | supervisores | saída | disparou (local/ctrl/unctrl) | aplicou p/ pares | decifrações (ciclo 1) | HE total ms | quadros tx/rx | retx | oráculo | halt |
|---|---|---|---|---|---|---|---|---|---|---|
| 1 | S0 | 0 | 20/40/40 | 0 | 101 (21) | 59.9 | 236/2181 | 66 | PASS | não |
| 2 | S1 | 0 | 20/0/0 | 80 | 101 (21) | 77.8 | 344/2030 | 0 | PASS | não |
| 3 | S2 | 0 | 20/0/0 | 80 | 100 (20) | 72.0 | 346/2046 | 0 | PASS | não |
| 4 | S3 | 0 | 20/0/0 | 80 | 103 (23) | 73.7 | 341/2010 | 0 | PASS | não |
| 5 | S4 | 0 | 0/20/10 | 80 | 114 (26) | 82.8 | 397/2031 | 8 | PASS | não |
| 6 | S5 | 0 | 0/0/0 | 110 | 129 (41) | 96.5 | 428/1992 | 0 | PASS | não |
| 7 | S6 | 0 | 30/0/0 | 110 | 150 (38) | 122.5 | 432/1984 | 0 | PASS | não |
| **total** | | | | | **798 (190)** | 585.2 | 2524/14274 | 74 | | |

Fim de cada ciclo no relógio comum (o **último** nó a terminar), ms: 3646.8, 5672.9, 7933.6, 12950.9, 16101.1

Tempo por passo: ciclo 1 **82.88 ms**; ciclos 2–5 **70.76 ms**

Verificação cruzada com o supervisor MONOLÍTICO: **off**

## Verificações

| verificação | esperado | obtido | |
|---|---|---|---|
| decryptions, whole cell | 798 | 798 | ✅ |
| decryptions, whole cell, cycle 1 | 190 | 190 | ✅ |
| outcome | complete | complete | ✅ |
| same fingerprint on every node | 1 | 1 | ✅ |
| oracle PASS on every node | True | True | ✅ |
| crypto self-test PASS on every node | True | True | ✅ |

**TODAS AS VERIFICAÇÕES PASSARAM**


################ fms-7-loss5
== build (scenarios/fms-7-loss5.env)
 Image docker-des:fms-7n-LMOD-r5-w0-loss5 Building 
#1 [internal] load local bake definitions
#1 reading from stdin 815B done
#1 DONE 0.0s

#2 [internal] load build definition from Dockerfile
#2 transferring dockerfile: 3.38kB done
#2 DONE 0.0s

#3 resolve image config for docker-image://docker.io/docker/dockerfile:1
#3 DONE 0.5s

#4 docker-image://docker.io/docker/dockerfile:1@sha256:ecfaec9ed6d810b56388c508f4121597bfbba70d41a6dfeee4d8cad5f295fc32
#4 resolve docker.io/docker/dockerfile:1@sha256:ecfaec9ed6d810b56388c508f4121597bfbba70d41a6dfeee4d8cad5f295fc32 0.0s done
#4 CACHED

#5 [internal] load metadata for docker.io/library/ubuntu:26.04
#5 DONE -11.5s

#6 [internal] load .dockerignore
#6 transferring context: 2B done
#6 DONE 0.0s

#7 [internal] load build context
#7 transferring context: 542B done
#7 DONE 0.0s

#8 [build 1/7] FROM docker.io/library/ubuntu:26.04@sha256:da6fc2be547864451aa253836dd926da33623312df4a9a243e35dc877c378a78
#8 resolve docker.io/library/ubuntu:26.04@sha256:da6fc2be547864451aa253836dd926da33623312df4a9a243e35dc877c378a78 0.0s done
#8 DONE 0.0s

#9 [stage-1 2/4] RUN apt-get update  && apt-get install -y --no-install-recommends iproute2  && rm -rf /var/lib/apt/lists/*  && useradd --system --no-create-home --shell /usr/sbin/nologin des
#9 CACHED

#10 [build 3/7] WORKDIR /src
#10 CACHED

#11 [build 6/7] RUN cd engine && sha256sum -c --quiet SHA256SUMS
#11 CACHED

#12 [build 2/7] RUN apt-get update  && apt-get install -y --no-install-recommends g++ libmbedtls-dev  && rm -rf /var/lib/apt/lists/*
#12 CACHED

#13 [build 7/7] RUN set -eu; mkdir -p /out; pids="";     for id in $(seq 1 "7"); do       g++ -std=c++17 -O2 -Wall -Wextra -Iengine -Isrc           -DDES_DATA_HEADER=""supervisor_data_fms.h""           -DDES_NODE_ID="$id" -DDES_NUM_NODES="7"           -DDES_FAMILY="DES_FAMILY_LMOD"           -DDES_ROUNDS="5" -DDES_WORK_MS="0"           -DDES_SIMULATE_LOSS_PCT=5           -o "/out/des_node$id" src/des_container_main.cpp           -l:libmbedcrypto.a &       pids="$pids $!";     done;     for p in $pids; do wait "$p"; done;     { echo "DES_PROBLEM=fms"; echo "DES_NUM_NODES=7";       echo "DES_FAMILY=LMOD"; echo "DES_ROUNDS=5";       echo "DES_WORK_MS=0"; echo "DES_EXTRA_FLAGS=-DDES_SIMULATE_LOSS_PCT=5";       echo "mbedtls=$(dpkg-query -W -f='${Version}' libmbedtls-dev)";       echo "gxx=$(g++ -dumpfullversion)"; } > /out/BUILD_INFO;     cat /out/BUILD_INFO
#13 CACHED

#14 [build 4/7] COPY engine/ engine/
#14 CACHED

#15 [build 5/7] COPY src/ src/
#15 CACHED

#16 [stage-1 3/4] COPY --from=build /out/ /opt/des/bin/
#16 CACHED

#17 [stage-1 4/4] COPY --chmod=0755 docker/entrypoint.sh /usr/local/bin/des-entrypoint
#17 CACHED

#18 exporting to image
#18 exporting layers 0.0s done
#18 exporting manifest sha256:ad2cb982a1dd3c6db9f45837a5f494ac1b9064ec98cace3858badfb2ab635190 done
#18 exporting config sha256:8ec489d3eb2a63f518a2aa0847cc3f078ee5ef4f59363c1e7c0506d5dfc38aec done
#18 exporting attestation manifest sha256:caa2e00726eda978535d0d76979484041f3f7f053dd8be499c33531ecca46308 0.0s done
#18 exporting manifest list sha256:f462fbd5f46aa017db3d3aadfe82fbafe90772f9fad831e246559224711c1c31 done
#18 naming to docker.io/library/docker-des:fms-7n-LMOD-r5-w0-loss5 done
#18 unpacking to docker.io/library/docker-des:fms-7n-LMOD-r5-w0-loss5 done
#18 DONE 0.1s

#19 resolving provenance for metadata file
#19 DONE 0.0s
 Image docker-des:fms-7n-LMOD-r5-w0-loss5 Built 
== run: node1 node2 node3 node4 node5 node6 node7
 Network docker-des_cell Creating 
 Network docker-des_cell Creating 
 Network docker-des_cell Created 
 Network docker-des_cell Created 
 Container docker-des-node7-1 Creating 
 Container docker-des-node1-1 Creating 
 Container docker-des-node5-1 Creating 
 Container docker-des-node6-1 Creating 
 Container docker-des-node2-1 Creating 
 Container docker-des-node4-1 Creating 
 Container docker-des-node3-1 Creating 
 Container docker-des-node7-1 Created 
 Container docker-des-node6-1 Created 
 Container docker-des-node3-1 Created 
 Container docker-des-node4-1 Created 
 Container docker-des-node2-1 Created 
 Container docker-des-node5-1 Created 
 Container docker-des-node1-1 Created 
 Container docker-des-node1-1 Starting 
 Container docker-des-node3-1 Starting 
 Container docker-des-node6-1 Starting 
 Container docker-des-node5-1 Starting 
 Container docker-des-node7-1 Starting 
 Container docker-des-node2-1 Starting 
 Container docker-des-node4-1 Starting 
 Container docker-des-node1-1 Started 
 Container docker-des-node3-1 Started 
 Container docker-des-node6-1 Started 
 Container docker-des-node5-1 Started 
 Container docker-des-node7-1 Started 
 Container docker-des-node2-1 Started 
 Container docker-des-node4-1 Started 
== collect -> results/20260927-143831-fms-7-loss5
# Execução `20260927-143831-fms-7-loss5`

- problema `fms`, família `LMOD`, **7 containers**, transporte `multicast`
- 5 ciclos × 44 passos = 220 passos; **220 executados**, 0 pulados
- impressão digital da configuração: `04511541`
- RTT de aplicação (nó 1, 10 sondas): média 2.93 ms, mín 2.27, máx 3.81
- resultado: **complete**

| nó | supervisores | saída | disparou (local/ctrl/unctrl) | aplicou p/ pares | decifrações (ciclo 1) | HE total ms | quadros tx/rx | retx | oráculo | halt |
|---|---|---|---|---|---|---|---|---|---|---|
| 1 | S0 | 0 | 20/40/40 | 0 | 101 (21) | 67.4 | 239/4618 | 67 | PASS | não |
| 2 | S1 | 0 | 20/0/0 | 80 | 101 (21) | 85.9 | 780/4065 | 0 | PASS | não |
| 3 | S2 | 0 | 20/0/0 | 80 | 100 (20) | 86.1 | 789/4091 | 0 | PASS | não |
| 4 | S3 | 0 | 20/0/0 | 80 | 103 (23) | 94.1 | 778/4024 | 0 | PASS | não |
| 5 | S4 | 0 | 0/20/10 | 80 | 114 (26) | 100.6 | 763/4100 | 19 | PASS | não |
| 6 | S5 | 0 | 0/0/0 | 110 | 129 (41) | 111.4 | 881/4000 | 0 | PASS | não |
| 7 | S6 | 0 | 30/0/0 | 110 | 150 (38) | 142.7 | 875/3982 | 0 | PASS | não |
| **total** | | | | | **798 (190)** | 688.2 | 5105/28880 | 86 | | |

Fim de cada ciclo no relógio comum (o **último** nó a terminar), ms: 25047.0, 51399.7, 85481.0, 126765.2, 156682.7

Tempo por passo: ciclo 1 **569.25 ms**; ciclos 2–5 **747.93 ms**

Verificação cruzada com o supervisor MONOLÍTICO: **off**

## Verificações

| verificação | esperado | obtido | |
|---|---|---|---|
| decryptions, whole cell | 798 | 798 | ✅ |
| decryptions, whole cell, cycle 1 | 190 | 190 | ✅ |
| outcome | complete | complete | ✅ |
| same fingerprint on every node | 1 | 1 | ✅ |
| oracle PASS on every node | True | True | ✅ |
| crypto self-test PASS on every node | True | True | ✅ |

**TODAS AS VERIFICAÇÕES PASSARAM**


################ fms-7-unicast
== build (scenarios/fms-7-unicast.env)
 Image docker-des:fms-7n-LMOD-r5-w0 Building 
#1 [internal] load local bake definitions
#1 reading from stdin 784B done
#1 DONE 0.0s

#2 [internal] load build definition from Dockerfile
#2 transferring dockerfile: 3.38kB done
#2 DONE 0.0s

#3 resolve image config for docker-image://docker.io/docker/dockerfile:1
#3 DONE 0.9s

#4 docker-image://docker.io/docker/dockerfile:1@sha256:ecfaec9ed6d810b56388c508f4121597bfbba70d41a6dfeee4d8cad5f295fc32
#4 resolve docker.io/docker/dockerfile:1@sha256:ecfaec9ed6d810b56388c508f4121597bfbba70d41a6dfeee4d8cad5f295fc32 0.0s done
#4 CACHED

#5 [internal] load metadata for docker.io/library/ubuntu:26.04
#5 DONE 0.7s

#6 [internal] load .dockerignore
#6 transferring context: 2B done
#6 DONE 0.0s

#7 [internal] load build context
#7 transferring context: 542B done
#7 DONE 0.0s

#8 [build 1/7] FROM docker.io/library/ubuntu:26.04@sha256:da6fc2be547864451aa253836dd926da33623312df4a9a243e35dc877c378a78
#8 resolve docker.io/library/ubuntu:26.04@sha256:da6fc2be547864451aa253836dd926da33623312df4a9a243e35dc877c378a78 0.1s done
#8 DONE 0.1s

#9 [build 7/7] RUN set -eu; mkdir -p /out; pids="";     for id in $(seq 1 "7"); do       g++ -std=c++17 -O2 -Wall -Wextra -Iengine -Isrc           -DDES_DATA_HEADER=""supervisor_data_fms.h""           -DDES_NODE_ID="$id" -DDES_NUM_NODES="7"           -DDES_FAMILY="DES_FAMILY_LMOD"           -DDES_ROUNDS="5" -DDES_WORK_MS="0"                      -o "/out/des_node$id" src/des_container_main.cpp           -l:libmbedcrypto.a &       pids="$pids $!";     done;     for p in $pids; do wait "$p"; done;     { echo "DES_PROBLEM=fms"; echo "DES_NUM_NODES=7";       echo "DES_FAMILY=LMOD"; echo "DES_ROUNDS=5";       echo "DES_WORK_MS=0"; echo "DES_EXTRA_FLAGS=";       echo "mbedtls=$(dpkg-query -W -f='${Version}' libmbedtls-dev)";       echo "gxx=$(g++ -dumpfullversion)"; } > /out/BUILD_INFO;     cat /out/BUILD_INFO
#9 CACHED

#10 [stage-1 2/4] RUN apt-get update  && apt-get install -y --no-install-recommends iproute2  && rm -rf /var/lib/apt/lists/*  && useradd --system --no-create-home --shell /usr/sbin/nologin des
#10 CACHED

#11 [build 3/7] WORKDIR /src
#11 CACHED

#12 [build 2/7] RUN apt-get update  && apt-get install -y --no-install-recommends g++ libmbedtls-dev  && rm -rf /var/lib/apt/lists/*
#12 CACHED

#13 [build 4/7] COPY engine/ engine/
#13 CACHED

#14 [build 5/7] COPY src/ src/
#14 CACHED

#15 [stage-1 3/4] COPY --from=build /out/ /opt/des/bin/
#15 CACHED

#16 [build 6/7] RUN cd engine && sha256sum -c --quiet SHA256SUMS
#16 CACHED

#17 [stage-1 4/4] COPY --chmod=0755 docker/entrypoint.sh /usr/local/bin/des-entrypoint
#17 CACHED

#18 exporting to image
#18 exporting layers done
#18 exporting manifest sha256:bc5ff42da8862e0684e66114effb8d6a4ec04a9f26c23963746612c6cce46d29 done
#18 exporting config sha256:b21c6c2e6e7c8dd6ea2d39fc4e7ca4deef63bef3185537dd964e99948224a278 done
#18 exporting attestation manifest sha256:ca62156cf2fc684c27f876f8c1bf520d4ba272def273673b2e57e4e0453de23c 0.0s done
#18 exporting manifest list sha256:2c77a50a247f9c3bab8a58b3f12899c3b91837aac8230a8a290dbbbca8b82212 0.0s done
#18 naming to docker.io/library/docker-des:fms-7n-LMOD-r5-w0 done
#18 unpacking to docker.io/library/docker-des:fms-7n-LMOD-r5-w0 done
#18 DONE 0.1s

#19 resolving provenance for metadata file
#19 DONE 0.0s
 Image docker-des:fms-7n-LMOD-r5-w0 Built 
== run: node1 node2 node3 node4 node5 node6 node7
 Network docker-des_cell Creating 
 Network docker-des_cell Creating 
 Network docker-des_cell Created 
 Network docker-des_cell Created 
 Container docker-des-node7-1 Creating 
 Container docker-des-node5-1 Creating 
 Container docker-des-node6-1 Creating 
 Container docker-des-node4-1 Creating 
 Container docker-des-node1-1 Creating 
 Container docker-des-node2-1 Creating 
 Container docker-des-node3-1 Creating 
 Container docker-des-node2-1 Created 
 Container docker-des-node3-1 Created 
 Container docker-des-node1-1 Created 
 Container docker-des-node4-1 Created 
 Container docker-des-node5-1 Created 
 Container docker-des-node6-1 Created 
 Container docker-des-node7-1 Created 
 Container docker-des-node1-1 Starting 
 Container docker-des-node6-1 Starting 
 Container docker-des-node2-1 Starting 
 Container docker-des-node4-1 Starting 
 Container docker-des-node5-1 Starting 
 Container docker-des-node3-1 Starting 
 Container docker-des-node7-1 Starting 
 Container docker-des-node1-1 Started 
 Container docker-des-node6-1 Started 
 Container docker-des-node2-1 Started 
 Container docker-des-node4-1 Started 
 Container docker-des-node5-1 Started 
 Container docker-des-node3-1 Started 
 Container docker-des-node7-1 Started 
== collect -> results/20260927-144135-fms-7-unicast
# Execução `20260927-144135-fms-7-unicast`

- problema `fms`, família `LMOD`, **7 containers**, transporte `unicast`
- 5 ciclos × 44 passos = 220 passos; **220 executados**, 0 pulados
- impressão digital da configuração: `04511541`
- RTT de aplicação (nó 1, 20 sondas): média 3.07 ms, mín 2.33, máx 4.94
- resultado: **complete**

| nó | supervisores | saída | disparou (local/ctrl/unctrl) | aplicou p/ pares | decifrações (ciclo 1) | HE total ms | quadros tx/rx | retx | oráculo | halt |
|---|---|---|---|---|---|---|---|---|---|---|
| 1 | S0 | 0 | 20/40/40 | 0 | 101 (21) | 59.4 | 163/1675 | 0 | PASS | não |
| 2 | S1 | 0 | 20/0/0 | 80 | 101 (21) | 71.5 | 244/1594 | 0 | PASS | não |
| 3 | S2 | 0 | 20/0/0 | 80 | 100 (20) | 68.5 | 244/1582 | 0 | PASS | não |
| 4 | S3 | 0 | 20/0/0 | 80 | 103 (23) | 70.2 | 246/1592 | 0 | PASS | não |
| 5 | S4 | 0 | 0/20/10 | 80 | 114 (26) | 78.4 | 296/1540 | 0 | PASS | não |
| 6 | S5 | 0 | 0/0/0 | 110 | 129 (41) | 92.8 | 324/1514 | 0 | PASS | não |
| 7 | S6 | 0 | 30/0/0 | 110 | 150 (38) | 118.5 | 321/1427 | 0 | PASS | não |
| **total** | | | | | **798 (190)** | 559.3 | 1838/10924 | 0 | | |

Fim de cada ciclo no relógio comum (o **último** nó a terminar), ms: 221.8, 398.7, 566.1, 742.2, 924.2

Tempo por passo: ciclo 1 **5.04 ms**; ciclos 2–5 **3.99 ms**

Verificação cruzada com o supervisor MONOLÍTICO: **off**

## Verificações

| verificação | esperado | obtido | |
|---|---|---|---|
| decryptions, whole cell | 798 | 798 | ✅ |
| decryptions, whole cell, cycle 1 | 190 | 190 | ✅ |
| outcome | complete | complete | ✅ |
| same fingerprint on every node | 1 | 1 | ✅ |
| oracle PASS on every node | True | True | ✅ |
| crypto self-test PASS on every node | True | True | ✅ |

**TODAS AS VERIFICAÇÕES PASSARAM**


################ fms-7-wifi
== build (scenarios/fms-7-wifi.env)
 Image docker-des:fms-7n-LMOD-r5-w0 Building 
#1 [internal] load local bake definitions
#1 reading from stdin 784B done
#1 DONE 0.0s

#2 [internal] load build definition from Dockerfile
#2 transferring dockerfile: 3.38kB done
#2 DONE 0.0s

#3 resolve image config for docker-image://docker.io/docker/dockerfile:1
#3 DONE 0.2s

#4 docker-image://docker.io/docker/dockerfile:1@sha256:ecfaec9ed6d810b56388c508f4121597bfbba70d41a6dfeee4d8cad5f295fc32
#4 resolve docker.io/docker/dockerfile:1@sha256:ecfaec9ed6d810b56388c508f4121597bfbba70d41a6dfeee4d8cad5f295fc32 0.1s done
#4 CACHED

#5 [internal] load metadata for docker.io/library/ubuntu:26.04
#5 DONE 0.2s

#6 [internal] load .dockerignore
#6 transferring context: 2B done
#6 DONE 0.0s

#7 [internal] load build context
#7 transferring context: 542B done
#7 DONE 0.0s

#8 [build 1/7] FROM docker.io/library/ubuntu:26.04@sha256:da6fc2be547864451aa253836dd926da33623312df4a9a243e35dc877c378a78
#8 resolve docker.io/library/ubuntu:26.04@sha256:da6fc2be547864451aa253836dd926da33623312df4a9a243e35dc877c378a78 0.0s done
#8 DONE 0.0s

#9 [stage-1 3/4] COPY --from=build /out/ /opt/des/bin/
#9 CACHED

#10 [stage-1 2/4] RUN apt-get update  && apt-get install -y --no-install-recommends iproute2  && rm -rf /var/lib/apt/lists/*  && useradd --system --no-create-home --shell /usr/sbin/nologin des
#10 CACHED

#11 [build 5/7] COPY src/ src/
#11 CACHED

#12 [build 7/7] RUN set -eu; mkdir -p /out; pids="";     for id in $(seq 1 "7"); do       g++ -std=c++17 -O2 -Wall -Wextra -Iengine -Isrc           -DDES_DATA_HEADER=""supervisor_data_fms.h""           -DDES_NODE_ID="$id" -DDES_NUM_NODES="7"           -DDES_FAMILY="DES_FAMILY_LMOD"           -DDES_ROUNDS="5" -DDES_WORK_MS="0"                      -o "/out/des_node$id" src/des_container_main.cpp           -l:libmbedcrypto.a &       pids="$pids $!";     done;     for p in $pids; do wait "$p"; done;     { echo "DES_PROBLEM=fms"; echo "DES_NUM_NODES=7";       echo "DES_FAMILY=LMOD"; echo "DES_ROUNDS=5";       echo "DES_WORK_MS=0"; echo "DES_EXTRA_FLAGS=";       echo "mbedtls=$(dpkg-query -W -f='${Version}' libmbedtls-dev)";       echo "gxx=$(g++ -dumpfullversion)"; } > /out/BUILD_INFO;     cat /out/BUILD_INFO
#12 CACHED

#13 [build 2/7] RUN apt-get update  && apt-get install -y --no-install-recommends g++ libmbedtls-dev  && rm -rf /var/lib/apt/lists/*
#13 CACHED

#14 [build 3/7] WORKDIR /src
#14 CACHED

#15 [build 6/7] RUN cd engine && sha256sum -c --quiet SHA256SUMS
#15 CACHED

#16 [build 4/7] COPY engine/ engine/
#16 CACHED

#17 [stage-1 4/4] COPY --chmod=0755 docker/entrypoint.sh /usr/local/bin/des-entrypoint
#17 CACHED

#18 exporting to image
#18 exporting layers done
#18 exporting manifest sha256:bc5ff42da8862e0684e66114effb8d6a4ec04a9f26c23963746612c6cce46d29 done
#18 exporting config sha256:b21c6c2e6e7c8dd6ea2d39fc4e7ca4deef63bef3185537dd964e99948224a278 done
#18 exporting attestation manifest sha256:f5221f7cd754149f63ab858e676a78869df91db4174400846788c1a0f3171884 0.0s done
#18 exporting manifest list sha256:2cea0d33b318c8cb5ea07b1d9e4b088dc14a5751f4cd539faad0474d956d5915 done
#18 naming to docker.io/library/docker-des:fms-7n-LMOD-r5-w0 0.0s done
#18 unpacking to docker.io/library/docker-des:fms-7n-LMOD-r5-w0 12.1s done
#18 DONE 12.2s

#19 resolving provenance for metadata file
#19 DONE 0.0s
 Image docker-des:fms-7n-LMOD-r5-w0 Built 
== run: node1 node2 node3 node4 node5 node6 node7
 Network docker-des_cell Creating 
 Network docker-des_cell Creating 
 Network docker-des_cell Created 
 Network docker-des_cell Created 
 Container docker-des-node7-1 Creating 
 Container docker-des-node5-1 Creating 
 Container docker-des-node6-1 Creating 
 Container docker-des-node3-1 Creating 
 Container docker-des-node2-1 Creating 
 Container docker-des-node4-1 Creating 
 Container docker-des-node1-1 Creating 
 Container docker-des-node2-1 Created 
 Container docker-des-node7-1 Created 
 Container docker-des-node3-1 Created 
 Container docker-des-node1-1 Created 
 Container docker-des-node5-1 Created 
 Container docker-des-node4-1 Created 
 Container docker-des-node6-1 Created 
 Container docker-des-node2-1 Starting 
 Container docker-des-node6-1 Starting 
 Container docker-des-node3-1 Starting 
 Container docker-des-node4-1 Starting 
 Container docker-des-node5-1 Starting 
 Container docker-des-node1-1 Starting 
 Container docker-des-node7-1 Starting 
 Container docker-des-node2-1 Started 
 Container docker-des-node6-1 Started 
 Container docker-des-node3-1 Started 
 Container docker-des-node4-1 Started 
 Container docker-des-node5-1 Started 
 Container docker-des-node1-1 Started 
 Container docker-des-node7-1 Started 
== collect -> results/20260927-144201-fms-7-wifi
# Execução `20260927-144201-fms-7-wifi`

- problema `fms`, família `LMOD`, **7 containers**, transporte `multicast`, netem `delay 7ms 3ms loss 1%`
- 5 ciclos × 44 passos = 220 passos; **220 executados**, 0 pulados
- impressão digital da configuração: `04511541`
- RTT de aplicação (nó 1, 19 sondas): média 20.01 ms, mín 14.40, máx 23.21
- resultado: **complete**

| nó | supervisores | saída | disparou (local/ctrl/unctrl) | aplicou p/ pares | decifrações (ciclo 1) | HE total ms | quadros tx/rx | retx | oráculo | halt |
|---|---|---|---|---|---|---|---|---|---|---|
| 1 | S0 | 0 | 20/40/40 | 0 | 101 (21) | 201.5 | 183/2452 | 22 | PASS | não |
| 2 | S1 | 0 | 20/0/0 | 80 | 101 (21) | 271.3 | 396/2300 | 0 | PASS | não |
| 3 | S2 | 0 | 20/0/0 | 80 | 100 (20) | 266.8 | 394/2297 | 0 | PASS | não |
| 4 | S3 | 0 | 20/0/0 | 80 | 103 (23) | 276.0 | 392/2288 | 0 | PASS | não |
| 5 | S4 | 0 | 0/20/10 | 80 | 114 (26) | 302.1 | 421/2246 | 4 | PASS | não |
| 6 | S5 | 0 | 0/0/0 | 110 | 129 (41) | 349.3 | 473/2222 | 0 | PASS | não |
| 7 | S6 | 0 | 30/0/0 | 110 | 150 (38) | 426.5 | 465/2143 | 0 | PASS | não |
| **total** | | | | | **798 (190)** | 2093.5 | 2724/15948 | 26 | | |

Fim de cada ciclo no relógio comum (o **último** nó a terminar), ms: 13182.7, 21794.0, 27319.8, 35447.1, 42762.3

Tempo por passo: ciclo 1 **299.61 ms**; ciclos 2–5 **168.07 ms**

Verificação cruzada com o supervisor MONOLÍTICO: **off**

## Verificações

| verificação | esperado | obtido | |
|---|---|---|---|
| decryptions, whole cell | 798 | 798 | ✅ |
| decryptions, whole cell, cycle 1 | 190 | 190 | ✅ |
| outcome | complete | complete | ✅ |
| same fingerprint on every node | 1 | 1 | ✅ |
| oracle PASS on every node | True | True | ✅ |
| crypto self-test PASS on every node | True | True | ✅ |

**TODAS AS VERIFICAÇÕES PASSARAM**


################ fms-7
== build (scenarios/fms-7.env)
 Image docker-des:fms-7n-LMOD-r5-w0 Building 
#1 [internal] load local bake definitions
#1 reading from stdin 784B done
#1 DONE 0.0s

#2 [internal] load build definition from Dockerfile
#2 transferring dockerfile: 3.38kB done
#2 DONE 0.0s

#3 resolve image config for docker-image://docker.io/docker/dockerfile:1
#3 DONE 0.5s

#4 docker-image://docker.io/docker/dockerfile:1@sha256:ecfaec9ed6d810b56388c508f4121597bfbba70d41a6dfeee4d8cad5f295fc32
#4 resolve docker.io/docker/dockerfile:1@sha256:ecfaec9ed6d810b56388c508f4121597bfbba70d41a6dfeee4d8cad5f295fc32 0.0s done
#4 CACHED

#5 [internal] load metadata for docker.io/library/ubuntu:26.04
#5 DONE 0.5s

#6 [internal] load .dockerignore
#6 transferring context: 2B done
#6 DONE 0.0s

#7 [internal] load build context
#7 transferring context: 542B done
#7 DONE 0.0s

#8 [build 1/7] FROM docker.io/library/ubuntu:26.04@sha256:da6fc2be547864451aa253836dd926da33623312df4a9a243e35dc877c378a78
#8 resolve docker.io/library/ubuntu:26.04@sha256:da6fc2be547864451aa253836dd926da33623312df4a9a243e35dc877c378a78 0.0s done
#8 DONE 0.0s

#9 [build 3/7] WORKDIR /src
#9 CACHED

#10 [build 4/7] COPY engine/ engine/
#10 CACHED

#11 [build 5/7] COPY src/ src/
#11 CACHED

#12 [build 6/7] RUN cd engine && sha256sum -c --quiet SHA256SUMS
#12 CACHED

#13 [stage-1 3/4] COPY --from=build /out/ /opt/des/bin/
#13 CACHED

#14 [stage-1 2/4] RUN apt-get update  && apt-get install -y --no-install-recommends iproute2  && rm -rf /var/lib/apt/lists/*  && useradd --system --no-create-home --shell /usr/sbin/nologin des
#14 CACHED

#15 [build 2/7] RUN apt-get update  && apt-get install -y --no-install-recommends g++ libmbedtls-dev  && rm -rf /var/lib/apt/lists/*
#15 CACHED

#16 [build 7/7] RUN set -eu; mkdir -p /out; pids="";     for id in $(seq 1 "7"); do       g++ -std=c++17 -O2 -Wall -Wextra -Iengine -Isrc           -DDES_DATA_HEADER=""supervisor_data_fms.h""           -DDES_NODE_ID="$id" -DDES_NUM_NODES="7"           -DDES_FAMILY="DES_FAMILY_LMOD"           -DDES_ROUNDS="5" -DDES_WORK_MS="0"                      -o "/out/des_node$id" src/des_container_main.cpp           -l:libmbedcrypto.a &       pids="$pids $!";     done;     for p in $pids; do wait "$p"; done;     { echo "DES_PROBLEM=fms"; echo "DES_NUM_NODES=7";       echo "DES_FAMILY=LMOD"; echo "DES_ROUNDS=5";       echo "DES_WORK_MS=0"; echo "DES_EXTRA_FLAGS=";       echo "mbedtls=$(dpkg-query -W -f='${Version}' libmbedtls-dev)";       echo "gxx=$(g++ -dumpfullversion)"; } > /out/BUILD_INFO;     cat /out/BUILD_INFO
#16 CACHED

#17 [stage-1 4/4] COPY --chmod=0755 docker/entrypoint.sh /usr/local/bin/des-entrypoint
#17 CACHED

#18 exporting to image
#18 exporting layers done
#18 exporting manifest sha256:bc5ff42da8862e0684e66114effb8d6a4ec04a9f26c23963746612c6cce46d29 done
#18 exporting config sha256:b21c6c2e6e7c8dd6ea2d39fc4e7ca4deef63bef3185537dd964e99948224a278 done
#18 exporting attestation manifest sha256:583ab1f3be357cbca28fb0cdb666f802b91b73f1dcbddd9dea051bb86a88a9be
#18 exporting attestation manifest sha256:583ab1f3be357cbca28fb0cdb666f802b91b73f1dcbddd9dea051bb86a88a9be 0.0s done
#18 exporting manifest list sha256:8f4c23ff99a2b33cefaaeb6a5b162575a95ca46c48206091773aa60c652a1aa2 0.0s done
#18 naming to docker.io/library/docker-des:fms-7n-LMOD-r5-w0 done
#18 unpacking to docker.io/library/docker-des:fms-7n-LMOD-r5-w0 done
#18 DONE 0.1s

#19 resolving provenance for metadata file
#19 DONE 0.0s
 Image docker-des:fms-7n-LMOD-r5-w0 Built 
== run: node1 node2 node3 node4 node5 node6 node7
 Network docker-des_cell Creating 
 Network docker-des_cell Creating 
 Network docker-des_cell Created 
 Network docker-des_cell Created 
 Container docker-des-node7-1 Creating 
 Container docker-des-node5-1 Creating 
 Container docker-des-node1-1 Creating 
 Container docker-des-node2-1 Creating 
 Container docker-des-node3-1 Creating 
 Container docker-des-node4-1 Creating 
 Container docker-des-node6-1 Creating 
 Container docker-des-node7-1 Created 
 Container docker-des-node1-1 Created 
 Container docker-des-node2-1 Created 
 Container docker-des-node4-1 Created 
 Container docker-des-node5-1 Created 
 Container docker-des-node3-1 Created 
 Container docker-des-node6-1 Created 
 Container docker-des-node7-1 Starting 
 Container docker-des-node2-1 Starting 
 Container docker-des-node1-1 Starting 
 Container docker-des-node5-1 Starting 
 Container docker-des-node4-1 Starting 
 Container docker-des-node6-1 Starting 
 Container docker-des-node3-1 Starting 
 Container docker-des-node7-1 Started 
 Container docker-des-node2-1 Started 
 Container docker-des-node1-1 Started 
 Container docker-des-node5-1 Started 
 Container docker-des-node4-1 Started 
 Container docker-des-node6-1 Started 
 Container docker-des-node3-1 Started 
== collect -> results/20260927-144308-fms-7
# Execução `20260927-144308-fms-7`

- problema `fms`, família `LMOD`, **7 containers**, transporte `multicast`
- 5 ciclos × 44 passos = 220 passos; **220 executados**, 0 pulados
- impressão digital da configuração: `04511541`
- RTT de aplicação (nó 1, 20 sondas): média 4.07 ms, mín 2.41, máx 5.42
- resultado: **complete**

| nó | supervisores | saída | disparou (local/ctrl/unctrl) | aplicou p/ pares | decifrações (ciclo 1) | HE total ms | quadros tx/rx | retx | oráculo | halt |
|---|---|---|---|---|---|---|---|---|---|---|
| 1 | S0 | 0 | 20/40/40 | 0 | 101 (21) | 75.3 | 160/1647 | 0 | PASS | não |
| 2 | S1 | 0 | 20/0/0 | 80 | 101 (21) | 82.9 | 242/1571 | 0 | PASS | não |
| 3 | S2 | 0 | 20/0/0 | 80 | 100 (20) | 79.0 | 239/1501 | 0 | PASS | não |
| 4 | S3 | 0 | 20/0/0 | 80 | 103 (23) | 83.6 | 240/1540 | 0 | PASS | não |
| 5 | S4 | 0 | 0/20/10 | 80 | 114 (26) | 90.5 | 291/1505 | 0 | PASS | não |
| 6 | S5 | 0 | 0/0/0 | 110 | 129 (41) | 101.6 | 319/1443 | 0 | PASS | não |
| 7 | S6 | 0 | 30/0/0 | 110 | 150 (38) | 132.2 | 322/1491 | 0 | PASS | não |
| **total** | | | | | **798 (190)** | 645.1 | 1813/10698 | 0 | | |

Fim de cada ciclo no relógio comum (o **último** nó a terminar), ms: 248.3, 434.8, 624.7, 818.0, 1012.4

Tempo por passo: ciclo 1 **5.64 ms**; ciclos 2–5 **4.34 ms**

Verificação cruzada com o supervisor MONOLÍTICO: **off**

## Verificações

| verificação | esperado | obtido | |
|---|---|---|---|
| decryptions, whole cell | 798 | 798 | ✅ |
| decryptions, whole cell, cycle 1 | 190 | 190 | ✅ |
| outcome | complete | complete | ✅ |
| same fingerprint on every node | 1 | 1 | ✅ |
| oracle PASS on every node | True | True | ✅ |
| crypto self-test PASS on every node | True | True | ✅ |

**TODAS AS VERIFICAÇÕES PASSARAM**


================ verdicts
  esf-2-lockstep         PASS
  fms-1                  PASS
  fms-2-loss30           PASS
  fms-2                  PASS
  fms-7-loss5-fast       PASS
  fms-7-loss5            PASS
  fms-7-unicast          PASS
  fms-7-wifi             PASS
  fms-7                  PASS
######## REPETIÇÃO 2/5

################ esf-2-lockstep
== build (scenarios/esf-2-lockstep.env)
 Image docker-des:extended_small_factory-2n-LMOD-r5-w0-lockstep Building 
#1 [internal] load local bake definitions
#1 reading from stdin 853B done
#1 DONE 0.0s

#2 [internal] load build definition from Dockerfile
#2 transferring dockerfile: 3.38kB done
#2 DONE 0.0s

#3 resolve image config for docker-image://docker.io/docker/dockerfile:1
#3 DONE 0.3s

#4 docker-image://docker.io/docker/dockerfile:1@sha256:ecfaec9ed6d810b56388c508f4121597bfbba70d41a6dfeee4d8cad5f295fc32
#4 resolve docker.io/docker/dockerfile:1@sha256:ecfaec9ed6d810b56388c508f4121597bfbba70d41a6dfeee4d8cad5f295fc32 0.0s done
#4 CACHED

#5 [internal] load metadata for docker.io/library/ubuntu:26.04
#5 DONE 0.2s

#6 [internal] load .dockerignore
#6 transferring context: 2B done
#6 DONE 0.0s

#7 [internal] load build context
#7 transferring context: 542B done
#7 DONE 0.0s

#8 [build 1/7] FROM docker.io/library/ubuntu:26.04@sha256:da6fc2be547864451aa253836dd926da33623312df4a9a243e35dc877c378a78
#8 resolve docker.io/library/ubuntu:26.04@sha256:da6fc2be547864451aa253836dd926da33623312df4a9a243e35dc877c378a78 0.0s done
#8 DONE 0.0s

#9 [build 2/7] RUN apt-get update  && apt-get install -y --no-install-recommends g++ libmbedtls-dev  && rm -rf /var/lib/apt/lists/*
#9 CACHED

#10 [build 3/7] WORKDIR /src
#10 CACHED

#11 [build 4/7] COPY engine/ engine/
#11 CACHED

#12 [build 5/7] COPY src/ src/
#12 CACHED

#13 [build 6/7] RUN cd engine && sha256sum -c --quiet SHA256SUMS
#13 CACHED

#14 [build 7/7] RUN set -eu; mkdir -p /out; pids="";     for id in $(seq 1 "2"); do       g++ -std=c++17 -O2 -Wall -Wextra -Iengine -Isrc           -DDES_DATA_HEADER=""supervisor_data_extended_small_factory.h""           -DDES_NODE_ID="$id" -DDES_NUM_NODES="2"           -DDES_FAMILY="DES_FAMILY_LMOD"           -DDES_ROUNDS="5" -DDES_WORK_MS="0"           -DDES_BENCH_LOCKSTEP=1           -o "/out/des_node$id" src/des_container_main.cpp           -l:libmbedcrypto.a &       pids="$pids $!";     done;     for p in $pids; do wait "$p"; done;     { echo "DES_PROBLEM=extended_small_factory"; echo "DES_NUM_NODES=2";       echo "DES_FAMILY=LMOD"; echo "DES_ROUNDS=5";       echo "DES_WORK_MS=0"; echo "DES_EXTRA_FLAGS=-DDES_BENCH_LOCKSTEP=1";       echo "mbedtls=$(dpkg-query -W -f='${Version}' libmbedtls-dev)";       echo "gxx=$(g++ -dumpfullversion)"; } > /out/BUILD_INFO;     cat /out/BUILD_INFO
#14 CACHED

#15 [stage-1 2/4] RUN apt-get update  && apt-get install -y --no-install-recommends iproute2  && rm -rf /var/lib/apt/lists/*  && useradd --system --no-create-home --shell /usr/sbin/nologin des
#15 CACHED

#16 [stage-1 3/4] COPY --from=build /out/ /opt/des/bin/
#16 CACHED

#17 [stage-1 4/4] COPY --chmod=0755 docker/entrypoint.sh /usr/local/bin/des-entrypoint
#17 CACHED

#18 exporting to image
#18 exporting layers done
#18 exporting manifest sha256:65714e050eeb6256e43a5a12e5613da1f236b02e89d727f222e0d698fabf7912 done
#18 exporting config sha256:d428c0c6e2d2c7dc1e1ba3a87878090d4a397a3f7d1ff68ed21ad448668fc60f done
#18 exporting attestation manifest sha256:c6ac8675ae282ad7adc3ffb82af2165daf61fe1f6a8230a09ec4a86ac01bee39 done
#18 exporting manifest list sha256:b4f3ff489315ff5e174ca841845a034ae244863c867b66317f044a988fc449d1 0.0s done
#18 naming to docker.io/library/docker-des:extended_small_factory-2n-LMOD-r5-w0-lockstep
#18 naming to docker.io/library/docker-des:extended_small_factory-2n-LMOD-r5-w0-lockstep done
#18 unpacking to docker.io/library/docker-des:extended_small_factory-2n-LMOD-r5-w0-lockstep 0.0s done
#18 DONE 0.1s

#19 resolving provenance for metadata file
#19 DONE 0.0s
 Image docker-des:extended_small_factory-2n-LMOD-r5-w0-lockstep Built 
== run: node1 node2
 Network docker-des_cell Creating 
 Network docker-des_cell Creating 
 Network docker-des_cell Created 
 Network docker-des_cell Created 
 Container docker-des-node2-1 Creating 
 Container docker-des-node1-1 Creating 
 Container docker-des-node2-1 Created 
 Container docker-des-node1-1 Created 
 Container docker-des-node1-1 Starting 
 Container docker-des-node2-1 Starting 
 Container docker-des-node1-1 Started 
 Container docker-des-node2-1 Started 
== collect -> results/20260927-144331-esf-2-lockstep
# Execução `20260927-144331-esf-2-lockstep`

- problema `extended_small_factory`, família `LMOD`, **2 containers**, transporte `multicast`
- 5 ciclos × 6 passos = 30 passos; **30 executados**, 0 pulados
- impressão digital da configuração: `d42d57d1`
- RTT de aplicação (nó 1, 20 sondas): média 3.81 ms, mín 2.28, máx 4.81
- resultado: **complete**

| nó | supervisores | saída | disparou (local/ctrl/unctrl) | aplicou p/ pares | decifrações (ciclo 1) | HE total ms | quadros tx/rx | retx | oráculo | halt |
|---|---|---|---|---|---|---|---|---|---|---|
| 1 | S0 | 0 | 10/5/5 | 0 | 20 (4) | 11.3 | 63/63 | 0 | PASS | não |
| 2 | S1 | 0 | 10/0/0 | 10 | 20 (4) | 10.8 | 63/62 | 0 | PASS | não |
| **total** | | | | | **40 (8)** | 22.1 | 126/125 | 0 | | |

Fim de cada ciclo no relógio comum (o **último** nó a terminar), ms: 41.1, 68.4, 96.7, 120.1, 148.4

Tempo por passo: ciclo 1 **6.85 ms**; ciclos 2–5 **4.47 ms**

Verificação cruzada com o supervisor MONOLÍTICO: **PASS**

## Verificações

| verificação | esperado | obtido | |
|---|---|---|---|
| decryptions, whole cell, cycle 1 | 8 | 8 | ✅ |
| monolithic cross-check | PASS | PASS | ✅ |
| outcome | complete | complete | ✅ |
| same fingerprint on every node | 1 | 1 | ✅ |
| oracle PASS on every node | True | True | ✅ |
| crypto self-test PASS on every node | True | True | ✅ |

**TODAS AS VERIFICAÇÕES PASSARAM**


################ fms-1
== build (scenarios/fms-1.env)
 Image docker-des:fms-1n-LMOD-r5-w0 Building 
#1 [internal] load local bake definitions
#1 reading from stdin 784B done
#1 DONE 0.0s

#2 [internal] load build definition from Dockerfile
#2 transferring dockerfile: 3.38kB done
#2 DONE 0.0s

#3 resolve image config for docker-image://docker.io/docker/dockerfile:1
#3 DONE 0.2s

#4 docker-image://docker.io/docker/dockerfile:1@sha256:ecfaec9ed6d810b56388c508f4121597bfbba70d41a6dfeee4d8cad5f295fc32
#4 resolve docker.io/docker/dockerfile:1@sha256:ecfaec9ed6d810b56388c508f4121597bfbba70d41a6dfeee4d8cad5f295fc32 0.0s done
#4 CACHED

#5 [internal] load metadata for docker.io/library/ubuntu:26.04
#5 DONE 0.2s

#6 [internal] load .dockerignore
#6 transferring context: 2B done
#6 DONE 0.0s

#7 [internal] load build context
#7 transferring context: 542B done
#7 DONE 0.0s

#8 [build 1/7] FROM docker.io/library/ubuntu:26.04@sha256:da6fc2be547864451aa253836dd926da33623312df4a9a243e35dc877c378a78
#8 resolve docker.io/library/ubuntu:26.04@sha256:da6fc2be547864451aa253836dd926da33623312df4a9a243e35dc877c378a78 0.0s done
#8 DONE 0.0s

#9 [build 2/7] RUN apt-get update  && apt-get install -y --no-install-recommends g++ libmbedtls-dev  && rm -rf /var/lib/apt/lists/*
#9 CACHED

#10 [build 5/7] COPY src/ src/
#10 CACHED

#11 [build 7/7] RUN set -eu; mkdir -p /out; pids="";     for id in $(seq 1 "1"); do       g++ -std=c++17 -O2 -Wall -Wextra -Iengine -Isrc           -DDES_DATA_HEADER=""supervisor_data_fms.h""           -DDES_NODE_ID="$id" -DDES_NUM_NODES="1"           -DDES_FAMILY="DES_FAMILY_LMOD"           -DDES_ROUNDS="5" -DDES_WORK_MS="0"                      -o "/out/des_node$id" src/des_container_main.cpp           -l:libmbedcrypto.a &       pids="$pids $!";     done;     for p in $pids; do wait "$p"; done;     { echo "DES_PROBLEM=fms"; echo "DES_NUM_NODES=1";       echo "DES_FAMILY=LMOD"; echo "DES_ROUNDS=5";       echo "DES_WORK_MS=0"; echo "DES_EXTRA_FLAGS=";       echo "mbedtls=$(dpkg-query -W -f='${Version}' libmbedtls-dev)";       echo "gxx=$(g++ -dumpfullversion)"; } > /out/BUILD_INFO;     cat /out/BUILD_INFO
#11 CACHED

#12 [stage-1 2/4] RUN apt-get update  && apt-get install -y --no-install-recommends iproute2  && rm -rf /var/lib/apt/lists/*  && useradd --system --no-create-home --shell /usr/sbin/nologin des
#12 CACHED

#13 [stage-1 3/4] COPY --from=build /out/ /opt/des/bin/
#13 CACHED

#14 [build 4/7] COPY engine/ engine/
#14 CACHED

#15 [build 6/7] RUN cd engine && sha256sum -c --quiet SHA256SUMS
#15 CACHED

#16 [build 3/7] WORKDIR /src
#16 CACHED

#17 [stage-1 4/4] COPY --chmod=0755 docker/entrypoint.sh /usr/local/bin/des-entrypoint
#17 CACHED

#18 exporting to image
#18 exporting layers
#18 exporting layers done
#18 exporting manifest sha256:c2e91d0edb2e02a703c79d4a89d3bf306106bb7cdae6d684c8d74e96d51dcb8a done
#18 exporting config sha256:97a0c80ed1e323f29806796b4ba2966137e5dafae5c371d0a1fb294aeaf3640d done
#18 exporting attestation manifest sha256:a78a24949cb777af24100a2356d6d2b92d66bf004c63aa26a386eadc916f2b9e 0.0s done
#18 exporting manifest list sha256:c9eb4a809952fdd38839bcd59e8e3adc5a136af8cc907784cb3b1f3720a7c65a done
#18 naming to docker.io/library/docker-des:fms-1n-LMOD-r5-w0 done
#18 unpacking to docker.io/library/docker-des:fms-1n-LMOD-r5-w0 done
#18 DONE 0.1s

#19 resolving provenance for metadata file
#19 DONE 0.0s
 Image docker-des:fms-1n-LMOD-r5-w0 Built 
== run: node1
 Network docker-des_cell Creating 
 Network docker-des_cell Creating 
 Network docker-des_cell Created 
 Network docker-des_cell Created 
 Container docker-des-node1-1 Creating 
 Container docker-des-node1-1 Created 
 Container docker-des-node1-1 Starting 
 Container docker-des-node1-1 Started 
== collect -> results/20260927-144349-fms-1
# Execução `20260927-144349-fms-1`

- problema `fms`, família `LMOD`, **1 containers**, transporte `multicast`
- 5 ciclos × 44 passos = 220 passos; **220 executados**, 0 pulados
- impressão digital da configuração: `3f2beff2`
- resultado: **complete**

| nó | supervisores | saída | disparou (local/ctrl/unctrl) | aplicou p/ pares | decifrações (ciclo 1) | HE total ms | quadros tx/rx | retx | oráculo | halt |
|---|---|---|---|---|---|---|---|---|---|---|
| 1 | S0 S1 S2 S3 S4 S5 S6 | 0 | 220/0/0 | 0 | 798 (190) | 397.1 | 0/0 | 0 | PASS | não |
| **total** | | | | | **798 (190)** | 397.1 | 0/0 | 0 | | |

Fim de cada ciclo no relógio comum (o **último** nó a terminar), ms: 114.8, 191.1, 263.0, 335.0, 405.9

Tempo por passo: ciclo 1 **2.61 ms**; ciclos 2–5 **1.65 ms**

Verificação cruzada com o supervisor MONOLÍTICO: **off**

## Verificações

| verificação | esperado | obtido | |
|---|---|---|---|
| decryptions, whole cell | 798 | 798 | ✅ |
| decryptions, whole cell, cycle 1 | 190 | 190 | ✅ |
| outcome | complete | complete | ✅ |
| same fingerprint on every node | 1 | 1 | ✅ |
| oracle PASS on every node | True | True | ✅ |
| crypto self-test PASS on every node | True | True | ✅ |

**TODAS AS VERIFICAÇÕES PASSARAM**


################ fms-2-loss30
== build (scenarios/fms-2-loss30.env)
 Image docker-des:fms-2n-LMOD-r5-w0-loss30 Building 
#1 [internal] load local bake definitions
#1 reading from stdin 817B done
#1 DONE 0.0s

#2 [internal] load build definition from Dockerfile
#2 transferring dockerfile: 3.38kB done
#2 DONE 0.0s

#3 resolve image config for docker-image://docker.io/docker/dockerfile:1
#3 DONE 0.2s

#4 docker-image://docker.io/docker/dockerfile:1@sha256:ecfaec9ed6d810b56388c508f4121597bfbba70d41a6dfeee4d8cad5f295fc32
#4 resolve docker.io/docker/dockerfile:1@sha256:ecfaec9ed6d810b56388c508f4121597bfbba70d41a6dfeee4d8cad5f295fc32 0.0s done
#4 CACHED

#5 [internal] load metadata for docker.io/library/ubuntu:26.04
#5 DONE 0.2s

#6 [internal] load .dockerignore
#6 transferring context: 2B done
#6 DONE 0.0s

#7 [internal] load build context
#7 transferring context: 542B done
#7 DONE 0.0s

#8 [build 1/7] FROM docker.io/library/ubuntu:26.04@sha256:da6fc2be547864451aa253836dd926da33623312df4a9a243e35dc877c378a78
#8 resolve docker.io/library/ubuntu:26.04@sha256:da6fc2be547864451aa253836dd926da33623312df4a9a243e35dc877c378a78 0.0s done
#8 DONE 0.0s

#9 [stage-1 2/4] RUN apt-get update  && apt-get install -y --no-install-recommends iproute2  && rm -rf /var/lib/apt/lists/*  && useradd --system --no-create-home --shell /usr/sbin/nologin des
#9 CACHED

#10 [build 7/7] RUN set -eu; mkdir -p /out; pids="";     for id in $(seq 1 "2"); do       g++ -std=c++17 -O2 -Wall -Wextra -Iengine -Isrc           -DDES_DATA_HEADER=""supervisor_data_fms.h""           -DDES_NODE_ID="$id" -DDES_NUM_NODES="2"           -DDES_FAMILY="DES_FAMILY_LMOD"           -DDES_ROUNDS="5" -DDES_WORK_MS="0"           -DDES_SIMULATE_LOSS_PCT=30           -o "/out/des_node$id" src/des_container_main.cpp           -l:libmbedcrypto.a &       pids="$pids $!";     done;     for p in $pids; do wait "$p"; done;     { echo "DES_PROBLEM=fms"; echo "DES_NUM_NODES=2";       echo "DES_FAMILY=LMOD"; echo "DES_ROUNDS=5";       echo "DES_WORK_MS=0"; echo "DES_EXTRA_FLAGS=-DDES_SIMULATE_LOSS_PCT=30";       echo "mbedtls=$(dpkg-query -W -f='${Version}' libmbedtls-dev)";       echo "gxx=$(g++ -dumpfullversion)"; } > /out/BUILD_INFO;     cat /out/BUILD_INFO
#10 CACHED

#11 [build 2/7] RUN apt-get update  && apt-get install -y --no-install-recommends g++ libmbedtls-dev  && rm -rf /var/lib/apt/lists/*
#11 CACHED

#12 [build 3/7] WORKDIR /src
#12 CACHED

#13 [build 4/7] COPY engine/ engine/
#13 CACHED

#14 [build 5/7] COPY src/ src/
#14 CACHED

#15 [build 6/7] RUN cd engine && sha256sum -c --quiet SHA256SUMS
#15 CACHED

#16 [stage-1 3/4] COPY --from=build /out/ /opt/des/bin/
#16 CACHED

#17 [stage-1 4/4] COPY --chmod=0755 docker/entrypoint.sh /usr/local/bin/des-entrypoint
#17 CACHED

#18 exporting to image
#18 exporting layers done
#18 exporting manifest sha256:24403836c7a00bcaaee5cf720dfdb4520ff7acc99f32e1cbbe5c963c11f1778b done
#18 exporting config sha256:0de827b77a4728b76303265f84057818422b8d16da0a237ad4f92cc3f0f4c969 done
#18 exporting attestation manifest sha256:9d77cf4d99641e3fc3c1f29358d7c786c05f4d4a1102fd99b2aa1ae1fc3b20c6 0.0s done
#18 exporting manifest list sha256:24f9d40927d474e6ee0e3baf53d23e6fa004d5b845e51a6ca4013e5b522fc91e done
#18 naming to docker.io/library/docker-des:fms-2n-LMOD-r5-w0-loss30
#18 naming to docker.io/library/docker-des:fms-2n-LMOD-r5-w0-loss30 done
#18 unpacking to docker.io/library/docker-des:fms-2n-LMOD-r5-w0-loss30 0.0s done
#18 DONE 0.1s

#19 resolving provenance for metadata file
#19 DONE 0.0s
 Image docker-des:fms-2n-LMOD-r5-w0-loss30 Built 
== run: node1 node2
 Network docker-des_cell Creating 
 Network docker-des_cell Creating 
 Network docker-des_cell Created 
 Network docker-des_cell Created 
 Container docker-des-node2-1 Creating 
 Container docker-des-node1-1 Creating 
 Container docker-des-node1-1 Created 
 Container docker-des-node2-1 Created 
 Container docker-des-node1-1 Starting 
 Container docker-des-node2-1 Starting 
 Container docker-des-node1-1 Started 
 Container docker-des-node2-1 Started 
== collect -> results/20260927-144404-fms-2-loss30
# Execução `20260927-144404-fms-2-loss30`

- problema `fms`, família `LMOD`, **2 containers**, transporte `multicast`
- 5 ciclos × 44 passos = 220 passos; **32 executados**, 0 pulados, 188 não alcançados (execução interrompida)
- impressão digital da configuração: `edbd7971`
- RTT de aplicação (nó 1, 9 sondas): média 4.37 ms, mín 2.88, máx 5.36
- resultado: **halt** — SAFE HALT nos nós [1, 2]

| nó | supervisores | saída | disparou (local/ctrl/unctrl) | aplicou p/ pares | decifrações (ciclo 1) | HE total ms | quadros tx/rx | retx | oráculo | halt |
|---|---|---|---|---|---|---|---|---|---|---|
| 1 | S0 S1 S2 S3 | 2 | 13/5/5 | 0 | 58 (58) | 82.4 | 74/133 | 25 | PASS | **COMMIT unacknowledged — a participant may not have applied a shared event** |
| 2 | S4 S5 S6 | 2 | 9/0/0 | 11 | 77 (77) | 136.5 | 196/47 | 0 | PASS | **a peer halted** |
| **total** | | | | | **135 (135)** | 218.9 | 270/180 | 25 | | |

Verificação cruzada com o supervisor MONOLÍTICO: **off**

## Verificações

| verificação | esperado | obtido | |
|---|---|---|---|
| outcome | halt | halt | ✅ |

**TODAS AS VERIFICAÇÕES PASSARAM**


################ fms-2
== build (scenarios/fms-2.env)
 Image docker-des:fms-2n-LMOD-r5-w0 Building 
#1 [internal] load local bake definitions
#1 reading from stdin 784B done
#1 DONE 0.0s

#2 [internal] load build definition from Dockerfile
#2 transferring dockerfile: 3.38kB done
#2 DONE 0.0s

#3 resolve image config for docker-image://docker.io/docker/dockerfile:1
#3 DONE 0.5s

#4 docker-image://docker.io/docker/dockerfile:1@sha256:ecfaec9ed6d810b56388c508f4121597bfbba70d41a6dfeee4d8cad5f295fc32
#4 resolve docker.io/docker/dockerfile:1@sha256:ecfaec9ed6d810b56388c508f4121597bfbba70d41a6dfeee4d8cad5f295fc32 0.0s done
#4 CACHED

#5 [internal] load metadata for docker.io/library/ubuntu:26.04
#5 DONE 1.1s

#6 [internal] load .dockerignore
#6 transferring context: 2B done
#6 DONE 0.0s

#7 [internal] load build context
#7 transferring context: 542B done
#7 DONE 0.0s

#8 [build 1/7] FROM docker.io/library/ubuntu:26.04@sha256:da6fc2be547864451aa253836dd926da33623312df4a9a243e35dc877c378a78
#8 resolve docker.io/library/ubuntu:26.04@sha256:da6fc2be547864451aa253836dd926da33623312df4a9a243e35dc877c378a78 0.0s done
#8 DONE 0.0s

#9 [build 6/7] RUN cd engine && sha256sum -c --quiet SHA256SUMS
#9 CACHED

#10 [build 7/7] RUN set -eu; mkdir -p /out; pids="";     for id in $(seq 1 "2"); do       g++ -std=c++17 -O2 -Wall -Wextra -Iengine -Isrc           -DDES_DATA_HEADER=""supervisor_data_fms.h""           -DDES_NODE_ID="$id" -DDES_NUM_NODES="2"           -DDES_FAMILY="DES_FAMILY_LMOD"           -DDES_ROUNDS="5" -DDES_WORK_MS="0"                      -o "/out/des_node$id" src/des_container_main.cpp           -l:libmbedcrypto.a &       pids="$pids $!";     done;     for p in $pids; do wait "$p"; done;     { echo "DES_PROBLEM=fms"; echo "DES_NUM_NODES=2";       echo "DES_FAMILY=LMOD"; echo "DES_ROUNDS=5";       echo "DES_WORK_MS=0"; echo "DES_EXTRA_FLAGS=";       echo "mbedtls=$(dpkg-query -W -f='${Version}' libmbedtls-dev)";       echo "gxx=$(g++ -dumpfullversion)"; } > /out/BUILD_INFO;     cat /out/BUILD_INFO
#10 CACHED

#11 [build 3/7] WORKDIR /src
#11 CACHED

#12 [build 4/7] COPY engine/ engine/
#12 CACHED

#13 [stage-1 3/4] COPY --from=build /out/ /opt/des/bin/
#13 CACHED

#14 [stage-1 2/4] RUN apt-get update  && apt-get install -y --no-install-recommends iproute2  && rm -rf /var/lib/apt/lists/*  && useradd --system --no-create-home --shell /usr/sbin/nologin des
#14 CACHED

#15 [build 5/7] COPY src/ src/
#15 CACHED

#16 [build 2/7] RUN apt-get update  && apt-get install -y --no-install-recommends g++ libmbedtls-dev  && rm -rf /var/lib/apt/lists/*
#16 CACHED

#17 [stage-1 4/4] COPY --chmod=0755 docker/entrypoint.sh /usr/local/bin/des-entrypoint
#17 CACHED

#18 exporting to image
#18 exporting layers done
#18 exporting manifest sha256:94792729c2ab4843cf460e52b8b7f2602dbe849bc1090b3ad0e5134479d2f7e0 done
#18 exporting config sha256:62daab3f9dfd6c77ccef390eaa528cb12583253106259669082a13e098690cf4 done
#18 exporting attestation manifest sha256:5a9ce9a020a1ca7cb6dca216c7b248d69366ef2f5dbd874163505332e6acbccc 0.0s done
#18 exporting manifest list sha256:f95ed2a3fed5d1b94d3ecc16e1a26871aaa6cac938f7ee87be78a0bb62adb4c8 done
#18 naming to docker.io/library/docker-des:fms-2n-LMOD-r5-w0
#18 naming to docker.io/library/docker-des:fms-2n-LMOD-r5-w0 done
#18 unpacking to docker.io/library/docker-des:fms-2n-LMOD-r5-w0 0.0s done
#18 DONE 0.1s

#19 resolving provenance for metadata file
#19 DONE 0.0s
 Image docker-des:fms-2n-LMOD-r5-w0 Built 
== run: node1 node2
 Network docker-des_cell Creating 
 Network docker-des_cell Creating 
 Network docker-des_cell Created 
 Network docker-des_cell Created 
 Container docker-des-node2-1 Creating 
 Container docker-des-node1-1 Creating 
 Container docker-des-node2-1 Created 
 Container docker-des-node1-1 Created 
 Container docker-des-node2-1 Starting 
 Container docker-des-node1-1 Starting 
 Container docker-des-node2-1 Started 
 Container docker-des-node1-1 Started 
== collect -> results/20260927-144504-fms-2
# Execução `20260927-144504-fms-2`

- problema `fms`, família `LMOD`, **2 containers**, transporte `multicast`
- 5 ciclos × 44 passos = 220 passos; **220 executados**, 0 pulados
- impressão digital da configuração: `edbd7971`
- RTT de aplicação (nó 1, 20 sondas): média 3.71 ms, mín 2.27, máx 5.17
- resultado: **complete**

| nó | supervisores | saída | disparou (local/ctrl/unctrl) | aplicou p/ pares | decifrações (ciclo 1) | HE total ms | quadros tx/rx | retx | oráculo | halt |
|---|---|---|---|---|---|---|---|---|---|---|
| 1 | S0 S1 S2 S3 | 0 | 80/40/40 | 0 | 405 (85) | 220.8 | 148/229 | 0 | PASS | não |
| 2 | S4 S5 S6 | 0 | 60/0/0 | 80 | 393 (105) | 224.8 | 229/148 | 0 | PASS | não |
| **total** | | | | | **798 (190)** | 445.6 | 377/377 | 0 | | |

Fim de cada ciclo no relógio comum (o **último** nó a terminar), ms: 233.8, 372.9, 517.1, 647.3, 781.1

Tempo por passo: ciclo 1 **5.31 ms**; ciclos 2–5 **3.11 ms**

Verificação cruzada com o supervisor MONOLÍTICO: **off**

## Verificações

| verificação | esperado | obtido | |
|---|---|---|---|
| config fingerprint | edbd7971 | edbd7971 | ✅ |
| decryptions per node | 405 393 | 405 393 | ✅ |
| decryptions per node, cycle 1 | 85 105 | 85 105 | ✅ |
| outcome | complete | complete | ✅ |
| same fingerprint on every node | 1 | 1 | ✅ |
| oracle PASS on every node | True | True | ✅ |
| crypto self-test PASS on every node | True | True | ✅ |

**TODAS AS VERIFICAÇÕES PASSARAM**


################ fms-7-loss5-fast
== build (scenarios/fms-7-loss5-fast.env)
 Image docker-des:fms-7n-LMOD-r5-w0-loss5-fast Building 
#1 [internal] load local bake definitions
#1 reading from stdin 870B done
#1 DONE 0.0s

#2 [internal] load build definition from Dockerfile
#2 transferring dockerfile: 3.38kB done
#2 DONE 0.0s

#3 resolve image config for docker-image://docker.io/docker/dockerfile:1
#3 DONE 0.2s

#4 docker-image://docker.io/docker/dockerfile:1@sha256:ecfaec9ed6d810b56388c508f4121597bfbba70d41a6dfeee4d8cad5f295fc32
#4 resolve docker.io/docker/dockerfile:1@sha256:ecfaec9ed6d810b56388c508f4121597bfbba70d41a6dfeee4d8cad5f295fc32 0.0s done
#4 CACHED

#5 [internal] load metadata for docker.io/library/ubuntu:26.04
#5 DONE 0.4s

#6 [internal] load .dockerignore
#6 transferring context: 2B done
#6 DONE 0.0s

#7 [internal] load build context
#7 transferring context: 542B done
#7 DONE 0.0s

#8 [build 1/7] FROM docker.io/library/ubuntu:26.04@sha256:da6fc2be547864451aa253836dd926da33623312df4a9a243e35dc877c378a78
#8 resolve docker.io/library/ubuntu:26.04@sha256:da6fc2be547864451aa253836dd926da33623312df4a9a243e35dc877c378a78 0.0s done
#8 DONE 0.0s

#9 [build 2/7] RUN apt-get update  && apt-get install -y --no-install-recommends g++ libmbedtls-dev  && rm -rf /var/lib/apt/lists/*
#9 CACHED

#10 [build 3/7] WORKDIR /src
#10 CACHED

#11 [build 4/7] COPY engine/ engine/
#11 CACHED

#12 [build 5/7] COPY src/ src/
#12 CACHED

#13 [build 6/7] RUN cd engine && sha256sum -c --quiet SHA256SUMS
#13 CACHED

#14 [build 7/7] RUN set -eu; mkdir -p /out; pids="";     for id in $(seq 1 "7"); do       g++ -std=c++17 -O2 -Wall -Wextra -Iengine -Isrc           -DDES_DATA_HEADER=""supervisor_data_fms.h""           -DDES_NODE_ID="$id" -DDES_NUM_NODES="7"           -DDES_FAMILY="DES_FAMILY_LMOD"           -DDES_ROUNDS="5" -DDES_WORK_MS="0"           -DDES_SIMULATE_LOSS_PCT=5 -DDES_REQ_TIMEOUT_MS=100 -DDES_ACK_TIMEOUT_MS=100           -o "/out/des_node$id" src/des_container_main.cpp           -l:libmbedcrypto.a &       pids="$pids $!";     done;     for p in $pids; do wait "$p"; done;     { echo "DES_PROBLEM=fms"; echo "DES_NUM_NODES=7";       echo "DES_FAMILY=LMOD"; echo "DES_ROUNDS=5";       echo "DES_WORK_MS=0"; echo "DES_EXTRA_FLAGS=-DDES_SIMULATE_LOSS_PCT=5 -DDES_REQ_TIMEOUT_MS=100 -DDES_ACK_TIMEOUT_MS=100";       echo "mbedtls=$(dpkg-query -W -f='${Version}' libmbedtls-dev)";       echo "gxx=$(g++ -dumpfullversion)"; } > /out/BUILD_INFO;     cat /out/BUILD_INFO
#14 CACHED

#15 [stage-1 3/4] COPY --from=build /out/ /opt/des/bin/
#15 CACHED

#16 [stage-1 2/4] RUN apt-get update  && apt-get install -y --no-install-recommends iproute2  && rm -rf /var/lib/apt/lists/*  && useradd --system --no-create-home --shell /usr/sbin/nologin des
#16 CACHED

#17 [stage-1 4/4] COPY --chmod=0755 docker/entrypoint.sh /usr/local/bin/des-entrypoint
#17 CACHED

#18 exporting to image
#18 exporting layers done
#18 exporting manifest sha256:9185ec9060cb112049814bfe2d4e9fc1840b4575a891234d88a1cddc47fb08c0 done
#18 exporting config sha256:d18c5561d08c23f588592617baa662054ef48657f3c2270944a2b19d4ba57218 done
#18 exporting attestation manifest sha256:20403afbe397bef3bed6d3c3a69ec13f6d629f2f79bf91b5f6cb398643282bf0 done
#18 exporting manifest list sha256:5aae6bc589d9e6495321535f0f6fa8d96edbf19f28682f3010b5fa15fd751a6e done
#18 naming to docker.io/library/docker-des:fms-7n-LMOD-r5-w0-loss5-fast done
#18 unpacking to docker.io/library/docker-des:fms-7n-LMOD-r5-w0-loss5-fast
#18 unpacking to docker.io/library/docker-des:fms-7n-LMOD-r5-w0-loss5-fast 0.0s done
#18 DONE 0.1s

#19 resolving provenance for metadata file
#19 DONE 0.0s
 Image docker-des:fms-7n-LMOD-r5-w0-loss5-fast Built 
== run: node1 node2 node3 node4 node5 node6 node7
 Network docker-des_cell Creating 
 Network docker-des_cell Creating 
 Network docker-des_cell Created 
 Network docker-des_cell Created 
 Container docker-des-node7-1 Creating 
 Container docker-des-node5-1 Creating 
 Container docker-des-node2-1 Creating 
 Container docker-des-node6-1 Creating 
 Container docker-des-node1-1 Creating 
 Container docker-des-node4-1 Creating 
 Container docker-des-node3-1 Creating 
 Container docker-des-node7-1 Created 
 Container docker-des-node2-1 Created 
 Container docker-des-node3-1 Created 
 Container docker-des-node6-1 Created 
 Container docker-des-node1-1 Created 
 Container docker-des-node5-1 Created 
 Container docker-des-node4-1 Created 
 Container docker-des-node7-1 Starting 
 Container docker-des-node3-1 Starting 
 Container docker-des-node2-1 Starting 
 Container docker-des-node1-1 Starting 
 Container docker-des-node5-1 Starting 
 Container docker-des-node6-1 Starting 
 Container docker-des-node4-1 Starting 
 Container docker-des-node7-1 Started 
 Container docker-des-node3-1 Started 
 Container docker-des-node2-1 Started 
 Container docker-des-node1-1 Started 
 Container docker-des-node5-1 Started 
 Container docker-des-node6-1 Started 
 Container docker-des-node4-1 Started 
== collect -> results/20260927-144524-fms-7-loss5-fast
# Execução `20260927-144524-fms-7-loss5-fast`

- problema `fms`, família `LMOD`, **7 containers**, transporte `multicast`
- 5 ciclos × 44 passos = 220 passos; **220 executados**, 0 pulados
- impressão digital da configuração: `04511541`
- RTT de aplicação (nó 1, 13 sondas): média 4.64 ms, mín 3.04, máx 5.78
- resultado: **complete**

| nó | supervisores | saída | disparou (local/ctrl/unctrl) | aplicou p/ pares | decifrações (ciclo 1) | HE total ms | quadros tx/rx | retx | oráculo | halt |
|---|---|---|---|---|---|---|---|---|---|---|
| 1 | S0 | 0 | 20/40/40 | 0 | 101 (21) | 273.9 | 230/2113 | 68 | PASS | não |
| 2 | S1 | 0 | 20/0/0 | 80 | 101 (21) | 313.5 | 334/2019 | 0 | PASS | não |
| 3 | S2 | 0 | 20/0/0 | 80 | 100 (20) | 289.5 | 334/2027 | 0 | PASS | não |
| 4 | S3 | 0 | 20/0/0 | 80 | 103 (23) | 300.4 | 336/1955 | 0 | PASS | não |
| 5 | S4 | 0 | 0/20/10 | 80 | 114 (26) | 366.0 | 392/1942 | 13 | PASS | não |
| 6 | S5 | 0 | 0/0/0 | 110 | 129 (41) | 410.8 | 416/1898 | 0 | PASS | não |
| 7 | S6 | 0 | 30/0/0 | 110 | 150 (38) | 504.8 | 415/1951 | 0 | PASS | não |
| **total** | | | | | **798 (190)** | 2458.9 | 2457/13905 | 81 | | |

Fim de cada ciclo no relógio comum (o **último** nó a terminar), ms: 4454.1, 6283.2, 9254.6, 11529.7, 15297.4

Tempo por passo: ciclo 1 **101.23 ms**; ciclos 2–5 **61.61 ms**

Verificação cruzada com o supervisor MONOLÍTICO: **off**

## Verificações

| verificação | esperado | obtido | |
|---|---|---|---|
| decryptions, whole cell | 798 | 798 | ✅ |
| decryptions, whole cell, cycle 1 | 190 | 190 | ✅ |
| outcome | complete | complete | ✅ |
| same fingerprint on every node | 1 | 1 | ✅ |
| oracle PASS on every node | True | True | ✅ |
| crypto self-test PASS on every node | True | True | ✅ |

**TODAS AS VERIFICAÇÕES PASSARAM**


################ fms-7-loss5
== build (scenarios/fms-7-loss5.env)
 Image docker-des:fms-7n-LMOD-r5-w0-loss5 Building 
#1 [internal] load local bake definitions
#1 reading from stdin 815B done
#1 DONE 0.0s

#2 [internal] load build definition from Dockerfile
#2 transferring dockerfile: 3.38kB done
#2 DONE 0.0s

#3 resolve image config for docker-image://docker.io/docker/dockerfile:1
#3 DONE 0.5s

#4 docker-image://docker.io/docker/dockerfile:1@sha256:ecfaec9ed6d810b56388c508f4121597bfbba70d41a6dfeee4d8cad5f295fc32
#4 resolve docker.io/docker/dockerfile:1@sha256:ecfaec9ed6d810b56388c508f4121597bfbba70d41a6dfeee4d8cad5f295fc32 0.0s done
#4 CACHED

#5 [internal] load metadata for docker.io/library/ubuntu:26.04
#5 DONE 0.5s

#6 [internal] load .dockerignore
#6 transferring context: 2B done
#6 DONE 0.0s

#7 [internal] load build context
#7 transferring context: 542B done
#7 DONE 0.0s

#8 [build 1/7] FROM docker.io/library/ubuntu:26.04@sha256:da6fc2be547864451aa253836dd926da33623312df4a9a243e35dc877c378a78
#8 resolve docker.io/library/ubuntu:26.04@sha256:da6fc2be547864451aa253836dd926da33623312df4a9a243e35dc877c378a78 0.0s done
#8 DONE 0.0s

#9 [stage-1 3/4] COPY --from=build /out/ /opt/des/bin/
#9 CACHED

#10 [build 7/7] RUN set -eu; mkdir -p /out; pids="";     for id in $(seq 1 "7"); do       g++ -std=c++17 -O2 -Wall -Wextra -Iengine -Isrc           -DDES_DATA_HEADER=""supervisor_data_fms.h""           -DDES_NODE_ID="$id" -DDES_NUM_NODES="7"           -DDES_FAMILY="DES_FAMILY_LMOD"           -DDES_ROUNDS="5" -DDES_WORK_MS="0"           -DDES_SIMULATE_LOSS_PCT=5           -o "/out/des_node$id" src/des_container_main.cpp           -l:libmbedcrypto.a &       pids="$pids $!";     done;     for p in $pids; do wait "$p"; done;     { echo "DES_PROBLEM=fms"; echo "DES_NUM_NODES=7";       echo "DES_FAMILY=LMOD"; echo "DES_ROUNDS=5";       echo "DES_WORK_MS=0"; echo "DES_EXTRA_FLAGS=-DDES_SIMULATE_LOSS_PCT=5";       echo "mbedtls=$(dpkg-query -W -f='${Version}' libmbedtls-dev)";       echo "gxx=$(g++ -dumpfullversion)"; } > /out/BUILD_INFO;     cat /out/BUILD_INFO
#10 CACHED

#11 [stage-1 2/4] RUN apt-get update  && apt-get install -y --no-install-recommends iproute2  && rm -rf /var/lib/apt/lists/*  && useradd --system --no-create-home --shell /usr/sbin/nologin des
#11 CACHED

#12 [build 2/7] RUN apt-get update  && apt-get install -y --no-install-recommends g++ libmbedtls-dev  && rm -rf /var/lib/apt/lists/*
#12 CACHED

#13 [build 3/7] WORKDIR /src
#13 CACHED

#14 [build 4/7] COPY engine/ engine/
#14 CACHED

#15 [build 6/7] RUN cd engine && sha256sum -c --quiet SHA256SUMS
#15 CACHED

#16 [build 5/7] COPY src/ src/
#16 CACHED

#17 [stage-1 4/4] COPY --chmod=0755 docker/entrypoint.sh /usr/local/bin/des-entrypoint
#17 CACHED

#18 exporting to image
#18 exporting layers
#18 exporting layers done
#18 exporting manifest sha256:ad2cb982a1dd3c6db9f45837a5f494ac1b9064ec98cace3858badfb2ab635190 done
#18 exporting config sha256:8ec489d3eb2a63f518a2aa0847cc3f078ee5ef4f59363c1e7c0506d5dfc38aec done
#18 exporting attestation manifest sha256:db7256991c6e14fd03c7d6039fa8959191804ba6ab06eea8347412bf248ec615 0.0s done
#18 exporting manifest list sha256:8ec50e0ad73e8ddc20d5de6fc3a1772551874184912c9b3891d3244c81052461 0.0s done
#18 naming to docker.io/library/docker-des:fms-7n-LMOD-r5-w0-loss5 done
#18 unpacking to docker.io/library/docker-des:fms-7n-LMOD-r5-w0-loss5 0.0s done
#18 DONE 0.1s

#19 resolving provenance for metadata file
#19 DONE 0.0s
 Image docker-des:fms-7n-LMOD-r5-w0-loss5 Built 
== run: node1 node2 node3 node4 node5 node6 node7
 Network docker-des_cell Creating 
 Network docker-des_cell Creating 
 Network docker-des_cell Created 
 Network docker-des_cell Created 
 Container docker-des-node7-1 Creating 
 Container docker-des-node1-1 Creating 
 Container docker-des-node5-1 Creating 
 Container docker-des-node6-1 Creating 
 Container docker-des-node4-1 Creating 
 Container docker-des-node2-1 Creating 
 Container docker-des-node3-1 Creating 
 Container docker-des-node7-1 Created 
 Container docker-des-node6-1 Created 
 Container docker-des-node1-1 Created 
 Container docker-des-node4-1 Created 
 Container docker-des-node5-1 Created 
 Container docker-des-node2-1 Created 
 Container docker-des-node3-1 Created 
 Container docker-des-node5-1 Starting 
 Container docker-des-node1-1 Starting 
 Container docker-des-node3-1 Starting 
 Container docker-des-node7-1 Starting 
 Container docker-des-node4-1 Starting 
 Container docker-des-node6-1 Starting 
 Container docker-des-node2-1 Starting 
 Container docker-des-node5-1 Started 
 Container docker-des-node1-1 Started 
 Container docker-des-node3-1 Started 
 Container docker-des-node7-1 Started 
 Container docker-des-node4-1 Started 
 Container docker-des-node6-1 Started 
 Container docker-des-node2-1 Started 
== collect -> results/20260927-144616-fms-7-loss5
# Execução `20260927-144616-fms-7-loss5`

- problema `fms`, família `LMOD`, **7 containers**, transporte `multicast`
- 5 ciclos × 44 passos = 220 passos; **220 executados**, 0 pulados
- impressão digital da configuração: `04511541`
- RTT de aplicação (nó 1, 11 sondas): média 4.03 ms, mín 2.65, máx 5.24
- resultado: **complete**

| nó | supervisores | saída | disparou (local/ctrl/unctrl) | aplicou p/ pares | decifrações (ciclo 1) | HE total ms | quadros tx/rx | retx | oráculo | halt |
|---|---|---|---|---|---|---|---|---|---|---|
| 1 | S0 | 0 | 20/40/40 | 0 | 101 (21) | 292.4 | 219/3846 | 56 | PASS | não |
| 2 | S1 | 0 | 20/0/0 | 80 | 101 (21) | 319.6 | 643/3368 | 0 | PASS | não |
| 3 | S2 | 0 | 20/0/0 | 80 | 100 (20) | 302.4 | 653/3426 | 0 | PASS | não |
| 4 | S3 | 0 | 20/0/0 | 80 | 103 (23) | 326.5 | 647/3418 | 0 | PASS | não |
| 5 | S4 | 0 | 0/20/10 | 80 | 114 (26) | 343.0 | 648/3438 | 9 | PASS | não |
| 6 | S5 | 0 | 0/0/0 | 110 | 129 (41) | 389.4 | 730/3310 | 0 | PASS | não |
| 7 | S6 | 0 | 30/0/0 | 110 | 150 (38) | 470.6 | 726/3348 | 0 | PASS | não |
| **total** | | | | | **798 (190)** | 2443.9 | 4266/24154 | 65 | | |

Fim de cada ciclo no relógio comum (o **último** nó a terminar), ms: 20126.2, 39228.3, 61655.0, 90949.2, 117927.6

Tempo por passo: ciclo 1 **457.41 ms**; ciclos 2–5 **555.69 ms**

Verificação cruzada com o supervisor MONOLÍTICO: **off**

## Verificações

| verificação | esperado | obtido | |
|---|---|---|---|
| decryptions, whole cell | 798 | 798 | ✅ |
| decryptions, whole cell, cycle 1 | 190 | 190 | ✅ |
| outcome | complete | complete | ✅ |
| same fingerprint on every node | 1 | 1 | ✅ |
| oracle PASS on every node | True | True | ✅ |
| crypto self-test PASS on every node | True | True | ✅ |

**TODAS AS VERIFICAÇÕES PASSARAM**


################ fms-7-unicast
== build (scenarios/fms-7-unicast.env)
 Image docker-des:fms-7n-LMOD-r5-w0 Building 
#1 [internal] load local bake definitions
#1 reading from stdin 784B done
#1 DONE 0.0s

#2 [internal] load build definition from Dockerfile
#2 transferring dockerfile: 3.38kB done
#2 DONE 0.0s

#3 resolve image config for docker-image://docker.io/docker/dockerfile:1
#3 DONE 0.8s

#4 docker-image://docker.io/docker/dockerfile:1@sha256:ecfaec9ed6d810b56388c508f4121597bfbba70d41a6dfeee4d8cad5f295fc32
#4 resolve docker.io/docker/dockerfile:1@sha256:ecfaec9ed6d810b56388c508f4121597bfbba70d41a6dfeee4d8cad5f295fc32 0.0s done
#4 CACHED

#5 [internal] load metadata for docker.io/library/ubuntu:26.04
#5 DONE 0.7s

#6 [internal] load .dockerignore
#6 transferring context: 2B done
#6 DONE 0.0s

#7 [internal] load build context
#7 transferring context: 542B done
#7 DONE 0.0s

#8 [build 1/7] FROM docker.io/library/ubuntu:26.04@sha256:da6fc2be547864451aa253836dd926da33623312df4a9a243e35dc877c378a78
#8 resolve docker.io/library/ubuntu:26.04@sha256:da6fc2be547864451aa253836dd926da33623312df4a9a243e35dc877c378a78 0.0s done
#8 DONE 0.0s

#9 [build 2/7] RUN apt-get update  && apt-get install -y --no-install-recommends g++ libmbedtls-dev  && rm -rf /var/lib/apt/lists/*
#9 CACHED

#10 [build 6/7] RUN cd engine && sha256sum -c --quiet SHA256SUMS
#10 CACHED

#11 [stage-1 2/4] RUN apt-get update  && apt-get install -y --no-install-recommends iproute2  && rm -rf /var/lib/apt/lists/*  && useradd --system --no-create-home --shell /usr/sbin/nologin des
#11 CACHED

#12 [stage-1 3/4] COPY --from=build /out/ /opt/des/bin/
#12 CACHED

#13 [build 4/7] COPY engine/ engine/
#13 CACHED

#14 [build 7/7] RUN set -eu; mkdir -p /out; pids="";     for id in $(seq 1 "7"); do       g++ -std=c++17 -O2 -Wall -Wextra -Iengine -Isrc           -DDES_DATA_HEADER=""supervisor_data_fms.h""           -DDES_NODE_ID="$id" -DDES_NUM_NODES="7"           -DDES_FAMILY="DES_FAMILY_LMOD"           -DDES_ROUNDS="5" -DDES_WORK_MS="0"                      -o "/out/des_node$id" src/des_container_main.cpp           -l:libmbedcrypto.a &       pids="$pids $!";     done;     for p in $pids; do wait "$p"; done;     { echo "DES_PROBLEM=fms"; echo "DES_NUM_NODES=7";       echo "DES_FAMILY=LMOD"; echo "DES_ROUNDS=5";       echo "DES_WORK_MS=0"; echo "DES_EXTRA_FLAGS=";       echo "mbedtls=$(dpkg-query -W -f='${Version}' libmbedtls-dev)";       echo "gxx=$(g++ -dumpfullversion)"; } > /out/BUILD_INFO;     cat /out/BUILD_INFO
#14 CACHED

#15 [build 3/7] WORKDIR /src
#15 CACHED

#16 [build 5/7] COPY src/ src/
#16 CACHED

#17 [stage-1 4/4] COPY --chmod=0755 docker/entrypoint.sh /usr/local/bin/des-entrypoint
#17 CACHED

#18 exporting to image
#18 exporting layers done
#18 exporting manifest sha256:bc5ff42da8862e0684e66114effb8d6a4ec04a9f26c23963746612c6cce46d29 done
#18 exporting config sha256:b21c6c2e6e7c8dd6ea2d39fc4e7ca4deef63bef3185537dd964e99948224a278 done
#18 exporting attestation manifest sha256:3d52be6ca267df132466bbdb7c5ad6b6c6954afe4980292a8c48b7a8a8955ecd done
#18 exporting manifest list sha256:edc55e4cc7c84ed2f64b874f0cfae61d617c5cf8a526b2454b587663ccbc8ced 12.1s done
#18 naming to docker.io/library/docker-des:fms-7n-LMOD-r5-w0 done
#18 unpacking to docker.io/library/docker-des:fms-7n-LMOD-r5-w0 done
#18 DONE 12.1s

#19 resolving provenance for metadata file
#19 DONE 0.0s
 Image docker-des:fms-7n-LMOD-r5-w0 Built 
== run: node1 node2 node3 node4 node5 node6 node7
 Network docker-des_cell Creating 
 Network docker-des_cell Creating 
 Network docker-des_cell Created 
 Network docker-des_cell Created 
 Container docker-des-node7-1 Creating 
 Container docker-des-node5-1 Creating 
 Container docker-des-node1-1 Creating 
 Container docker-des-node4-1 Creating 
 Container docker-des-node2-1 Creating 
 Container docker-des-node6-1 Creating 
 Container docker-des-node3-1 Creating 
 Container docker-des-node7-1 Created 
 Container docker-des-node2-1 Created 
 Container docker-des-node3-1 Created 
 Container docker-des-node5-1 Created 
 Container docker-des-node6-1 Created 
 Container docker-des-node4-1 Created 
 Container docker-des-node1-1 Created 
 Container docker-des-node4-1 Starting 
 Container docker-des-node7-1 Starting 
 Container docker-des-node6-1 Starting 
 Container docker-des-node5-1 Starting 
 Container docker-des-node2-1 Starting 
 Container docker-des-node3-1 Starting 
 Container docker-des-node1-1 Starting 
 Container docker-des-node4-1 Started 
 Container docker-des-node7-1 Started 
 Container docker-des-node6-1 Started 
 Container docker-des-node5-1 Started 
 Container docker-des-node2-1 Started 
 Container docker-des-node3-1 Started 
 Container docker-des-node1-1 Started 
== collect -> results/20260927-144826-fms-7-unicast
# Execução `20260927-144826-fms-7-unicast`

- problema `fms`, família `LMOD`, **7 containers**, transporte `unicast`
- 5 ciclos × 44 passos = 220 passos; **220 executados**, 0 pulados
- impressão digital da configuração: `04511541`
- RTT de aplicação (nó 1, 20 sondas): média 4.89 ms, mín 4.52, máx 5.48
- resultado: **complete**

| nó | supervisores | saída | disparou (local/ctrl/unctrl) | aplicou p/ pares | decifrações (ciclo 1) | HE total ms | quadros tx/rx | retx | oráculo | halt |
|---|---|---|---|---|---|---|---|---|---|---|
| 1 | S0 | 0 | 20/40/40 | 0 | 101 (21) | 98.2 | 160/1601 | 0 | PASS | não |
| 2 | S1 | 0 | 20/0/0 | 80 | 101 (21) | 105.3 | 244/1574 | 0 | PASS | não |
| 3 | S2 | 0 | 20/0/0 | 80 | 100 (20) | 93.3 | 243/1538 | 0 | PASS | não |
| 4 | S3 | 0 | 20/0/0 | 80 | 103 (23) | 101.6 | 249/1600 | 0 | PASS | não |
| 5 | S4 | 0 | 0/20/10 | 80 | 114 (26) | 118.5 | 296/1528 | 0 | PASS | não |
| 6 | S5 | 0 | 0/0/0 | 110 | 129 (41) | 137.9 | 328/1506 | 0 | PASS | não |
| 7 | S6 | 0 | 30/0/0 | 110 | 150 (38) | 179.9 | 329/1520 | 0 | PASS | não |
| **total** | | | | | **798 (190)** | 834.7 | 1849/10867 | 0 | | |

Fim de cada ciclo no relógio comum (o **último** nó a terminar), ms: 282.3, 477.3, 663.4, 854.6, 1044.7

Tempo por passo: ciclo 1 **6.42 ms**; ciclos 2–5 **4.33 ms**

Verificação cruzada com o supervisor MONOLÍTICO: **off**

## Verificações

| verificação | esperado | obtido | |
|---|---|---|---|
| decryptions, whole cell | 798 | 798 | ✅ |
| decryptions, whole cell, cycle 1 | 190 | 190 | ✅ |
| outcome | complete | complete | ✅ |
| same fingerprint on every node | 1 | 1 | ✅ |
| oracle PASS on every node | True | True | ✅ |
| crypto self-test PASS on every node | True | True | ✅ |

**TODAS AS VERIFICAÇÕES PASSARAM**


################ fms-7-wifi
== build (scenarios/fms-7-wifi.env)
 Image docker-des:fms-7n-LMOD-r5-w0 Building 
#1 [internal] load local bake definitions
#1 reading from stdin 784B done
#1 DONE 0.0s

#2 [internal] load build definition from Dockerfile
#2 transferring dockerfile: 3.38kB done
#2 DONE 0.0s

#3 resolve image config for docker-image://docker.io/docker/dockerfile:1
#3 DONE 0.3s

#4 docker-image://docker.io/docker/dockerfile:1@sha256:ecfaec9ed6d810b56388c508f4121597bfbba70d41a6dfeee4d8cad5f295fc32
#4 resolve docker.io/docker/dockerfile:1@sha256:ecfaec9ed6d810b56388c508f4121597bfbba70d41a6dfeee4d8cad5f295fc32 0.0s done
#4 CACHED

#5 [internal] load metadata for docker.io/library/ubuntu:26.04
#5 DONE 0.2s

#6 [internal] load .dockerignore
#6 transferring context: 2B done
#6 DONE 0.0s

#7 [internal] load build context
#7 transferring context: 542B done
#7 DONE 0.0s

#8 [build 1/7] FROM docker.io/library/ubuntu:26.04@sha256:da6fc2be547864451aa253836dd926da33623312df4a9a243e35dc877c378a78
#8 resolve docker.io/library/ubuntu:26.04@sha256:da6fc2be547864451aa253836dd926da33623312df4a9a243e35dc877c378a78 0.0s done
#8 DONE 0.0s

#9 [build 4/7] COPY engine/ engine/
#9 CACHED

#10 [build 6/7] RUN cd engine && sha256sum -c --quiet SHA256SUMS
#10 CACHED

#11 [stage-1 3/4] COPY --from=build /out/ /opt/des/bin/
#11 CACHED

#12 [build 3/7] WORKDIR /src
#12 CACHED

#13 [build 5/7] COPY src/ src/
#13 CACHED

#14 [stage-1 2/4] RUN apt-get update  && apt-get install -y --no-install-recommends iproute2  && rm -rf /var/lib/apt/lists/*  && useradd --system --no-create-home --shell /usr/sbin/nologin des
#14 CACHED

#15 [build 2/7] RUN apt-get update  && apt-get install -y --no-install-recommends g++ libmbedtls-dev  && rm -rf /var/lib/apt/lists/*
#15 CACHED

#16 [build 7/7] RUN set -eu; mkdir -p /out; pids="";     for id in $(seq 1 "7"); do       g++ -std=c++17 -O2 -Wall -Wextra -Iengine -Isrc           -DDES_DATA_HEADER=""supervisor_data_fms.h""           -DDES_NODE_ID="$id" -DDES_NUM_NODES="7"           -DDES_FAMILY="DES_FAMILY_LMOD"           -DDES_ROUNDS="5" -DDES_WORK_MS="0"                      -o "/out/des_node$id" src/des_container_main.cpp           -l:libmbedcrypto.a &       pids="$pids $!";     done;     for p in $pids; do wait "$p"; done;     { echo "DES_PROBLEM=fms"; echo "DES_NUM_NODES=7";       echo "DES_FAMILY=LMOD"; echo "DES_ROUNDS=5";       echo "DES_WORK_MS=0"; echo "DES_EXTRA_FLAGS=";       echo "mbedtls=$(dpkg-query -W -f='${Version}' libmbedtls-dev)";       echo "gxx=$(g++ -dumpfullversion)"; } > /out/BUILD_INFO;     cat /out/BUILD_INFO
#16 CACHED

#17 [stage-1 4/4] COPY --chmod=0755 docker/entrypoint.sh /usr/local/bin/des-entrypoint
#17 CACHED

#18 exporting to image
#18 exporting layers done
#18 exporting manifest sha256:bc5ff42da8862e0684e66114effb8d6a4ec04a9f26c23963746612c6cce46d29 done
#18 exporting config sha256:b21c6c2e6e7c8dd6ea2d39fc4e7ca4deef63bef3185537dd964e99948224a278 done
#18 exporting attestation manifest sha256:e965e88edbfbd9ecb5e04a6187e8dfdae28ad9e33222e8a6b790a88711473203 done
#18 exporting manifest list sha256:6dfd7c73b0e163e58accbacff526dba10e1bb555f100c31ec7f59b67c913d1d1 done
#18 naming to docker.io/library/docker-des:fms-7n-LMOD-r5-w0 done
#18 unpacking to docker.io/library/docker-des:fms-7n-LMOD-r5-w0
#18 unpacking to docker.io/library/docker-des:fms-7n-LMOD-r5-w0 0.0s done
#18 DONE 0.1s

#19 resolving provenance for metadata file
#19 DONE 0.0s
 Image docker-des:fms-7n-LMOD-r5-w0 Built 
== run: node1 node2 node3 node4 node5 node6 node7
 Network docker-des_cell Creating 
 Network docker-des_cell Creating 
 Network docker-des_cell Created 
 Network docker-des_cell Created 
 Container docker-des-node7-1 Creating 
 Container docker-des-node1-1 Creating 
 Container docker-des-node5-1 Creating 
 Container docker-des-node3-1 Creating 
 Container docker-des-node4-1 Creating 
 Container docker-des-node6-1 Creating 
 Container docker-des-node2-1 Creating 
 Container docker-des-node4-1 Created 
 Container docker-des-node6-1 Created 
 Container docker-des-node7-1 Created 
 Container docker-des-node1-1 Created 
 Container docker-des-node5-1 Created 
 Container docker-des-node2-1 Created 
 Container docker-des-node3-1 Created 
 Container docker-des-node3-1 Starting 
 Container docker-des-node6-1 Starting 
 Container docker-des-node4-1 Starting 
 Container docker-des-node5-1 Starting 
 Container docker-des-node2-1 Starting 
 Container docker-des-node7-1 Starting 
 Container docker-des-node1-1 Starting 
 Container docker-des-node3-1 Started 
 Container docker-des-node6-1 Started 
 Container docker-des-node4-1 Started 
 Container docker-des-node5-1 Started 
 Container docker-des-node2-1 Started 
 Container docker-des-node7-1 Started 
 Container docker-des-node1-1 Started 
== collect -> results/20260927-144851-fms-7-wifi
# Execução `20260927-144851-fms-7-wifi`

- problema `fms`, família `LMOD`, **7 containers**, transporte `multicast`, netem `delay 7ms 3ms loss 1%`
- 5 ciclos × 44 passos = 220 passos; **220 executados**, 0 pulados
- impressão digital da configuração: `04511541`
- RTT de aplicação (nó 1, 20 sondas): média 20.16 ms, mín 17.76, máx 24.66
- resultado: **complete**

| nó | supervisores | saída | disparou (local/ctrl/unctrl) | aplicou p/ pares | decifrações (ciclo 1) | HE total ms | quadros tx/rx | retx | oráculo | halt |
|---|---|---|---|---|---|---|---|---|---|---|
| 1 | S0 | 0 | 20/40/40 | 0 | 101 (21) | 234.2 | 174/2330 | 16 | PASS | não |
| 2 | S1 | 0 | 20/0/0 | 80 | 101 (21) | 327.4 | 370/2164 | 0 | PASS | não |
| 3 | S2 | 0 | 20/0/0 | 80 | 100 (20) | 321.2 | 373/2190 | 0 | PASS | não |
| 4 | S3 | 0 | 20/0/0 | 80 | 103 (23) | 343.6 | 371/2183 | 0 | PASS | não |
| 5 | S4 | 0 | 0/20/10 | 80 | 114 (26) | 345.9 | 388/2159 | 8 | PASS | não |
| 6 | S5 | 0 | 0/0/0 | 110 | 129 (41) | 418.3 | 455/2109 | 0 | PASS | não |
| 7 | S6 | 0 | 30/0/0 | 110 | 150 (38) | 482.1 | 452/2057 | 0 | PASS | não |
| **total** | | | | | **798 (190)** | 2472.7 | 2583/15192 | 24 | | |

Fim de cada ciclo no relógio comum (o **último** nó a terminar), ms: 10177.9, 16045.8, 20179.9, 33010.2, 39790.4

Tempo por passo: ciclo 1 **231.32 ms**; ciclos 2–5 **168.25 ms**

Verificação cruzada com o supervisor MONOLÍTICO: **off**

## Verificações

| verificação | esperado | obtido | |
|---|---|---|---|
| decryptions, whole cell | 798 | 798 | ✅ |
| decryptions, whole cell, cycle 1 | 190 | 190 | ✅ |
| outcome | complete | complete | ✅ |
| same fingerprint on every node | 1 | 1 | ✅ |
| oracle PASS on every node | True | True | ✅ |
| crypto self-test PASS on every node | True | True | ✅ |

**TODAS AS VERIFICAÇÕES PASSARAM**


################ fms-7
== build (scenarios/fms-7.env)
 Image docker-des:fms-7n-LMOD-r5-w0 Building 
#1 [internal] load local bake definitions
#1 reading from stdin 784B done
#1 DONE 0.0s

#2 [internal] load build definition from Dockerfile
#2 transferring dockerfile: 3.38kB done
#2 DONE 0.0s

#3 resolve image config for docker-image://docker.io/docker/dockerfile:1
#3 DONE 0.6s

#4 docker-image://docker.io/docker/dockerfile:1@sha256:ecfaec9ed6d810b56388c508f4121597bfbba70d41a6dfeee4d8cad5f295fc32
#4 resolve docker.io/docker/dockerfile:1@sha256:ecfaec9ed6d810b56388c508f4121597bfbba70d41a6dfeee4d8cad5f295fc32 0.0s done
#4 CACHED

#5 [internal] load metadata for docker.io/library/ubuntu:26.04
#5 DONE 0.6s

#6 [internal] load .dockerignore
#6 transferring context: 2B done
#6 DONE 0.0s

#7 [internal] load build context
#7 transferring context: 542B done
#7 DONE 0.0s

#8 [build 1/7] FROM docker.io/library/ubuntu:26.04@sha256:da6fc2be547864451aa253836dd926da33623312df4a9a243e35dc877c378a78
#8 resolve docker.io/library/ubuntu:26.04@sha256:da6fc2be547864451aa253836dd926da33623312df4a9a243e35dc877c378a78 0.0s done
#8 DONE 0.0s

#9 [build 3/7] WORKDIR /src
#9 CACHED

#10 [build 5/7] COPY src/ src/
#10 CACHED

#11 [build 6/7] RUN cd engine && sha256sum -c --quiet SHA256SUMS
#11 CACHED

#12 [build 7/7] RUN set -eu; mkdir -p /out; pids="";     for id in $(seq 1 "7"); do       g++ -std=c++17 -O2 -Wall -Wextra -Iengine -Isrc           -DDES_DATA_HEADER=""supervisor_data_fms.h""           -DDES_NODE_ID="$id" -DDES_NUM_NODES="7"           -DDES_FAMILY="DES_FAMILY_LMOD"           -DDES_ROUNDS="5" -DDES_WORK_MS="0"                      -o "/out/des_node$id" src/des_container_main.cpp           -l:libmbedcrypto.a &       pids="$pids $!";     done;     for p in $pids; do wait "$p"; done;     { echo "DES_PROBLEM=fms"; echo "DES_NUM_NODES=7";       echo "DES_FAMILY=LMOD"; echo "DES_ROUNDS=5";       echo "DES_WORK_MS=0"; echo "DES_EXTRA_FLAGS=";       echo "mbedtls=$(dpkg-query -W -f='${Version}' libmbedtls-dev)";       echo "gxx=$(g++ -dumpfullversion)"; } > /out/BUILD_INFO;     cat /out/BUILD_INFO
#12 CACHED

#13 [build 4/7] COPY engine/ engine/
#13 CACHED

#14 [stage-1 3/4] COPY --from=build /out/ /opt/des/bin/
#14 CACHED

#15 [stage-1 2/4] RUN apt-get update  && apt-get install -y --no-install-recommends iproute2  && rm -rf /var/lib/apt/lists/*  && useradd --system --no-create-home --shell /usr/sbin/nologin des
#15 CACHED

#16 [build 2/7] RUN apt-get update  && apt-get install -y --no-install-recommends g++ libmbedtls-dev  && rm -rf /var/lib/apt/lists/*
#16 CACHED

#17 [stage-1 4/4] COPY --chmod=0755 docker/entrypoint.sh /usr/local/bin/des-entrypoint
#17 CACHED

#18 exporting to image
#18 exporting layers done
#18 exporting manifest sha256:bc5ff42da8862e0684e66114effb8d6a4ec04a9f26c23963746612c6cce46d29 done
#18 exporting config sha256:b21c6c2e6e7c8dd6ea2d39fc4e7ca4deef63bef3185537dd964e99948224a278 done
#18 exporting attestation manifest sha256:998905ce4d84db5f877a1a18ac7d0e72ba12bcefb7219188657bd40f8cd516f9 done
#18 exporting manifest list sha256:cfb715f61a24a4070bcb5dc83eb15203b6716d8674f0d026256accd1c54574a1 done
#18 naming to docker.io/library/docker-des:fms-7n-LMOD-r5-w0 done
#18 unpacking to docker.io/library/docker-des:fms-7n-LMOD-r5-w0 done
#18 DONE 0.1s

#19 resolving provenance for metadata file
#19 DONE 0.0s
 Image docker-des:fms-7n-LMOD-r5-w0 Built 
== run: node1 node2 node3 node4 node5 node6 node7
 Network docker-des_cell Creating 
 Network docker-des_cell Creating 
 Network docker-des_cell Created 
 Network docker-des_cell Created 
 Container docker-des-node7-1 Creating 
 Container docker-des-node1-1 Creating 
 Container docker-des-node2-1 Creating 
 Container docker-des-node3-1 Creating 
 Container docker-des-node4-1 Creating 
 Container docker-des-node6-1 Creating 
 Container docker-des-node5-1 Creating 
 Container docker-des-node1-1 Created 
 Container docker-des-node5-1 Created 
 Container docker-des-node2-1 Created 
 Container docker-des-node3-1 Created 
 Container docker-des-node6-1 Created 
 Container docker-des-node7-1 Created 
 Container docker-des-node4-1 Created 
 Container docker-des-node6-1 Starting 
 Container docker-des-node2-1 Starting 
 Container docker-des-node1-1 Starting 
 Container docker-des-node7-1 Starting 
 Container docker-des-node5-1 Starting 
 Container docker-des-node3-1 Starting 
 Container docker-des-node4-1 Starting 
 Container docker-des-node6-1 Started 
 Container docker-des-node2-1 Started 
 Container docker-des-node1-1 Started 
 Container docker-des-node7-1 Started 
 Container docker-des-node5-1 Started 
 Container docker-des-node3-1 Started 
 Container docker-des-node4-1 Started 
== collect -> results/20260927-144952-fms-7
# Execução `20260927-144952-fms-7`

- problema `fms`, família `LMOD`, **7 containers**, transporte `multicast`
- 5 ciclos × 44 passos = 220 passos; **220 executados**, 0 pulados
- impressão digital da configuração: `04511541`
- RTT de aplicação (nó 1, 20 sondas): média 4.16 ms, mín 2.66, máx 5.87
- resultado: **complete**

| nó | supervisores | saída | disparou (local/ctrl/unctrl) | aplicou p/ pares | decifrações (ciclo 1) | HE total ms | quadros tx/rx | retx | oráculo | halt |
|---|---|---|---|---|---|---|---|---|---|---|
| 1 | S0 | 0 | 20/40/40 | 0 | 101 (21) | 79.3 | 161/1649 | 0 | PASS | não |
| 2 | S1 | 0 | 20/0/0 | 80 | 101 (21) | 88.3 | 243/1573 | 0 | PASS | não |
| 3 | S2 | 0 | 20/0/0 | 80 | 100 (20) | 82.3 | 240/1527 | 0 | PASS | não |
| 4 | S3 | 0 | 20/0/0 | 80 | 103 (23) | 92.5 | 239/1503 | 0 | PASS | não |
| 5 | S4 | 0 | 0/20/10 | 80 | 114 (26) | 100.7 | 290/1507 | 0 | PASS | não |
| 6 | S5 | 0 | 0/0/0 | 110 | 129 (41) | 107.9 | 323/1494 | 0 | PASS | não |
| 7 | S6 | 0 | 30/0/0 | 110 | 150 (38) | 146.8 | 321/1481 | 0 | PASS | não |
| **total** | | | | | **798 (190)** | 697.8 | 1817/10734 | 0 | | |

Fim de cada ciclo no relógio comum (o **último** nó a terminar), ms: 251.7, 442.9, 632.8, 823.2, 1019.7

Tempo por passo: ciclo 1 **5.72 ms**; ciclos 2–5 **4.36 ms**

Verificação cruzada com o supervisor MONOLÍTICO: **off**

## Verificações

| verificação | esperado | obtido | |
|---|---|---|---|
| decryptions, whole cell | 798 | 798 | ✅ |
| decryptions, whole cell, cycle 1 | 190 | 190 | ✅ |
| outcome | complete | complete | ✅ |
| same fingerprint on every node | 1 | 1 | ✅ |
| oracle PASS on every node | True | True | ✅ |
| crypto self-test PASS on every node | True | True | ✅ |

**TODAS AS VERIFICAÇÕES PASSARAM**


================ verdicts
  esf-2-lockstep         PASS
  fms-1                  PASS
  fms-2-loss30           PASS
  fms-2                  PASS
  fms-7-loss5-fast       PASS
  fms-7-loss5            PASS
  fms-7-unicast          PASS
  fms-7-wifi             PASS
  fms-7                  PASS
######## REPETIÇÃO 3/5

################ esf-2-lockstep
== build (scenarios/esf-2-lockstep.env)
 Image docker-des:extended_small_factory-2n-LMOD-r5-w0-lockstep Building 
#1 [internal] load local bake definitions
#1 reading from stdin 853B done
#1 DONE 0.0s

#2 [internal] load build definition from Dockerfile
#2 transferring dockerfile: 3.38kB done
#2 DONE 0.0s

#3 resolve image config for docker-image://docker.io/docker/dockerfile:1
#3 DONE 0.2s

#4 docker-image://docker.io/docker/dockerfile:1@sha256:ecfaec9ed6d810b56388c508f4121597bfbba70d41a6dfeee4d8cad5f295fc32
#4 resolve docker.io/docker/dockerfile:1@sha256:ecfaec9ed6d810b56388c508f4121597bfbba70d41a6dfeee4d8cad5f295fc32 0.0s done
#4 CACHED

#5 [internal] load metadata for docker.io/library/ubuntu:26.04
#5 DONE 0.2s

#6 [internal] load .dockerignore
#6 transferring context: 2B done
#6 DONE 0.0s

#7 [internal] load build context
#7 transferring context: 542B done
#7 DONE 0.0s

#8 [build 1/7] FROM docker.io/library/ubuntu:26.04@sha256:da6fc2be547864451aa253836dd926da33623312df4a9a243e35dc877c378a78
#8 resolve docker.io/library/ubuntu:26.04@sha256:da6fc2be547864451aa253836dd926da33623312df4a9a243e35dc877c378a78 0.0s done
#8 DONE 0.0s

#9 [stage-1 3/4] COPY --from=build /out/ /opt/des/bin/
#9 CACHED

#10 [stage-1 2/4] RUN apt-get update  && apt-get install -y --no-install-recommends iproute2  && rm -rf /var/lib/apt/lists/*  && useradd --system --no-create-home --shell /usr/sbin/nologin des
#10 CACHED

#11 [build 5/7] COPY src/ src/
#11 CACHED

#12 [build 4/7] COPY engine/ engine/
#12 CACHED

#13 [build 6/7] RUN cd engine && sha256sum -c --quiet SHA256SUMS
#13 CACHED

#14 [build 3/7] WORKDIR /src
#14 CACHED

#15 [build 2/7] RUN apt-get update  && apt-get install -y --no-install-recommends g++ libmbedtls-dev  && rm -rf /var/lib/apt/lists/*
#15 CACHED

#16 [build 7/7] RUN set -eu; mkdir -p /out; pids="";     for id in $(seq 1 "2"); do       g++ -std=c++17 -O2 -Wall -Wextra -Iengine -Isrc           -DDES_DATA_HEADER=""supervisor_data_extended_small_factory.h""           -DDES_NODE_ID="$id" -DDES_NUM_NODES="2"           -DDES_FAMILY="DES_FAMILY_LMOD"           -DDES_ROUNDS="5" -DDES_WORK_MS="0"           -DDES_BENCH_LOCKSTEP=1           -o "/out/des_node$id" src/des_container_main.cpp           -l:libmbedcrypto.a &       pids="$pids $!";     done;     for p in $pids; do wait "$p"; done;     { echo "DES_PROBLEM=extended_small_factory"; echo "DES_NUM_NODES=2";       echo "DES_FAMILY=LMOD"; echo "DES_ROUNDS=5";       echo "DES_WORK_MS=0"; echo "DES_EXTRA_FLAGS=-DDES_BENCH_LOCKSTEP=1";       echo "mbedtls=$(dpkg-query -W -f='${Version}' libmbedtls-dev)";       echo "gxx=$(g++ -dumpfullversion)"; } > /out/BUILD_INFO;     cat /out/BUILD_INFO
#16 CACHED

#17 [stage-1 4/4] COPY --chmod=0755 docker/entrypoint.sh /usr/local/bin/des-entrypoint
#17 CACHED

#18 exporting to image
#18 exporting layers done
#18 exporting manifest sha256:65714e050eeb6256e43a5a12e5613da1f236b02e89d727f222e0d698fabf7912 done
#18 exporting config sha256:d428c0c6e2d2c7dc1e1ba3a87878090d4a397a3f7d1ff68ed21ad448668fc60f done
#18 exporting attestation manifest sha256:4fe3b40745cde46e3ad030091d1436de25b57492dab1227ff1fafb3f5438e841 done
#18 exporting manifest list sha256:ec036a43371e67222e995216a16ce153d679c41084554ad64b0bfbc849b98699 done
#18 naming to docker.io/library/docker-des:extended_small_factory-2n-LMOD-r5-w0-lockstep
#18 naming to docker.io/library/docker-des:extended_small_factory-2n-LMOD-r5-w0-lockstep done
#18 unpacking to docker.io/library/docker-des:extended_small_factory-2n-LMOD-r5-w0-lockstep done
#18 DONE 0.1s

#19 resolving provenance for metadata file
#19 DONE 0.0s
 Image docker-des:extended_small_factory-2n-LMOD-r5-w0-lockstep Built 
== run: node1 node2
 Network docker-des_cell Creating 
 Network docker-des_cell Creating 
 Network docker-des_cell Created 
 Network docker-des_cell Created 
 Container docker-des-node2-1 Creating 
 Container docker-des-node1-1 Creating 
 Container docker-des-node2-1 Created 
 Container docker-des-node1-1 Created 
 Container docker-des-node1-1 Starting 
 Container docker-des-node2-1 Starting 
 Container docker-des-node1-1 Started 
 Container docker-des-node2-1 Started 
== collect -> results/20260927-145016-esf-2-lockstep
# Execução `20260927-145016-esf-2-lockstep`

- problema `extended_small_factory`, família `LMOD`, **2 containers**, transporte `multicast`
- 5 ciclos × 6 passos = 30 passos; **30 executados**, 0 pulados
- impressão digital da configuração: `d42d57d1`
- RTT de aplicação (nó 1, 20 sondas): média 3.99 ms, mín 2.28, máx 5.86
- resultado: **complete**

| nó | supervisores | saída | disparou (local/ctrl/unctrl) | aplicou p/ pares | decifrações (ciclo 1) | HE total ms | quadros tx/rx | retx | oráculo | halt |
|---|---|---|---|---|---|---|---|---|---|---|
| 1 | S0 | 0 | 10/5/5 | 0 | 20 (4) | 20.9 | 64/63 | 0 | PASS | não |
| 2 | S1 | 0 | 10/0/0 | 10 | 20 (4) | 16.5 | 63/62 | 0 | PASS | não |
| **total** | | | | | **40 (8)** | 37.4 | 127/125 | 0 | | |

Fim de cada ciclo no relógio comum (o **último** nó a terminar), ms: 53.0, 80.6, 106.8, 128.8, 152.2

Tempo por passo: ciclo 1 **8.83 ms**; ciclos 2–5 **4.13 ms**

Verificação cruzada com o supervisor MONOLÍTICO: **PASS**

## Verificações

| verificação | esperado | obtido | |
|---|---|---|---|
| decryptions, whole cell, cycle 1 | 8 | 8 | ✅ |
| monolithic cross-check | PASS | PASS | ✅ |
| outcome | complete | complete | ✅ |
| same fingerprint on every node | 1 | 1 | ✅ |
| oracle PASS on every node | True | True | ✅ |
| crypto self-test PASS on every node | True | True | ✅ |

**TODAS AS VERIFICAÇÕES PASSARAM**


################ fms-1
== build (scenarios/fms-1.env)
 Image docker-des:fms-1n-LMOD-r5-w0 Building 
#1 [internal] load local bake definitions
#1 reading from stdin 784B done
#1 DONE 0.0s

#2 [internal] load build definition from Dockerfile
#2 transferring dockerfile: 3.38kB done
#2 DONE 0.0s

#3 resolve image config for docker-image://docker.io/docker/dockerfile:1
#3 DONE 12.3s

#4 docker-image://docker.io/docker/dockerfile:1@sha256:ecfaec9ed6d810b56388c508f4121597bfbba70d41a6dfeee4d8cad5f295fc32
#4 resolve docker.io/docker/dockerfile:1@sha256:ecfaec9ed6d810b56388c508f4121597bfbba70d41a6dfeee4d8cad5f295fc32 0.0s done
#4 CACHED

#5 [internal] load metadata for docker.io/library/ubuntu:26.04
#5 DONE 0.3s

#6 [internal] load .dockerignore
#6 transferring context: 2B done
#6 DONE 0.0s

#7 [internal] load build context
#7 transferring context: 542B done
#7 DONE 0.0s

#8 [build 1/7] FROM docker.io/library/ubuntu:26.04@sha256:da6fc2be547864451aa253836dd926da33623312df4a9a243e35dc877c378a78
#8 resolve docker.io/library/ubuntu:26.04@sha256:da6fc2be547864451aa253836dd926da33623312df4a9a243e35dc877c378a78 0.0s done
#8 DONE 0.0s

#9 [stage-1 3/4] COPY --from=build /out/ /opt/des/bin/
#9 CACHED

#10 [build 3/7] WORKDIR /src
#10 CACHED

#11 [build 6/7] RUN cd engine && sha256sum -c --quiet SHA256SUMS
#11 CACHED

#12 [build 7/7] RUN set -eu; mkdir -p /out; pids="";     for id in $(seq 1 "1"); do       g++ -std=c++17 -O2 -Wall -Wextra -Iengine -Isrc           -DDES_DATA_HEADER=""supervisor_data_fms.h""           -DDES_NODE_ID="$id" -DDES_NUM_NODES="1"           -DDES_FAMILY="DES_FAMILY_LMOD"           -DDES_ROUNDS="5" -DDES_WORK_MS="0"                      -o "/out/des_node$id" src/des_container_main.cpp           -l:libmbedcrypto.a &       pids="$pids $!";     done;     for p in $pids; do wait "$p"; done;     { echo "DES_PROBLEM=fms"; echo "DES_NUM_NODES=1";       echo "DES_FAMILY=LMOD"; echo "DES_ROUNDS=5";       echo "DES_WORK_MS=0"; echo "DES_EXTRA_FLAGS=";       echo "mbedtls=$(dpkg-query -W -f='${Version}' libmbedtls-dev)";       echo "gxx=$(g++ -dumpfullversion)"; } > /out/BUILD_INFO;     cat /out/BUILD_INFO
#12 CACHED

#13 [build 5/7] COPY src/ src/
#13 CACHED

#14 [stage-1 2/4] RUN apt-get update  && apt-get install -y --no-install-recommends iproute2  && rm -rf /var/lib/apt/lists/*  && useradd --system --no-create-home --shell /usr/sbin/nologin des
#14 CACHED

#15 [build 2/7] RUN apt-get update  && apt-get install -y --no-install-recommends g++ libmbedtls-dev  && rm -rf /var/lib/apt/lists/*
#15 CACHED

#16 [build 4/7] COPY engine/ engine/
#16 CACHED

#17 [stage-1 4/4] COPY --chmod=0755 docker/entrypoint.sh /usr/local/bin/des-entrypoint
#17 CACHED

#18 exporting to image
#18 exporting layers done
#18 exporting manifest sha256:c2e91d0edb2e02a703c79d4a89d3bf306106bb7cdae6d684c8d74e96d51dcb8a
#18 exporting manifest sha256:c2e91d0edb2e02a703c79d4a89d3bf306106bb7cdae6d684c8d74e96d51dcb8a done
#18 exporting config sha256:97a0c80ed1e323f29806796b4ba2966137e5dafae5c371d0a1fb294aeaf3640d done
#18 exporting attestation manifest sha256:fb7f2915bd16e155a32c0fd03b79fe42da79dfe8ba40dfa687dddb1464eb9276 0.0s done
#18 exporting manifest list sha256:5406d22787b1ec384e4e3277dfaab878e0ac0814bc4cbf1ee7be713b1bcdf889 done
#18 naming to docker.io/library/docker-des:fms-1n-LMOD-r5-w0 done
#18 unpacking to docker.io/library/docker-des:fms-1n-LMOD-r5-w0 done
#18 DONE 0.1s

#19 resolving provenance for metadata file
#19 DONE 0.0s
 Image docker-des:fms-1n-LMOD-r5-w0 Built 
== run: node1
 Network docker-des_cell Creating 
 Network docker-des_cell Creating 
 Network docker-des_cell Created 
 Network docker-des_cell Created 
 Container docker-des-node1-1 Creating 
 Container docker-des-node1-1 Created 
 Container docker-des-node1-1 Starting 
 Container docker-des-node1-1 Started 
== collect -> results/20260927-145033-fms-1
# Execução `20260927-145033-fms-1`

- problema `fms`, família `LMOD`, **1 containers**, transporte `multicast`
- 5 ciclos × 44 passos = 220 passos; **220 executados**, 0 pulados
- impressão digital da configuração: `3f2beff2`
- resultado: **complete**

| nó | supervisores | saída | disparou (local/ctrl/unctrl) | aplicou p/ pares | decifrações (ciclo 1) | HE total ms | quadros tx/rx | retx | oráculo | halt |
|---|---|---|---|---|---|---|---|---|---|---|
| 1 | S0 S1 S2 S3 S4 S5 S6 | 0 | 220/0/0 | 0 | 798 (190) | 396.8 | 0/0 | 0 | PASS | não |
| **total** | | | | | **798 (190)** | 396.8 | 0/0 | 0 | | |

Fim de cada ciclo no relógio comum (o **último** nó a terminar), ms: 114.7, 186.1, 258.7, 330.5, 403.1

Tempo por passo: ciclo 1 **2.61 ms**; ciclos 2–5 **1.64 ms**

Verificação cruzada com o supervisor MONOLÍTICO: **off**

## Verificações

| verificação | esperado | obtido | |
|---|---|---|---|
| decryptions, whole cell | 798 | 798 | ✅ |
| decryptions, whole cell, cycle 1 | 190 | 190 | ✅ |
| outcome | complete | complete | ✅ |
| same fingerprint on every node | 1 | 1 | ✅ |
| oracle PASS on every node | True | True | ✅ |
| crypto self-test PASS on every node | True | True | ✅ |

**TODAS AS VERIFICAÇÕES PASSARAM**


################ fms-2-loss30
== build (scenarios/fms-2-loss30.env)
 Image docker-des:fms-2n-LMOD-r5-w0-loss30 Building 
#1 [internal] load local bake definitions
#1 reading from stdin 817B done
#1 DONE 0.0s

#2 [internal] load build definition from Dockerfile
#2 transferring dockerfile: 3.38kB done
#2 DONE 0.0s

#3 resolve image config for docker-image://docker.io/docker/dockerfile:1
#3 DONE -11.8s

#4 docker-image://docker.io/docker/dockerfile:1@sha256:ecfaec9ed6d810b56388c508f4121597bfbba70d41a6dfeee4d8cad5f295fc32
#4 resolve docker.io/docker/dockerfile:1@sha256:ecfaec9ed6d810b56388c508f4121597bfbba70d41a6dfeee4d8cad5f295fc32 0.0s done
#4 CACHED

#5 [internal] load metadata for docker.io/library/ubuntu:26.04
#5 DONE 0.3s

#6 [internal] load .dockerignore
#6 transferring context: 2B done
#6 DONE 0.0s

#7 [internal] load build context
#7 transferring context: 542B done
#7 DONE 0.0s

#8 [build 1/7] FROM docker.io/library/ubuntu:26.04@sha256:da6fc2be547864451aa253836dd926da33623312df4a9a243e35dc877c378a78
#8 resolve docker.io/library/ubuntu:26.04@sha256:da6fc2be547864451aa253836dd926da33623312df4a9a243e35dc877c378a78 0.0s done
#8 DONE 0.0s

#9 [build 6/7] RUN cd engine && sha256sum -c --quiet SHA256SUMS
#9 CACHED

#10 [build 7/7] RUN set -eu; mkdir -p /out; pids="";     for id in $(seq 1 "2"); do       g++ -std=c++17 -O2 -Wall -Wextra -Iengine -Isrc           -DDES_DATA_HEADER=""supervisor_data_fms.h""           -DDES_NODE_ID="$id" -DDES_NUM_NODES="2"           -DDES_FAMILY="DES_FAMILY_LMOD"           -DDES_ROUNDS="5" -DDES_WORK_MS="0"           -DDES_SIMULATE_LOSS_PCT=30           -o "/out/des_node$id" src/des_container_main.cpp           -l:libmbedcrypto.a &       pids="$pids $!";     done;     for p in $pids; do wait "$p"; done;     { echo "DES_PROBLEM=fms"; echo "DES_NUM_NODES=2";       echo "DES_FAMILY=LMOD"; echo "DES_ROUNDS=5";       echo "DES_WORK_MS=0"; echo "DES_EXTRA_FLAGS=-DDES_SIMULATE_LOSS_PCT=30";       echo "mbedtls=$(dpkg-query -W -f='${Version}' libmbedtls-dev)";       echo "gxx=$(g++ -dumpfullversion)"; } > /out/BUILD_INFO;     cat /out/BUILD_INFO
#10 CACHED

#11 [build 2/7] RUN apt-get update  && apt-get install -y --no-install-recommends g++ libmbedtls-dev  && rm -rf /var/lib/apt/lists/*
#11 CACHED

#12 [build 3/7] WORKDIR /src
#12 CACHED

#13 [build 5/7] COPY src/ src/
#13 CACHED

#14 [build 4/7] COPY engine/ engine/
#14 CACHED

#15 [stage-1 3/4] COPY --from=build /out/ /opt/des/bin/
#15 CACHED

#16 [stage-1 2/4] RUN apt-get update  && apt-get install -y --no-install-recommends iproute2  && rm -rf /var/lib/apt/lists/*  && useradd --system --no-create-home --shell /usr/sbin/nologin des
#16 CACHED

#17 [stage-1 4/4] COPY --chmod=0755 docker/entrypoint.sh /usr/local/bin/des-entrypoint
#17 CACHED

#18 exporting to image
#18 exporting layers done
#18 exporting manifest sha256:24403836c7a00bcaaee5cf720dfdb4520ff7acc99f32e1cbbe5c963c11f1778b done
#18 exporting config sha256:0de827b77a4728b76303265f84057818422b8d16da0a237ad4f92cc3f0f4c969 done
#18 exporting attestation manifest sha256:a66c1e169bb02e126ccfa3014e1c368752a00054ddccecccfc77213ac63020d1
#18 exporting attestation manifest sha256:a66c1e169bb02e126ccfa3014e1c368752a00054ddccecccfc77213ac63020d1 0.0s done
#18 exporting manifest list sha256:246b20b74ec4de82efbe29a655fdcee91d6e75cc7544be483e2d02164c2a8b36 0.0s done
#18 naming to docker.io/library/docker-des:fms-2n-LMOD-r5-w0-loss30 done
#18 unpacking to docker.io/library/docker-des:fms-2n-LMOD-r5-w0-loss30 done
#18 DONE 0.1s

#19 resolving provenance for metadata file
#19 DONE 0.0s
 Image docker-des:fms-2n-LMOD-r5-w0-loss30 Built 
== run: node1 node2
 Network docker-des_cell Creating 
 Network docker-des_cell Creating 
 Network docker-des_cell Created 
 Network docker-des_cell Created 
 Container docker-des-node2-1 Creating 
 Container docker-des-node1-1 Creating 
 Container docker-des-node2-1 Created 
 Container docker-des-node1-1 Created 
 Container docker-des-node2-1 Starting 
 Container docker-des-node1-1 Starting 
 Container docker-des-node2-1 Started 
 Container docker-des-node1-1 Started 
== collect -> results/20260927-145049-fms-2-loss30
# Execução `20260927-145049-fms-2-loss30`

- problema `fms`, família `LMOD`, **2 containers**, transporte `multicast`
- 5 ciclos × 44 passos = 220 passos; **32 executados**, 0 pulados, 188 não alcançados (execução interrompida)
- impressão digital da configuração: `edbd7971`
- RTT de aplicação (nó 1, 6 sondas): média 4.16 ms, mín 3.14, máx 4.73
- resultado: **halt** — SAFE HALT nos nós [1, 2]

| nó | supervisores | saída | disparou (local/ctrl/unctrl) | aplicou p/ pares | decifrações (ciclo 1) | HE total ms | quadros tx/rx | retx | oráculo | halt |
|---|---|---|---|---|---|---|---|---|---|---|
| 1 | S0 S1 S2 S3 | 2 | 13/5/5 | 0 | 58 (58) | 87.2 | 73/133 | 23 | PASS | **COMMIT unacknowledged — a participant may not have applied a shared event** |
| 2 | S4 S5 S6 | 2 | 9/0/0 | 11 | 77 (77) | 157.1 | 196/47 | 0 | PASS | **a peer halted** |
| **total** | | | | | **135 (135)** | 244.3 | 269/180 | 23 | | |

Verificação cruzada com o supervisor MONOLÍTICO: **off**

## Verificações

| verificação | esperado | obtido | |
|---|---|---|---|
| outcome | halt | halt | ✅ |

**TODAS AS VERIFICAÇÕES PASSARAM**


################ fms-2
== build (scenarios/fms-2.env)
 Image docker-des:fms-2n-LMOD-r5-w0 Building 
#1 [internal] load local bake definitions
#1 reading from stdin 784B done
#1 DONE 0.0s

#2 [internal] load build definition from Dockerfile
#2 transferring dockerfile: 3.38kB done
#2 DONE 0.0s

#3 resolve image config for docker-image://docker.io/docker/dockerfile:1
#3 DONE 0.6s

#4 docker-image://docker.io/docker/dockerfile:1@sha256:ecfaec9ed6d810b56388c508f4121597bfbba70d41a6dfeee4d8cad5f295fc32
#4 resolve docker.io/docker/dockerfile:1@sha256:ecfaec9ed6d810b56388c508f4121597bfbba70d41a6dfeee4d8cad5f295fc32 0.0s done
#4 CACHED

#5 [internal] load metadata for docker.io/library/ubuntu:26.04
#5 DONE 0.6s

#6 [internal] load .dockerignore
#6 transferring context: 2B done
#6 DONE 0.0s

#7 [internal] load build context
#7 transferring context: 542B done
#7 DONE 0.0s

#8 [build 1/7] FROM docker.io/library/ubuntu:26.04@sha256:da6fc2be547864451aa253836dd926da33623312df4a9a243e35dc877c378a78
#8 resolve docker.io/library/ubuntu:26.04@sha256:da6fc2be547864451aa253836dd926da33623312df4a9a243e35dc877c378a78 0.0s done
#8 DONE 0.0s

#9 [stage-1 3/4] COPY --from=build /out/ /opt/des/bin/
#9 CACHED

#10 [build 2/7] RUN apt-get update  && apt-get install -y --no-install-recommends g++ libmbedtls-dev  && rm -rf /var/lib/apt/lists/*
#10 CACHED

#11 [build 5/7] COPY src/ src/
#11 CACHED

#12 [build 7/7] RUN set -eu; mkdir -p /out; pids="";     for id in $(seq 1 "2"); do       g++ -std=c++17 -O2 -Wall -Wextra -Iengine -Isrc           -DDES_DATA_HEADER=""supervisor_data_fms.h""           -DDES_NODE_ID="$id" -DDES_NUM_NODES="2"           -DDES_FAMILY="DES_FAMILY_LMOD"           -DDES_ROUNDS="5" -DDES_WORK_MS="0"                      -o "/out/des_node$id" src/des_container_main.cpp           -l:libmbedcrypto.a &       pids="$pids $!";     done;     for p in $pids; do wait "$p"; done;     { echo "DES_PROBLEM=fms"; echo "DES_NUM_NODES=2";       echo "DES_FAMILY=LMOD"; echo "DES_ROUNDS=5";       echo "DES_WORK_MS=0"; echo "DES_EXTRA_FLAGS=";       echo "mbedtls=$(dpkg-query -W -f='${Version}' libmbedtls-dev)";       echo "gxx=$(g++ -dumpfullversion)"; } > /out/BUILD_INFO;     cat /out/BUILD_INFO
#12 CACHED

#13 [stage-1 2/4] RUN apt-get update  && apt-get install -y --no-install-recommends iproute2  && rm -rf /var/lib/apt/lists/*  && useradd --system --no-create-home --shell /usr/sbin/nologin des
#13 CACHED

#14 [build 4/7] COPY engine/ engine/
#14 CACHED

#15 [build 6/7] RUN cd engine && sha256sum -c --quiet SHA256SUMS
#15 CACHED

#16 [build 3/7] WORKDIR /src
#16 CACHED

#17 [stage-1 4/4] COPY --chmod=0755 docker/entrypoint.sh /usr/local/bin/des-entrypoint
#17 CACHED

#18 exporting to image
#18 exporting layers
#18 exporting layers done
#18 exporting manifest sha256:94792729c2ab4843cf460e52b8b7f2602dbe849bc1090b3ad0e5134479d2f7e0 done
#18 exporting config sha256:62daab3f9dfd6c77ccef390eaa528cb12583253106259669082a13e098690cf4 done
#18 exporting attestation manifest sha256:de41fb08ff85b0a03fc483e12f2b4fc8f5c8ca8282617758ac68c84b93ba5d77 0.0s done
#18 exporting manifest list sha256:504e29afd357e4e6b4dc3673350d7ba5ab863943cad571ee159a345f5fa26efe 0.0s done
#18 naming to docker.io/library/docker-des:fms-2n-LMOD-r5-w0 done
#18 unpacking to docker.io/library/docker-des:fms-2n-LMOD-r5-w0 done
#18 DONE 0.1s

#19 resolving provenance for metadata file
#19 DONE 0.0s
 Image docker-des:fms-2n-LMOD-r5-w0 Built 
== run: node1 node2
 Network docker-des_cell Creating 
 Network docker-des_cell Creating 
 Network docker-des_cell Created 
 Network docker-des_cell Created 
 Container docker-des-node2-1 Creating 
 Container docker-des-node1-1 Creating 
 Container docker-des-node1-1 Created 
 Container docker-des-node2-1 Created 
 Container docker-des-node1-1 Starting 
 Container docker-des-node2-1 Starting 
 Container docker-des-node1-1 Started 
 Container docker-des-node2-1 Started 
== collect -> results/20260927-145149-fms-2
# Execução `20260927-145149-fms-2`

- problema `fms`, família `LMOD`, **2 containers**, transporte `multicast`
- 5 ciclos × 44 passos = 220 passos; **220 executados**, 0 pulados
- impressão digital da configuração: `edbd7971`
- RTT de aplicação (nó 1, 20 sondas): média 3.61 ms, mín 2.26, máx 4.96
- resultado: **complete**

| nó | supervisores | saída | disparou (local/ctrl/unctrl) | aplicou p/ pares | decifrações (ciclo 1) | HE total ms | quadros tx/rx | retx | oráculo | halt |
|---|---|---|---|---|---|---|---|---|---|---|
| 1 | S0 S1 S2 S3 | 0 | 80/40/40 | 0 | 405 (85) | 210.1 | 149/229 | 0 | PASS | não |
| 2 | S4 S5 S6 | 0 | 60/0/0 | 80 | 393 (105) | 226.2 | 229/148 | 0 | PASS | não |
| **total** | | | | | **798 (190)** | 436.3 | 378/377 | 0 | | |

Fim de cada ciclo no relógio comum (o **último** nó a terminar), ms: 218.0, 362.3, 509.7, 659.3, 802.3

Tempo por passo: ciclo 1 **4.95 ms**; ciclos 2–5 **3.32 ms**

Verificação cruzada com o supervisor MONOLÍTICO: **off**

## Verificações

| verificação | esperado | obtido | |
|---|---|---|---|
| config fingerprint | edbd7971 | edbd7971 | ✅ |
| decryptions per node | 405 393 | 405 393 | ✅ |
| decryptions per node, cycle 1 | 85 105 | 85 105 | ✅ |
| outcome | complete | complete | ✅ |
| same fingerprint on every node | 1 | 1 | ✅ |
| oracle PASS on every node | True | True | ✅ |
| crypto self-test PASS on every node | True | True | ✅ |

**TODAS AS VERIFICAÇÕES PASSARAM**


################ fms-7-loss5-fast
== build (scenarios/fms-7-loss5-fast.env)
 Image docker-des:fms-7n-LMOD-r5-w0-loss5-fast Building 
#1 [internal] load local bake definitions
#1 reading from stdin 870B done
#1 DONE 0.0s

#2 [internal] load build definition from Dockerfile
#2 transferring dockerfile: 3.38kB done
#2 DONE 0.0s

#3 resolve image config for docker-image://docker.io/docker/dockerfile:1
#3 DONE 0.4s

#4 docker-image://docker.io/docker/dockerfile:1@sha256:ecfaec9ed6d810b56388c508f4121597bfbba70d41a6dfeee4d8cad5f295fc32
#4 resolve docker.io/docker/dockerfile:1@sha256:ecfaec9ed6d810b56388c508f4121597bfbba70d41a6dfeee4d8cad5f295fc32 0.0s done
#4 CACHED

#5 [internal] load metadata for docker.io/library/ubuntu:26.04
#5 DONE 12.3s

#6 [internal] load build context
#6 transferring context: 542B done
#6 DONE 0.0s

#7 [build 1/7] FROM docker.io/library/ubuntu:26.04@sha256:da6fc2be547864451aa253836dd926da33623312df4a9a243e35dc877c378a78
#7 resolve docker.io/library/ubuntu:26.04@sha256:da6fc2be547864451aa253836dd926da33623312df4a9a243e35dc877c378a78 0.0s done
#7 DONE 0.0s

#8 [build 6/7] RUN cd engine && sha256sum -c --quiet SHA256SUMS
#8 CACHED

#9 [build 3/7] WORKDIR /src
#9 CACHED

#10 [build 5/7] COPY src/ src/
#10 CACHED

#11 [stage-1 3/4] COPY --from=build /out/ /opt/des/bin/
#11 CACHED

#12 [build 2/7] RUN apt-get update  && apt-get install -y --no-install-recommends g++ libmbedtls-dev  && rm -rf /var/lib/apt/lists/*
#12 CACHED

#13 [build 7/7] RUN set -eu; mkdir -p /out; pids="";     for id in $(seq 1 "7"); do       g++ -std=c++17 -O2 -Wall -Wextra -Iengine -Isrc           -DDES_DATA_HEADER=""supervisor_data_fms.h""           -DDES_NODE_ID="$id" -DDES_NUM_NODES="7"           -DDES_FAMILY="DES_FAMILY_LMOD"           -DDES_ROUNDS="5" -DDES_WORK_MS="0"           -DDES_SIMULATE_LOSS_PCT=5 -DDES_REQ_TIMEOUT_MS=100 -DDES_ACK_TIMEOUT_MS=100           -o "/out/des_node$id" src/des_container_main.cpp           -l:libmbedcrypto.a &       pids="$pids $!";     done;     for p in $pids; do wait "$p"; done;     { echo "DES_PROBLEM=fms"; echo "DES_NUM_NODES=7";       echo "DES_FAMILY=LMOD"; echo "DES_ROUNDS=5";       echo "DES_WORK_MS=0"; echo "DES_EXTRA_FLAGS=-DDES_SIMULATE_LOSS_PCT=5 -DDES_REQ_TIMEOUT_MS=100 -DDES_ACK_TIMEOUT_MS=100";       echo "mbedtls=$(dpkg-query -W -f='${Version}' libmbedtls-dev)";       echo "gxx=$(g++ -dumpfullversion)"; } > /out/BUILD_INFO;     cat /out/BUILD_INFO
#13 CACHED

#14 [stage-1 2/4] RUN apt-get update  && apt-get install -y --no-install-recommends iproute2  && rm -rf /var/lib/apt/lists/*  && useradd --system --no-create-home --shell /usr/sbin/nologin des
#14 CACHED

#15 [build 4/7] COPY engine/ engine/
#15 CACHED

#16 [stage-1 4/4] COPY --chmod=0755 docker/entrypoint.sh /usr/local/bin/des-entrypoint
#16 CACHED

#17 [internal] load .dockerignore
#17 transferring context: 2B done
#17 DONE 0.0s

#18 exporting to image
#18 exporting layers done
#18 exporting manifest sha256:9185ec9060cb112049814bfe2d4e9fc1840b4575a891234d88a1cddc47fb08c0 done
#18 exporting config sha256:d18c5561d08c23f588592617baa662054ef48657f3c2270944a2b19d4ba57218 done
#18 exporting attestation manifest sha256:e86272898fef9e5d311fca78cba2c188399a0d1eee6c5befb6e7e73a3ff2e927 done
#18 exporting manifest list sha256:30d5c8900e96b92980ef1feb27245be956c3a71f20f6d12e5d1059edd5fe6a6b
#18 exporting manifest list sha256:30d5c8900e96b92980ef1feb27245be956c3a71f20f6d12e5d1059edd5fe6a6b 0.0s done
#18 naming to docker.io/library/docker-des:fms-7n-LMOD-r5-w0-loss5-fast done
#18 unpacking to docker.io/library/docker-des:fms-7n-LMOD-r5-w0-loss5-fast done
#18 DONE 0.1s

#19 resolving provenance for metadata file
#19 DONE 0.0s
 Image docker-des:fms-7n-LMOD-r5-w0-loss5-fast Built 
== run: node1 node2 node3 node4 node5 node6 node7
 Network docker-des_cell Creating 
 Network docker-des_cell Creating 
 Network docker-des_cell Created 
 Network docker-des_cell Created 
 Container docker-des-node7-1 Creating 
 Container docker-des-node1-1 Creating 
 Container docker-des-node2-1 Creating 
 Container docker-des-node5-1 Creating 
 Container docker-des-node3-1 Creating 
 Container docker-des-node4-1 Creating 
 Container docker-des-node6-1 Creating 
 Container docker-des-node2-1 Created 
 Container docker-des-node3-1 Created 
 Container docker-des-node4-1 Created 
 Container docker-des-node6-1 Created 
 Container docker-des-node7-1 Created 
 Container docker-des-node5-1 Created 
 Container docker-des-node1-1 Created 
 Container docker-des-node4-1 Starting 
 Container docker-des-node7-1 Starting 
 Container docker-des-node5-1 Starting 
 Container docker-des-node2-1 Starting 
 Container docker-des-node1-1 Starting 
 Container docker-des-node6-1 Starting 
 Container docker-des-node3-1 Starting 
 Container docker-des-node4-1 Started 
 Container docker-des-node7-1 Started 
 Container docker-des-node5-1 Started 
 Container docker-des-node2-1 Started 
 Container docker-des-node1-1 Started 
 Container docker-des-node6-1 Started 
 Container docker-des-node3-1 Started 
== collect -> results/20260927-145208-fms-7-loss5-fast
# Execução `20260927-145208-fms-7-loss5-fast`

- problema `fms`, família `LMOD`, **7 containers**, transporte `multicast`
- 5 ciclos × 44 passos = 220 passos; **220 executados**, 0 pulados
- impressão digital da configuração: `04511541`
- RTT de aplicação (nó 1, 11 sondas): média 4.04 ms, mín 2.60, máx 5.27
- resultado: **complete**

| nó | supervisores | saída | disparou (local/ctrl/unctrl) | aplicou p/ pares | decifrações (ciclo 1) | HE total ms | quadros tx/rx | retx | oráculo | halt |
|---|---|---|---|---|---|---|---|---|---|---|
| 1 | S0 | 0 | 20/40/40 | 0 | 101 (21) | 288.2 | 217/2054 | 54 | PASS | não |
| 2 | S1 | 0 | 20/0/0 | 80 | 101 (21) | 319.9 | 325/1967 | 0 | PASS | não |
| 3 | S2 | 0 | 20/0/0 | 80 | 100 (20) | 320.9 | 330/1905 | 0 | PASS | não |
| 4 | S3 | 0 | 20/0/0 | 80 | 103 (23) | 325.6 | 321/1986 | 0 | PASS | não |
| 5 | S4 | 0 | 0/20/10 | 80 | 114 (26) | 363.8 | 387/1923 | 16 | PASS | não |
| 6 | S5 | 0 | 0/0/0 | 110 | 129 (41) | 403.6 | 410/1850 | 0 | PASS | não |
| 7 | S6 | 0 | 30/0/0 | 110 | 150 (38) | 487.2 | 412/1899 | 0 | PASS | não |
| **total** | | | | | **798 (190)** | 2509.2 | 2402/13584 | 70 | | |

Fim de cada ciclo no relógio comum (o **último** nó a terminar), ms: 3481.9, 4802.9, 7247.5, 10003.4, 14220.4

Tempo por passo: ciclo 1 **79.13 ms**; ciclos 2–5 **61.01 ms**

Verificação cruzada com o supervisor MONOLÍTICO: **off**

## Verificações

| verificação | esperado | obtido | |
|---|---|---|---|
| decryptions, whole cell | 798 | 798 | ✅ |
| decryptions, whole cell, cycle 1 | 190 | 190 | ✅ |
| outcome | complete | complete | ✅ |
| same fingerprint on every node | 1 | 1 | ✅ |
| oracle PASS on every node | True | True | ✅ |
| crypto self-test PASS on every node | True | True | ✅ |

**TODAS AS VERIFICAÇÕES PASSARAM**


################ fms-7-loss5
== build (scenarios/fms-7-loss5.env)
 Image docker-des:fms-7n-LMOD-r5-w0-loss5 Building 
#1 [internal] load local bake definitions
#1 reading from stdin 815B done
#1 DONE 0.0s

#2 [internal] load build definition from Dockerfile
#2 transferring dockerfile: 3.38kB done
#2 DONE 0.0s

#3 resolve image config for docker-image://docker.io/docker/dockerfile:1
#3 DONE 0.5s

#4 docker-image://docker.io/docker/dockerfile:1@sha256:ecfaec9ed6d810b56388c508f4121597bfbba70d41a6dfeee4d8cad5f295fc32
#4 resolve docker.io/docker/dockerfile:1@sha256:ecfaec9ed6d810b56388c508f4121597bfbba70d41a6dfeee4d8cad5f295fc32 0.0s done
#4 CACHED

#5 [internal] load metadata for docker.io/library/ubuntu:26.04
#5 DONE 0.5s

#6 [internal] load .dockerignore
#6 transferring context: 2B done
#6 DONE 0.0s

#7 [internal] load build context
#7 transferring context: 542B done
#7 DONE 0.0s

#8 [build 1/7] FROM docker.io/library/ubuntu:26.04@sha256:da6fc2be547864451aa253836dd926da33623312df4a9a243e35dc877c378a78
#8 resolve docker.io/library/ubuntu:26.04@sha256:da6fc2be547864451aa253836dd926da33623312df4a9a243e35dc877c378a78 0.0s done
#8 DONE 0.0s

#9 [build 7/7] RUN set -eu; mkdir -p /out; pids="";     for id in $(seq 1 "7"); do       g++ -std=c++17 -O2 -Wall -Wextra -Iengine -Isrc           -DDES_DATA_HEADER=""supervisor_data_fms.h""           -DDES_NODE_ID="$id" -DDES_NUM_NODES="7"           -DDES_FAMILY="DES_FAMILY_LMOD"           -DDES_ROUNDS="5" -DDES_WORK_MS="0"           -DDES_SIMULATE_LOSS_PCT=5           -o "/out/des_node$id" src/des_container_main.cpp           -l:libmbedcrypto.a &       pids="$pids $!";     done;     for p in $pids; do wait "$p"; done;     { echo "DES_PROBLEM=fms"; echo "DES_NUM_NODES=7";       echo "DES_FAMILY=LMOD"; echo "DES_ROUNDS=5";       echo "DES_WORK_MS=0"; echo "DES_EXTRA_FLAGS=-DDES_SIMULATE_LOSS_PCT=5";       echo "mbedtls=$(dpkg-query -W -f='${Version}' libmbedtls-dev)";       echo "gxx=$(g++ -dumpfullversion)"; } > /out/BUILD_INFO;     cat /out/BUILD_INFO
#9 CACHED

#10 [stage-1 3/4] COPY --from=build /out/ /opt/des/bin/
#10 CACHED

#11 [build 3/7] WORKDIR /src
#11 CACHED

#12 [build 6/7] RUN cd engine && sha256sum -c --quiet SHA256SUMS
#12 CACHED

#13 [stage-1 2/4] RUN apt-get update  && apt-get install -y --no-install-recommends iproute2  && rm -rf /var/lib/apt/lists/*  && useradd --system --no-create-home --shell /usr/sbin/nologin des
#13 CACHED

#14 [build 2/7] RUN apt-get update  && apt-get install -y --no-install-recommends g++ libmbedtls-dev  && rm -rf /var/lib/apt/lists/*
#14 CACHED

#15 [build 4/7] COPY engine/ engine/
#15 CACHED

#16 [build 5/7] COPY src/ src/
#16 CACHED

#17 [stage-1 4/4] COPY --chmod=0755 docker/entrypoint.sh /usr/local/bin/des-entrypoint
#17 CACHED

#18 exporting to image
#18 exporting layers done
#18 exporting manifest sha256:ad2cb982a1dd3c6db9f45837a5f494ac1b9064ec98cace3858badfb2ab635190 done
#18 exporting config sha256:8ec489d3eb2a63f518a2aa0847cc3f078ee5ef4f59363c1e7c0506d5dfc38aec done
#18 exporting attestation manifest sha256:7c764a7beb7e4f1b730ae707a970d39566dc2433966a11ba75dcd793321c97b2 done
#18 exporting manifest list sha256:3ff62ff857655be93f45f2a24fa3fb68c253a173baff3f3dc5a25378226de417 done
#18 naming to docker.io/library/docker-des:fms-7n-LMOD-r5-w0-loss5 done
#18 unpacking to docker.io/library/docker-des:fms-7n-LMOD-r5-w0-loss5 done
#18 DONE 0.1s

#19 resolving provenance for metadata file
#19 DONE 0.0s
 Image docker-des:fms-7n-LMOD-r5-w0-loss5 Built 
== run: node1 node2 node3 node4 node5 node6 node7
 Network docker-des_cell Creating 
 Network docker-des_cell Creating 
 Network docker-des_cell Created 
 Network docker-des_cell Created 
 Container docker-des-node7-1 Creating 
 Container docker-des-node1-1 Creating 
 Container docker-des-node2-1 Creating 
 Container docker-des-node5-1 Creating 
 Container docker-des-node6-1 Creating 
 Container docker-des-node4-1 Creating 
 Container docker-des-node3-1 Creating 
 Container docker-des-node1-1 Created 
 Container docker-des-node6-1 Created 
 Container docker-des-node2-1 Created 
 Container docker-des-node3-1 Created 
 Container docker-des-node4-1 Created 
 Container docker-des-node5-1 Created 
 Container docker-des-node7-1 Created 
 Container docker-des-node4-1 Starting 
 Container docker-des-node7-1 Starting 
 Container docker-des-node5-1 Starting 
 Container docker-des-node6-1 Starting 
 Container docker-des-node2-1 Starting 
 Container docker-des-node1-1 Starting 
 Container docker-des-node3-1 Starting 
 Container docker-des-node4-1 Started 
 Container docker-des-node7-1 Started 
 Container docker-des-node5-1 Started 
 Container docker-des-node6-1 Started 
 Container docker-des-node2-1 Started 
 Container docker-des-node1-1 Started 
 Container docker-des-node3-1 Started 
== collect -> results/20260927-145247-fms-7-loss5
# Execução `20260927-145247-fms-7-loss5`

- problema `fms`, família `LMOD`, **7 containers**, transporte `multicast`
- 5 ciclos × 44 passos = 220 passos; **220 executados**, 0 pulados
- impressão digital da configuração: `04511541`
- RTT de aplicação (nó 1, 12 sondas): média 4.38 ms, mín 3.61, máx 4.96
- resultado: **complete**

| nó | supervisores | saída | disparou (local/ctrl/unctrl) | aplicou p/ pares | decifrações (ciclo 1) | HE total ms | quadros tx/rx | retx | oráculo | halt |
|---|---|---|---|---|---|---|---|---|---|---|
| 1 | S0 | 0 | 20/40/40 | 0 | 101 (21) | 264.6 | 225/4372 | 65 | PASS | não |
| 2 | S1 | 0 | 20/0/0 | 80 | 101 (21) | 317.4 | 745/3898 | 0 | PASS | não |
| 3 | S2 | 0 | 20/0/0 | 80 | 100 (20) | 315.8 | 754/3854 | 0 | PASS | não |
| 4 | S3 | 0 | 20/0/0 | 80 | 103 (23) | 304.4 | 751/3920 | 0 | PASS | não |
| 5 | S4 | 0 | 0/20/10 | 80 | 114 (26) | 336.3 | 731/3937 | 14 | PASS | não |
| 6 | S5 | 0 | 0/0/0 | 110 | 129 (41) | 367.6 | 835/3828 | 0 | PASS | não |
| 7 | S6 | 0 | 30/0/0 | 110 | 150 (38) | 452.7 | 839/3840 | 0 | PASS | não |
| **total** | | | | | **798 (190)** | 2358.8 | 4880/27649 | 79 | | |

Fim de cada ciclo no relógio comum (o **último** nó a terminar), ms: 19175.8, 60648.1, 92954.8, 115421.1, 147711.0

Tempo por passo: ciclo 1 **435.81 ms**; ciclos 2–5 **730.31 ms**

Verificação cruzada com o supervisor MONOLÍTICO: **off**

## Verificações

| verificação | esperado | obtido | |
|---|---|---|---|
| decryptions, whole cell | 798 | 798 | ✅ |
| decryptions, whole cell, cycle 1 | 190 | 190 | ✅ |
| outcome | complete | complete | ✅ |
| same fingerprint on every node | 1 | 1 | ✅ |
| oracle PASS on every node | True | True | ✅ |
| crypto self-test PASS on every node | True | True | ✅ |

**TODAS AS VERIFICAÇÕES PASSARAM**


################ fms-7-unicast
== build (scenarios/fms-7-unicast.env)
 Image docker-des:fms-7n-LMOD-r5-w0 Building 
#1 [internal] load local bake definitions
#1 reading from stdin 784B done
#1 DONE 0.0s

#2 [internal] load build definition from Dockerfile
#2 transferring dockerfile: 3.38kB done
#2 DONE 0.0s

#3 resolve image config for docker-image://docker.io/docker/dockerfile:1
#3 DONE 1.1s

#4 docker-image://docker.io/docker/dockerfile:1@sha256:ecfaec9ed6d810b56388c508f4121597bfbba70d41a6dfeee4d8cad5f295fc32
#4 resolve docker.io/docker/dockerfile:1@sha256:ecfaec9ed6d810b56388c508f4121597bfbba70d41a6dfeee4d8cad5f295fc32 0.0s done
#4 CACHED

#5 [internal] load metadata for docker.io/library/ubuntu:26.04
#5 DONE 0.7s

#6 [internal] load .dockerignore
#6 transferring context: 2B done
#6 DONE 0.0s

#7 [internal] load build context
#7 transferring context: 542B done
#7 DONE 0.0s

#8 [build 1/7] FROM docker.io/library/ubuntu:26.04@sha256:da6fc2be547864451aa253836dd926da33623312df4a9a243e35dc877c378a78
#8 resolve docker.io/library/ubuntu:26.04@sha256:da6fc2be547864451aa253836dd926da33623312df4a9a243e35dc877c378a78 0.0s done
#8 DONE 0.0s

#9 [build 5/7] COPY src/ src/
#9 CACHED

#10 [build 7/7] RUN set -eu; mkdir -p /out; pids="";     for id in $(seq 1 "7"); do       g++ -std=c++17 -O2 -Wall -Wextra -Iengine -Isrc           -DDES_DATA_HEADER=""supervisor_data_fms.h""           -DDES_NODE_ID="$id" -DDES_NUM_NODES="7"           -DDES_FAMILY="DES_FAMILY_LMOD"           -DDES_ROUNDS="5" -DDES_WORK_MS="0"                      -o "/out/des_node$id" src/des_container_main.cpp           -l:libmbedcrypto.a &       pids="$pids $!";     done;     for p in $pids; do wait "$p"; done;     { echo "DES_PROBLEM=fms"; echo "DES_NUM_NODES=7";       echo "DES_FAMILY=LMOD"; echo "DES_ROUNDS=5";       echo "DES_WORK_MS=0"; echo "DES_EXTRA_FLAGS=";       echo "mbedtls=$(dpkg-query -W -f='${Version}' libmbedtls-dev)";       echo "gxx=$(g++ -dumpfullversion)"; } > /out/BUILD_INFO;     cat /out/BUILD_INFO
#10 CACHED

#11 [stage-1 2/4] RUN apt-get update  && apt-get install -y --no-install-recommends iproute2  && rm -rf /var/lib/apt/lists/*  && useradd --system --no-create-home --shell /usr/sbin/nologin des
#11 CACHED

#12 [stage-1 3/4] COPY --from=build /out/ /opt/des/bin/
#12 CACHED

#13 [build 4/7] COPY engine/ engine/
#13 CACHED

#14 [build 2/7] RUN apt-get update  && apt-get install -y --no-install-recommends g++ libmbedtls-dev  && rm -rf /var/lib/apt/lists/*
#14 CACHED

#15 [build 6/7] RUN cd engine && sha256sum -c --quiet SHA256SUMS
#15 CACHED

#16 [build 3/7] WORKDIR /src
#16 CACHED

#17 [stage-1 4/4] COPY --chmod=0755 docker/entrypoint.sh /usr/local/bin/des-entrypoint
#17 CACHED

#18 exporting to image
#18 exporting layers done
#18 exporting manifest sha256:bc5ff42da8862e0684e66114effb8d6a4ec04a9f26c23963746612c6cce46d29 done
#18 exporting config sha256:b21c6c2e6e7c8dd6ea2d39fc4e7ca4deef63bef3185537dd964e99948224a278 done
#18 exporting attestation manifest sha256:7b874259fa12bd12378b15eab5a27c569a9ee100d3bb7a5b458af0ae9b14e9ee
#18 exporting attestation manifest sha256:7b874259fa12bd12378b15eab5a27c569a9ee100d3bb7a5b458af0ae9b14e9ee 0.0s done
#18 exporting manifest list sha256:911731b31e391b116055aa3a0492a4f6531ca2cfc4e7c45c62e57ec5e0304499 done
#18 naming to docker.io/library/docker-des:fms-7n-LMOD-r5-w0 done
#18 unpacking to docker.io/library/docker-des:fms-7n-LMOD-r5-w0 0.0s done
#18 DONE 0.1s

#19 resolving provenance for metadata file
#19 DONE 0.0s
 Image docker-des:fms-7n-LMOD-r5-w0 Built 
== run: node1 node2 node3 node4 node5 node6 node7
 Network docker-des_cell Creating 
 Network docker-des_cell Creating 
 Network docker-des_cell Created 
 Network docker-des_cell Created 
 Container docker-des-node3-1 Creating 
 Container docker-des-node6-1 Creating 
 Container docker-des-node4-1 Creating 
 Container docker-des-node1-1 Creating 
 Container docker-des-node5-1 Creating 
 Container docker-des-node7-1 Creating 
 Container docker-des-node2-1 Creating 
 Container docker-des-node6-1 Created 
 Container docker-des-node5-1 Created 
 Container docker-des-node3-1 Created 
 Container docker-des-node4-1 Created 
 Container docker-des-node2-1 Created 
 Container docker-des-node1-1 Created 
 Container docker-des-node7-1 Created 
 Container docker-des-node2-1 Starting 
 Container docker-des-node5-1 Starting 
 Container docker-des-node3-1 Starting 
 Container docker-des-node7-1 Starting 
 Container docker-des-node4-1 Starting 
 Container docker-des-node1-1 Starting 
 Container docker-des-node6-1 Starting 
 Container docker-des-node2-1 Started 
 Container docker-des-node5-1 Started 
 Container docker-des-node3-1 Started 
 Container docker-des-node7-1 Started 
 Container docker-des-node4-1 Started 
 Container docker-des-node1-1 Started 
 Container docker-des-node6-1 Started 
== collect -> results/20260927-145538-fms-7-unicast
# Execução `20260927-145538-fms-7-unicast`

- problema `fms`, família `LMOD`, **7 containers**, transporte `unicast`
- 5 ciclos × 44 passos = 220 passos; **220 executados**, 0 pulados
- impressão digital da configuração: `04511541`
- RTT de aplicação (nó 1, 20 sondas): média 3.73 ms, mín 2.64, máx 5.12
- resultado: **complete**

| nó | supervisores | saída | disparou (local/ctrl/unctrl) | aplicou p/ pares | decifrações (ciclo 1) | HE total ms | quadros tx/rx | retx | oráculo | halt |
|---|---|---|---|---|---|---|---|---|---|---|
| 1 | S0 | 0 | 20/40/40 | 0 | 101 (21) | 73.2 | 161/1624 | 0 | PASS | não |
| 2 | S1 | 0 | 20/0/0 | 80 | 101 (21) | 73.8 | 249/1596 | 0 | PASS | não |
| 3 | S2 | 0 | 20/0/0 | 80 | 100 (20) | 71.0 | 247/1591 | 0 | PASS | não |
| 4 | S3 | 0 | 20/0/0 | 80 | 103 (23) | 78.0 | 244/1560 | 0 | PASS | não |
| 5 | S4 | 0 | 0/20/10 | 80 | 114 (26) | 85.7 | 299/1541 | 0 | PASS | não |
| 6 | S5 | 0 | 0/0/0 | 110 | 129 (41) | 102.2 | 321/1438 | 0 | PASS | não |
| 7 | S6 | 0 | 30/0/0 | 110 | 150 (38) | 136.3 | 324/1497 | 0 | PASS | não |
| **total** | | | | | **798 (190)** | 620.2 | 1845/10847 | 0 | | |

Fim de cada ciclo no relógio comum (o **último** nó a terminar), ms: 267.7, 444.6, 619.4, 788.6, 955.4

Tempo por passo: ciclo 1 **6.08 ms**; ciclos 2–5 **3.91 ms**

Verificação cruzada com o supervisor MONOLÍTICO: **off**

## Verificações

| verificação | esperado | obtido | |
|---|---|---|---|
| decryptions, whole cell | 798 | 798 | ✅ |
| decryptions, whole cell, cycle 1 | 190 | 190 | ✅ |
| outcome | complete | complete | ✅ |
| same fingerprint on every node | 1 | 1 | ✅ |
| oracle PASS on every node | True | True | ✅ |
| crypto self-test PASS on every node | True | True | ✅ |

**TODAS AS VERIFICAÇÕES PASSARAM**


################ fms-7-wifi
== build (scenarios/fms-7-wifi.env)
 Image docker-des:fms-7n-LMOD-r5-w0 Building 
#1 [internal] load local bake definitions
#1 reading from stdin 784B done
#1 DONE 0.0s

#2 [internal] load build definition from Dockerfile
#2 transferring dockerfile: 3.38kB done
#2 DONE 0.0s

#3 resolve image config for docker-image://docker.io/docker/dockerfile:1
#3 DONE 0.2s

#4 docker-image://docker.io/docker/dockerfile:1@sha256:ecfaec9ed6d810b56388c508f4121597bfbba70d41a6dfeee4d8cad5f295fc32
#4 resolve docker.io/docker/dockerfile:1@sha256:ecfaec9ed6d810b56388c508f4121597bfbba70d41a6dfeee4d8cad5f295fc32 0.0s done
#4 CACHED

#5 [internal] load metadata for docker.io/library/ubuntu:26.04
#5 DONE 12.3s

#6 [internal] load .dockerignore
#6 transferring context: 2B done
#6 DONE 0.0s

#7 [internal] load build context
#7 transferring context: 542B done
#7 DONE 0.0s

#8 [build 1/7] FROM docker.io/library/ubuntu:26.04@sha256:da6fc2be547864451aa253836dd926da33623312df4a9a243e35dc877c378a78
#8 resolve docker.io/library/ubuntu:26.04@sha256:da6fc2be547864451aa253836dd926da33623312df4a9a243e35dc877c378a78 0.0s done
#8 DONE 0.0s

#9 [stage-1 3/4] COPY --from=build /out/ /opt/des/bin/
#9 CACHED

#10 [stage-1 2/4] RUN apt-get update  && apt-get install -y --no-install-recommends iproute2  && rm -rf /var/lib/apt/lists/*  && useradd --system --no-create-home --shell /usr/sbin/nologin des
#10 CACHED

#11 [build 2/7] RUN apt-get update  && apt-get install -y --no-install-recommends g++ libmbedtls-dev  && rm -rf /var/lib/apt/lists/*
#11 CACHED

#12 [build 4/7] COPY engine/ engine/
#12 CACHED

#13 [build 5/7] COPY src/ src/
#13 CACHED

#14 [build 6/7] RUN cd engine && sha256sum -c --quiet SHA256SUMS
#14 CACHED

#15 [build 7/7] RUN set -eu; mkdir -p /out; pids="";     for id in $(seq 1 "7"); do       g++ -std=c++17 -O2 -Wall -Wextra -Iengine -Isrc           -DDES_DATA_HEADER=""supervisor_data_fms.h""           -DDES_NODE_ID="$id" -DDES_NUM_NODES="7"           -DDES_FAMILY="DES_FAMILY_LMOD"           -DDES_ROUNDS="5" -DDES_WORK_MS="0"                      -o "/out/des_node$id" src/des_container_main.cpp           -l:libmbedcrypto.a &       pids="$pids $!";     done;     for p in $pids; do wait "$p"; done;     { echo "DES_PROBLEM=fms"; echo "DES_NUM_NODES=7";       echo "DES_FAMILY=LMOD"; echo "DES_ROUNDS=5";       echo "DES_WORK_MS=0"; echo "DES_EXTRA_FLAGS=";       echo "mbedtls=$(dpkg-query -W -f='${Version}' libmbedtls-dev)";       echo "gxx=$(g++ -dumpfullversion)"; } > /out/BUILD_INFO;     cat /out/BUILD_INFO
#15 CACHED

#16 [build 3/7] WORKDIR /src
#16 CACHED

#17 [stage-1 4/4] COPY --chmod=0755 docker/entrypoint.sh /usr/local/bin/des-entrypoint
#17 CACHED

#18 exporting to image
#18 exporting layers done
#18 exporting manifest sha256:bc5ff42da8862e0684e66114effb8d6a4ec04a9f26c23963746612c6cce46d29 done
#18 exporting config sha256:b21c6c2e6e7c8dd6ea2d39fc4e7ca4deef63bef3185537dd964e99948224a278 done
#18 exporting attestation manifest sha256:1bc0b2b9b6764b5a94b1ab34b6f4d927563a3ae2f54a16c4f1a5185dd55c9637 0.0s done
#18 exporting manifest list sha256:59de7948f9aeb27688fa523adb715d4dcc06deebc5fb597dd6424642ea37322f
#18 exporting manifest list sha256:59de7948f9aeb27688fa523adb715d4dcc06deebc5fb597dd6424642ea37322f 0.0s done
#18 naming to docker.io/library/docker-des:fms-7n-LMOD-r5-w0 done
#18 unpacking to docker.io/library/docker-des:fms-7n-LMOD-r5-w0 done
#18 DONE 0.1s

#19 resolving provenance for metadata file
#19 DONE 0.0s
 Image docker-des:fms-7n-LMOD-r5-w0 Built 
== run: node1 node2 node3 node4 node5 node6 node7
 Network docker-des_cell Creating 
 Network docker-des_cell Creating 
 Network docker-des_cell Created 
 Network docker-des_cell Created 
 Container docker-des-node6-1 Creating 
 Container docker-des-node5-1 Creating 
 Container docker-des-node4-1 Creating 
 Container docker-des-node7-1 Creating 
 Container docker-des-node2-1 Creating 
 Container docker-des-node3-1 Creating 
 Container docker-des-node1-1 Creating 
 Container docker-des-node7-1 Created 
 Container docker-des-node5-1 Created 
 Container docker-des-node3-1 Created 
 Container docker-des-node4-1 Created 
 Container docker-des-node1-1 Created 
 Container docker-des-node2-1 Created 
 Container docker-des-node6-1 Created 
 Container docker-des-node7-1 Starting 
 Container docker-des-node5-1 Starting 
 Container docker-des-node3-1 Starting 
 Container docker-des-node2-1 Starting 
 Container docker-des-node4-1 Starting 
 Container docker-des-node1-1 Starting 
 Container docker-des-node6-1 Starting 
 Container docker-des-node7-1 Started 
 Container docker-des-node5-1 Started 
 Container docker-des-node3-1 Started 
 Container docker-des-node2-1 Started 
 Container docker-des-node4-1 Started 
 Container docker-des-node1-1 Started 
 Container docker-des-node6-1 Started 
== collect -> results/20260927-145603-fms-7-wifi
# Execução `20260927-145603-fms-7-wifi`

- problema `fms`, família `LMOD`, **7 containers**, transporte `multicast`, netem `delay 7ms 3ms loss 1%`
- 5 ciclos × 44 passos = 220 passos; **220 executados**, 0 pulados
- impressão digital da configuração: `04511541`
- RTT de aplicação (nó 1, 19 sondas): média 20.24 ms, mín 16.76, máx 22.71
- resultado: **complete**

| nó | supervisores | saída | disparou (local/ctrl/unctrl) | aplicou p/ pares | decifrações (ciclo 1) | HE total ms | quadros tx/rx | retx | oráculo | halt |
|---|---|---|---|---|---|---|---|---|---|---|
| 1 | S0 | 0 | 20/40/40 | 0 | 101 (21) | 219.9 | 169/2105 | 10 | PASS | não |
| 2 | S1 | 0 | 20/0/0 | 80 | 101 (21) | 321.9 | 329/1983 | 0 | PASS | não |
| 3 | S2 | 0 | 20/0/0 | 80 | 100 (20) | 316.9 | 330/1996 | 0 | PASS | não |
| 4 | S3 | 0 | 20/0/0 | 80 | 103 (23) | 315.2 | 328/1968 | 0 | PASS | não |
| 5 | S4 | 0 | 0/20/10 | 80 | 114 (26) | 348.7 | 366/1967 | 4 | PASS | não |
| 6 | S5 | 0 | 0/0/0 | 110 | 129 (41) | 405.9 | 410/1840 | 0 | PASS | não |
| 7 | S6 | 0 | 30/0/0 | 110 | 150 (38) | 503.4 | 415/1919 | 0 | PASS | não |
| **total** | | | | | **798 (190)** | 2431.9 | 2347/13778 | 14 | | |

Fim de cada ciclo no relógio comum (o **último** nó a terminar), ms: 7206.9, 12848.7, 13691.3, 21053.4, 27012.0

Tempo por passo: ciclo 1 **163.79 ms**; ciclos 2–5 **112.53 ms**

Verificação cruzada com o supervisor MONOLÍTICO: **off**

## Verificações

| verificação | esperado | obtido | |
|---|---|---|---|
| decryptions, whole cell | 798 | 798 | ✅ |
| decryptions, whole cell, cycle 1 | 190 | 190 | ✅ |
| outcome | complete | complete | ✅ |
| same fingerprint on every node | 1 | 1 | ✅ |
| oracle PASS on every node | True | True | ✅ |
| crypto self-test PASS on every node | True | True | ✅ |

**TODAS AS VERIFICAÇÕES PASSARAM**


################ fms-7
== build (scenarios/fms-7.env)
 Image docker-des:fms-7n-LMOD-r5-w0 Building 
#1 [internal] load local bake definitions
#1 reading from stdin 784B done
#1 DONE 0.0s

#2 [internal] load build definition from Dockerfile
#2 transferring dockerfile: 3.38kB done
#2 DONE 0.0s

#3 resolve image config for docker-image://docker.io/docker/dockerfile:1
#3 DONE 0.6s

#4 docker-image://docker.io/docker/dockerfile:1@sha256:ecfaec9ed6d810b56388c508f4121597bfbba70d41a6dfeee4d8cad5f295fc32
#4 resolve docker.io/docker/dockerfile:1@sha256:ecfaec9ed6d810b56388c508f4121597bfbba70d41a6dfeee4d8cad5f295fc32 0.0s done
#4 CACHED

#5 [internal] load metadata for docker.io/library/ubuntu:26.04
#5 DONE 12.6s

#6 [internal] load .dockerignore
#6 transferring context: 2B done
#6 DONE 0.0s

#7 [internal] load build context
#7 transferring context: 542B done
#7 DONE 0.0s

#8 [build 1/7] FROM docker.io/library/ubuntu:26.04@sha256:da6fc2be547864451aa253836dd926da33623312df4a9a243e35dc877c378a78
#8 resolve docker.io/library/ubuntu:26.04@sha256:da6fc2be547864451aa253836dd926da33623312df4a9a243e35dc877c378a78 0.0s done
#8 DONE 0.0s

#9 [build 4/7] COPY engine/ engine/
#9 CACHED

#10 [stage-1 3/4] COPY --from=build /out/ /opt/des/bin/
#10 CACHED

#11 [build 3/7] WORKDIR /src
#11 CACHED

#12 [build 6/7] RUN cd engine && sha256sum -c --quiet SHA256SUMS
#12 CACHED

#13 [build 2/7] RUN apt-get update  && apt-get install -y --no-install-recommends g++ libmbedtls-dev  && rm -rf /var/lib/apt/lists/*
#13 CACHED

#14 [build 5/7] COPY src/ src/
#14 CACHED

#15 [build 7/7] RUN set -eu; mkdir -p /out; pids="";     for id in $(seq 1 "7"); do       g++ -std=c++17 -O2 -Wall -Wextra -Iengine -Isrc           -DDES_DATA_HEADER=""supervisor_data_fms.h""           -DDES_NODE_ID="$id" -DDES_NUM_NODES="7"           -DDES_FAMILY="DES_FAMILY_LMOD"           -DDES_ROUNDS="5" -DDES_WORK_MS="0"                      -o "/out/des_node$id" src/des_container_main.cpp           -l:libmbedcrypto.a &       pids="$pids $!";     done;     for p in $pids; do wait "$p"; done;     { echo "DES_PROBLEM=fms"; echo "DES_NUM_NODES=7";       echo "DES_FAMILY=LMOD"; echo "DES_ROUNDS=5";       echo "DES_WORK_MS=0"; echo "DES_EXTRA_FLAGS=";       echo "mbedtls=$(dpkg-query -W -f='${Version}' libmbedtls-dev)";       echo "gxx=$(g++ -dumpfullversion)"; } > /out/BUILD_INFO;     cat /out/BUILD_INFO
#15 CACHED

#16 [stage-1 2/4] RUN apt-get update  && apt-get install -y --no-install-recommends iproute2  && rm -rf /var/lib/apt/lists/*  && useradd --system --no-create-home --shell /usr/sbin/nologin des
#16 CACHED

#17 [stage-1 4/4] COPY --chmod=0755 docker/entrypoint.sh /usr/local/bin/des-entrypoint
#17 CACHED

#18 exporting to image
#18 exporting layers done
#18 exporting manifest sha256:bc5ff42da8862e0684e66114effb8d6a4ec04a9f26c23963746612c6cce46d29 done
#18 exporting config sha256:b21c6c2e6e7c8dd6ea2d39fc4e7ca4deef63bef3185537dd964e99948224a278 done
#18 exporting attestation manifest sha256:8708f12b330ac3c62d0eb7e538b9ac6d2877ea6ba47bcc76d931c667cdbca96b done
#18 exporting manifest list sha256:3e4f51b25408daf77ec9af7abced0e968259bc939eebfba8b8c5bd210481efd2 done
#18 naming to docker.io/library/docker-des:fms-7n-LMOD-r5-w0 done
#18 unpacking to docker.io/library/docker-des:fms-7n-LMOD-r5-w0 done
#18 DONE 0.1s

#19 resolving provenance for metadata file
#19 DONE 0.0s
 Image docker-des:fms-7n-LMOD-r5-w0 Built 
== run: node1 node2 node3 node4 node5 node6 node7
 Network docker-des_cell Creating 
 Network docker-des_cell Creating 
 Network docker-des_cell Created 
 Network docker-des_cell Created 
 Container docker-des-node7-1 Creating 
 Container docker-des-node4-1 Creating 
 Container docker-des-node6-1 Creating 
 Container docker-des-node5-1 Creating 
 Container docker-des-node2-1 Creating 
 Container docker-des-node3-1 Creating 
 Container docker-des-node1-1 Creating 
 Container docker-des-node7-1 Created 
 Container docker-des-node5-1 Created 
 Container docker-des-node1-1 Created 
 Container docker-des-node4-1 Created 
 Container docker-des-node6-1 Created 
 Container docker-des-node3-1 Created 
 Container docker-des-node2-1 Created 
 Container docker-des-node4-1 Starting 
 Container docker-des-node5-1 Starting 
 Container docker-des-node7-1 Starting 
 Container docker-des-node3-1 Starting 
 Container docker-des-node1-1 Starting 
 Container docker-des-node6-1 Starting 
 Container docker-des-node2-1 Starting 
 Container docker-des-node4-1 Started 
 Container docker-des-node5-1 Started 
 Container docker-des-node7-1 Started 
 Container docker-des-node3-1 Started 
 Container docker-des-node1-1 Started 
 Container docker-des-node6-1 Started 
 Container docker-des-node2-1 Started 
== collect -> results/20260927-145653-fms-7
# Execução `20260927-145653-fms-7`

- problema `fms`, família `LMOD`, **7 containers**, transporte `multicast`
- 5 ciclos × 44 passos = 220 passos; **220 executados**, 0 pulados
- impressão digital da configuração: `04511541`
- RTT de aplicação (nó 1, 20 sondas): média 4.74 ms, mín 3.17, máx 5.89
- resultado: **complete**

| nó | supervisores | saída | disparou (local/ctrl/unctrl) | aplicou p/ pares | decifrações (ciclo 1) | HE total ms | quadros tx/rx | retx | oráculo | halt |
|---|---|---|---|---|---|---|---|---|---|---|
| 1 | S0 | 0 | 20/40/40 | 0 | 101 (21) | 89.9 | 159/1624 | 0 | PASS | não |
| 2 | S1 | 0 | 20/0/0 | 80 | 101 (21) | 107.7 | 239/1497 | 0 | PASS | não |
| 3 | S2 | 0 | 20/0/0 | 80 | 100 (20) | 106.9 | 241/1564 | 0 | PASS | não |
| 4 | S3 | 0 | 20/0/0 | 80 | 103 (23) | 107.6 | 243/1571 | 0 | PASS | não |
| 5 | S4 | 0 | 0/20/10 | 80 | 114 (26) | 120.6 | 292/1521 | 0 | PASS | não |
| 6 | S5 | 0 | 0/0/0 | 110 | 129 (41) | 148.4 | 319/1447 | 0 | PASS | não |
| 7 | S6 | 0 | 30/0/0 | 110 | 150 (38) | 193.5 | 321/1486 | 0 | PASS | não |
| **total** | | | | | **798 (190)** | 874.6 | 1814/10710 | 0 | | |

Fim de cada ciclo no relógio comum (o **último** nó a terminar), ms: 284.9, 475.9, 661.5, 850.7, 1041.4

Tempo por passo: ciclo 1 **6.47 ms**; ciclos 2–5 **4.30 ms**

Verificação cruzada com o supervisor MONOLÍTICO: **off**

## Verificações

| verificação | esperado | obtido | |
|---|---|---|---|
| decryptions, whole cell | 798 | 798 | ✅ |
| decryptions, whole cell, cycle 1 | 190 | 190 | ✅ |
| outcome | complete | complete | ✅ |
| same fingerprint on every node | 1 | 1 | ✅ |
| oracle PASS on every node | True | True | ✅ |
| crypto self-test PASS on every node | True | True | ✅ |

**TODAS AS VERIFICAÇÕES PASSARAM**


================ verdicts
  esf-2-lockstep         PASS
  fms-1                  PASS
  fms-2-loss30           PASS
  fms-2                  PASS
  fms-7-loss5-fast       PASS
  fms-7-loss5            PASS
  fms-7-unicast          PASS
  fms-7-wifi             PASS
  fms-7                  PASS
######## REPETIÇÃO 4/5

################ esf-2-lockstep
== build (scenarios/esf-2-lockstep.env)
 Image docker-des:extended_small_factory-2n-LMOD-r5-w0-lockstep Building 
#1 [internal] load local bake definitions
#1 reading from stdin 853B done
#1 DONE 0.0s

#2 [internal] load build definition from Dockerfile
#2 transferring dockerfile: 3.38kB done
#2 DONE 0.0s

#3 resolve image config for docker-image://docker.io/docker/dockerfile:1
#3 DONE 0.2s

#4 docker-image://docker.io/docker/dockerfile:1@sha256:ecfaec9ed6d810b56388c508f4121597bfbba70d41a6dfeee4d8cad5f295fc32
#4 resolve docker.io/docker/dockerfile:1@sha256:ecfaec9ed6d810b56388c508f4121597bfbba70d41a6dfeee4d8cad5f295fc32 0.0s done
#4 CACHED

#5 [internal] load metadata for docker.io/library/ubuntu:26.04
#5 DONE 0.2s

#6 [internal] load .dockerignore
#6 transferring context: 2B done
#6 DONE 0.0s

#7 [internal] load build context
#7 transferring context: 542B done
#7 DONE 0.0s

#8 [build 1/7] FROM docker.io/library/ubuntu:26.04@sha256:da6fc2be547864451aa253836dd926da33623312df4a9a243e35dc877c378a78
#8 resolve docker.io/library/ubuntu:26.04@sha256:da6fc2be547864451aa253836dd926da33623312df4a9a243e35dc877c378a78 0.0s done
#8 DONE 0.0s

#9 [stage-1 2/4] RUN apt-get update  && apt-get install -y --no-install-recommends iproute2  && rm -rf /var/lib/apt/lists/*  && useradd --system --no-create-home --shell /usr/sbin/nologin des
#9 CACHED

#10 [build 3/7] WORKDIR /src
#10 CACHED

#11 [build 4/7] COPY engine/ engine/
#11 CACHED

#12 [build 7/7] RUN set -eu; mkdir -p /out; pids="";     for id in $(seq 1 "2"); do       g++ -std=c++17 -O2 -Wall -Wextra -Iengine -Isrc           -DDES_DATA_HEADER=""supervisor_data_extended_small_factory.h""           -DDES_NODE_ID="$id" -DDES_NUM_NODES="2"           -DDES_FAMILY="DES_FAMILY_LMOD"           -DDES_ROUNDS="5" -DDES_WORK_MS="0"           -DDES_BENCH_LOCKSTEP=1           -o "/out/des_node$id" src/des_container_main.cpp           -l:libmbedcrypto.a &       pids="$pids $!";     done;     for p in $pids; do wait "$p"; done;     { echo "DES_PROBLEM=extended_small_factory"; echo "DES_NUM_NODES=2";       echo "DES_FAMILY=LMOD"; echo "DES_ROUNDS=5";       echo "DES_WORK_MS=0"; echo "DES_EXTRA_FLAGS=-DDES_BENCH_LOCKSTEP=1";       echo "mbedtls=$(dpkg-query -W -f='${Version}' libmbedtls-dev)";       echo "gxx=$(g++ -dumpfullversion)"; } > /out/BUILD_INFO;     cat /out/BUILD_INFO
#12 CACHED

#13 [stage-1 3/4] COPY --from=build /out/ /opt/des/bin/
#13 CACHED

#14 [build 5/7] COPY src/ src/
#14 CACHED

#15 [build 2/7] RUN apt-get update  && apt-get install -y --no-install-recommends g++ libmbedtls-dev  && rm -rf /var/lib/apt/lists/*
#15 CACHED

#16 [build 6/7] RUN cd engine && sha256sum -c --quiet SHA256SUMS
#16 CACHED

#17 [stage-1 4/4] COPY --chmod=0755 docker/entrypoint.sh /usr/local/bin/des-entrypoint
#17 CACHED

#18 exporting to image
#18 exporting layers done
#18 exporting manifest sha256:65714e050eeb6256e43a5a12e5613da1f236b02e89d727f222e0d698fabf7912 done
#18 exporting config sha256:d428c0c6e2d2c7dc1e1ba3a87878090d4a397a3f7d1ff68ed21ad448668fc60f done
#18 exporting attestation manifest sha256:9471d2ea3ec67482c64492c1336b76301ec55a1da2b0c0a5e2c9ec4cc46f0155 done
#18 exporting manifest list sha256:95576aace5e3beb399726eebdcf6772c67bf3bcd81b212286a0eb99f01a85166 0.0s done
#18 naming to docker.io/library/docker-des:extended_small_factory-2n-LMOD-r5-w0-lockstep
#18 naming to docker.io/library/docker-des:extended_small_factory-2n-LMOD-r5-w0-lockstep done
#18 unpacking to docker.io/library/docker-des:extended_small_factory-2n-LMOD-r5-w0-lockstep 0.0s done
#18 DONE 0.1s

#19 resolving provenance for metadata file
#19 DONE 0.0s
 Image docker-des:extended_small_factory-2n-LMOD-r5-w0-lockstep Built 
== run: node1 node2
 Network docker-des_cell Creating 
 Network docker-des_cell Creating 
 Network docker-des_cell Created 
 Network docker-des_cell Created 
 Container docker-des-node2-1 Creating 
 Container docker-des-node1-1 Creating 
 Container docker-des-node2-1 Created 
 Container docker-des-node1-1 Created 
 Container docker-des-node2-1 Starting 
 Container docker-des-node1-1 Starting 
 Container docker-des-node2-1 Started 
 Container docker-des-node1-1 Started 
== collect -> results/20260927-145716-esf-2-lockstep
# Execução `20260927-145716-esf-2-lockstep`

- problema `extended_small_factory`, família `LMOD`, **2 containers**, transporte `multicast`
- 5 ciclos × 6 passos = 30 passos; **30 executados**, 0 pulados
- impressão digital da configuração: `d42d57d1`
- RTT de aplicação (nó 1, 20 sondas): média 4.22 ms, mín 2.25, máx 6.41
- resultado: **complete**

| nó | supervisores | saída | disparou (local/ctrl/unctrl) | aplicou p/ pares | decifrações (ciclo 1) | HE total ms | quadros tx/rx | retx | oráculo | halt |
|---|---|---|---|---|---|---|---|---|---|---|
| 1 | S0 | 0 | 10/5/5 | 0 | 20 (4) | 26.8 | 63/62 | 0 | PASS | não |
| 2 | S1 | 0 | 10/0/0 | 10 | 20 (4) | 24.7 | 63/63 | 0 | PASS | não |
| **total** | | | | | **40 (8)** | 51.5 | 126/125 | 0 | | |

Fim de cada ciclo no relógio comum (o **último** nó a terminar), ms: 51.4, 81.7, 107.6, 132.4, 160.6

Tempo por passo: ciclo 1 **8.57 ms**; ciclos 2–5 **4.55 ms**

Verificação cruzada com o supervisor MONOLÍTICO: **PASS**

## Verificações

| verificação | esperado | obtido | |
|---|---|---|---|
| decryptions, whole cell, cycle 1 | 8 | 8 | ✅ |
| monolithic cross-check | PASS | PASS | ✅ |
| outcome | complete | complete | ✅ |
| same fingerprint on every node | 1 | 1 | ✅ |
| oracle PASS on every node | True | True | ✅ |
| crypto self-test PASS on every node | True | True | ✅ |

**TODAS AS VERIFICAÇÕES PASSARAM**


################ fms-1
== build (scenarios/fms-1.env)
 Image docker-des:fms-1n-LMOD-r5-w0 Building 
#1 [internal] load local bake definitions
#1 reading from stdin 784B done
#1 DONE 0.0s

#2 [internal] load build definition from Dockerfile
#2 transferring dockerfile: 3.38kB done
#2 DONE 0.0s

#3 resolve image config for docker-image://docker.io/docker/dockerfile:1
#3 DONE 12.3s

#4 docker-image://docker.io/docker/dockerfile:1@sha256:ecfaec9ed6d810b56388c508f4121597bfbba70d41a6dfeee4d8cad5f295fc32
#4 resolve docker.io/docker/dockerfile:1@sha256:ecfaec9ed6d810b56388c508f4121597bfbba70d41a6dfeee4d8cad5f295fc32 0.0s done
#4 CACHED

#5 [internal] load metadata for docker.io/library/ubuntu:26.04
#5 DONE -11.8s

#6 [internal] load .dockerignore
#6 transferring context: 2B done
#6 DONE 0.0s

#7 [internal] load build context
#7 transferring context: 542B done
#7 DONE 0.0s

#8 [build 1/7] FROM docker.io/library/ubuntu:26.04@sha256:da6fc2be547864451aa253836dd926da33623312df4a9a243e35dc877c378a78
#8 resolve docker.io/library/ubuntu:26.04@sha256:da6fc2be547864451aa253836dd926da33623312df4a9a243e35dc877c378a78 0.0s done
#8 DONE 0.0s

#9 [build 5/7] COPY src/ src/
#9 CACHED

#10 [stage-1 3/4] COPY --from=build /out/ /opt/des/bin/
#10 CACHED

#11 [build 6/7] RUN cd engine && sha256sum -c --quiet SHA256SUMS
#11 CACHED

#12 [build 4/7] COPY engine/ engine/
#12 CACHED

#13 [build 7/7] RUN set -eu; mkdir -p /out; pids="";     for id in $(seq 1 "1"); do       g++ -std=c++17 -O2 -Wall -Wextra -Iengine -Isrc           -DDES_DATA_HEADER=""supervisor_data_fms.h""           -DDES_NODE_ID="$id" -DDES_NUM_NODES="1"           -DDES_FAMILY="DES_FAMILY_LMOD"           -DDES_ROUNDS="5" -DDES_WORK_MS="0"                      -o "/out/des_node$id" src/des_container_main.cpp           -l:libmbedcrypto.a &       pids="$pids $!";     done;     for p in $pids; do wait "$p"; done;     { echo "DES_PROBLEM=fms"; echo "DES_NUM_NODES=1";       echo "DES_FAMILY=LMOD"; echo "DES_ROUNDS=5";       echo "DES_WORK_MS=0"; echo "DES_EXTRA_FLAGS=";       echo "mbedtls=$(dpkg-query -W -f='${Version}' libmbedtls-dev)";       echo "gxx=$(g++ -dumpfullversion)"; } > /out/BUILD_INFO;     cat /out/BUILD_INFO
#13 CACHED

#14 [stage-1 2/4] RUN apt-get update  && apt-get install -y --no-install-recommends iproute2  && rm -rf /var/lib/apt/lists/*  && useradd --system --no-create-home --shell /usr/sbin/nologin des
#14 CACHED

#15 [build 2/7] RUN apt-get update  && apt-get install -y --no-install-recommends g++ libmbedtls-dev  && rm -rf /var/lib/apt/lists/*
#15 CACHED

#16 [build 3/7] WORKDIR /src
#16 CACHED

#17 [stage-1 4/4] COPY --chmod=0755 docker/entrypoint.sh /usr/local/bin/des-entrypoint
#17 CACHED

#18 exporting to image
#18 exporting layers done
#18 exporting manifest sha256:c2e91d0edb2e02a703c79d4a89d3bf306106bb7cdae6d684c8d74e96d51dcb8a done
#18 exporting config sha256:97a0c80ed1e323f29806796b4ba2966137e5dafae5c371d0a1fb294aeaf3640d done
#18 exporting attestation manifest sha256:ae18b3c34829ac92a8aef05ffcbda4fed7b5f002fd1cc42e1d9b6ddb551fcfdc
#18 exporting attestation manifest sha256:ae18b3c34829ac92a8aef05ffcbda4fed7b5f002fd1cc42e1d9b6ddb551fcfdc 0.0s done
#18 exporting manifest list sha256:8b8b616e3468e1117166c33f959c6eb252480b4b7867d284292a0342cba8cf8f 0.0s done
#18 naming to docker.io/library/docker-des:fms-1n-LMOD-r5-w0 done
#18 unpacking to docker.io/library/docker-des:fms-1n-LMOD-r5-w0 done
#18 DONE 0.1s

#19 resolving provenance for metadata file
#19 DONE 0.0s
 Image docker-des:fms-1n-LMOD-r5-w0 Built 
== run: node1
 Network docker-des_cell Creating 
 Network docker-des_cell Creating 
 Network docker-des_cell Created 
 Network docker-des_cell Created 
 Container docker-des-node1-1 Creating 
 Container docker-des-node1-1 Created 
 Container docker-des-node1-1 Starting 
 Container docker-des-node1-1 Started 
== collect -> results/20260927-145734-fms-1
# Execução `20260927-145734-fms-1`

- problema `fms`, família `LMOD`, **1 containers**, transporte `multicast`
- 5 ciclos × 44 passos = 220 passos; **220 executados**, 0 pulados
- impressão digital da configuração: `3f2beff2`
- resultado: **complete**

| nó | supervisores | saída | disparou (local/ctrl/unctrl) | aplicou p/ pares | decifrações (ciclo 1) | HE total ms | quadros tx/rx | retx | oráculo | halt |
|---|---|---|---|---|---|---|---|---|---|---|
| 1 | S0 S1 S2 S3 S4 S5 S6 | 0 | 220/0/0 | 0 | 798 (190) | 395.4 | 0/0 | 0 | PASS | não |
| **total** | | | | | **798 (190)** | 395.4 | 0/0 | 0 | | |

Fim de cada ciclo no relógio comum (o **último** nó a terminar), ms: 114.1, 185.5, 258.1, 328.9, 402.0

Tempo por passo: ciclo 1 **2.59 ms**; ciclos 2–5 **1.64 ms**

Verificação cruzada com o supervisor MONOLÍTICO: **off**

## Verificações

| verificação | esperado | obtido | |
|---|---|---|---|
| decryptions, whole cell | 798 | 798 | ✅ |
| decryptions, whole cell, cycle 1 | 190 | 190 | ✅ |
| outcome | complete | complete | ✅ |
| same fingerprint on every node | 1 | 1 | ✅ |
| oracle PASS on every node | True | True | ✅ |
| crypto self-test PASS on every node | True | True | ✅ |

**TODAS AS VERIFICAÇÕES PASSARAM**


################ fms-2-loss30
== build (scenarios/fms-2-loss30.env)
 Image docker-des:fms-2n-LMOD-r5-w0-loss30 Building 
#1 [internal] load local bake definitions
#1 reading from stdin 817B done
#1 DONE 0.0s

#2 [internal] load build definition from Dockerfile
#2 transferring dockerfile: 3.38kB done
#2 DONE 0.0s

#3 resolve image config for docker-image://docker.io/docker/dockerfile:1
#3 DONE 12.3s

#4 docker-image://docker.io/docker/dockerfile:1@sha256:ecfaec9ed6d810b56388c508f4121597bfbba70d41a6dfeee4d8cad5f295fc32
#4 resolve docker.io/docker/dockerfile:1@sha256:ecfaec9ed6d810b56388c508f4121597bfbba70d41a6dfeee4d8cad5f295fc32 0.0s done
#4 CACHED

#5 [internal] load metadata for docker.io/library/ubuntu:26.04
#5 DONE 0.2s

#6 [internal] load .dockerignore
#6 transferring context: 2B done
#6 DONE 0.0s

#7 [internal] load build context
#7 transferring context: 542B done
#7 DONE 0.0s

#8 [build 1/7] FROM docker.io/library/ubuntu:26.04@sha256:da6fc2be547864451aa253836dd926da33623312df4a9a243e35dc877c378a78
#8 resolve docker.io/library/ubuntu:26.04@sha256:da6fc2be547864451aa253836dd926da33623312df4a9a243e35dc877c378a78 0.0s done
#8 DONE 0.0s

#9 [stage-1 3/4] COPY --from=build /out/ /opt/des/bin/
#9 CACHED

#10 [stage-1 2/4] RUN apt-get update  && apt-get install -y --no-install-recommends iproute2  && rm -rf /var/lib/apt/lists/*  && useradd --system --no-create-home --shell /usr/sbin/nologin des
#10 CACHED

#11 [build 3/7] WORKDIR /src
#11 CACHED

#12 [build 5/7] COPY src/ src/
#12 CACHED

#13 [build 4/7] COPY engine/ engine/
#13 CACHED

#14 [build 6/7] RUN cd engine && sha256sum -c --quiet SHA256SUMS
#14 CACHED

#15 [build 2/7] RUN apt-get update  && apt-get install -y --no-install-recommends g++ libmbedtls-dev  && rm -rf /var/lib/apt/lists/*
#15 CACHED

#16 [build 7/7] RUN set -eu; mkdir -p /out; pids="";     for id in $(seq 1 "2"); do       g++ -std=c++17 -O2 -Wall -Wextra -Iengine -Isrc           -DDES_DATA_HEADER=""supervisor_data_fms.h""           -DDES_NODE_ID="$id" -DDES_NUM_NODES="2"           -DDES_FAMILY="DES_FAMILY_LMOD"           -DDES_ROUNDS="5" -DDES_WORK_MS="0"           -DDES_SIMULATE_LOSS_PCT=30           -o "/out/des_node$id" src/des_container_main.cpp           -l:libmbedcrypto.a &       pids="$pids $!";     done;     for p in $pids; do wait "$p"; done;     { echo "DES_PROBLEM=fms"; echo "DES_NUM_NODES=2";       echo "DES_FAMILY=LMOD"; echo "DES_ROUNDS=5";       echo "DES_WORK_MS=0"; echo "DES_EXTRA_FLAGS=-DDES_SIMULATE_LOSS_PCT=30";       echo "mbedtls=$(dpkg-query -W -f='${Version}' libmbedtls-dev)";       echo "gxx=$(g++ -dumpfullversion)"; } > /out/BUILD_INFO;     cat /out/BUILD_INFO
#16 CACHED

#17 [stage-1 4/4] COPY --chmod=0755 docker/entrypoint.sh /usr/local/bin/des-entrypoint
#17 CACHED

#18 exporting to image
#18 exporting layers done
#18 exporting manifest sha256:24403836c7a00bcaaee5cf720dfdb4520ff7acc99f32e1cbbe5c963c11f1778b done
#18 exporting config sha256:0de827b77a4728b76303265f84057818422b8d16da0a237ad4f92cc3f0f4c969
#18 exporting config sha256:0de827b77a4728b76303265f84057818422b8d16da0a237ad4f92cc3f0f4c969 done
#18 exporting attestation manifest sha256:08de13d3bfa406714f26db039f9980f92a8e9fddd1d244caca8fee20c2d1c718 0.0s done
#18 exporting manifest list sha256:fb091c67764d501aeeb8c420b59779f469f6e8422cf8d01b2aefd72313d8c0cb done
#18 naming to docker.io/library/docker-des:fms-2n-LMOD-r5-w0-loss30 done
#18 unpacking to docker.io/library/docker-des:fms-2n-LMOD-r5-w0-loss30 done
#18 DONE 0.1s

#19 resolving provenance for metadata file
#19 DONE 0.0s
 Image docker-des:fms-2n-LMOD-r5-w0-loss30 Built 
== run: node1 node2
 Network docker-des_cell Creating 
 Network docker-des_cell Creating 
 Network docker-des_cell Created 
 Network docker-des_cell Created 
 Container docker-des-node2-1 Creating 
 Container docker-des-node1-1 Creating 
 Container docker-des-node2-1 Created 
 Container docker-des-node1-1 Created 
 Container docker-des-node2-1 Starting 
 Container docker-des-node1-1 Starting 
 Container docker-des-node2-1 Started 
 Container docker-des-node1-1 Started 
== collect -> results/20260927-145749-fms-2-loss30
# Execução `20260927-145749-fms-2-loss30`

- problema `fms`, família `LMOD`, **2 containers**, transporte `multicast`
- 5 ciclos × 44 passos = 220 passos; **32 executados**, 0 pulados, 188 não alcançados (execução interrompida)
- impressão digital da configuração: `edbd7971`
- RTT de aplicação (nó 1, 6 sondas): média 4.24 ms, mín 2.90, máx 4.82
- resultado: **halt** — SAFE HALT nos nós [1, 2]

| nó | supervisores | saída | disparou (local/ctrl/unctrl) | aplicou p/ pares | decifrações (ciclo 1) | HE total ms | quadros tx/rx | retx | oráculo | halt |
|---|---|---|---|---|---|---|---|---|---|---|
| 1 | S0 S1 S2 S3 | 2 | 13/5/5 | 0 | 58 (58) | 98.2 | 73/133 | 23 | PASS | **COMMIT unacknowledged — a participant may not have applied a shared event** |
| 2 | S4 S5 S6 | 2 | 9/0/0 | 11 | 77 (77) | 161.0 | 196/47 | 0 | PASS | **a peer halted** |
| **total** | | | | | **135 (135)** | 259.2 | 269/180 | 23 | | |

Verificação cruzada com o supervisor MONOLÍTICO: **off**

## Verificações

| verificação | esperado | obtido | |
|---|---|---|---|
| outcome | halt | halt | ✅ |

**TODAS AS VERIFICAÇÕES PASSARAM**


################ fms-2
== build (scenarios/fms-2.env)
 Image docker-des:fms-2n-LMOD-r5-w0 Building 
#1 [internal] load local bake definitions
#1 reading from stdin 784B done
#1 DONE 0.0s

#2 [internal] load build definition from Dockerfile
#2 transferring dockerfile: 3.38kB done
#2 DONE 0.0s

#3 resolve image config for docker-image://docker.io/docker/dockerfile:1
#3 DONE -11.5s

#4 docker-image://docker.io/docker/dockerfile:1@sha256:ecfaec9ed6d810b56388c508f4121597bfbba70d41a6dfeee4d8cad5f295fc32
#4 resolve docker.io/docker/dockerfile:1@sha256:ecfaec9ed6d810b56388c508f4121597bfbba70d41a6dfeee4d8cad5f295fc32 0.0s done
#4 CACHED

#5 [internal] load metadata for docker.io/library/ubuntu:26.04
#5 DONE 0.5s

#6 [internal] load .dockerignore
#6 transferring context: 2B done
#6 DONE 0.0s

#7 [internal] load build context
#7 transferring context: 542B done
#7 DONE 0.0s

#8 [build 1/7] FROM docker.io/library/ubuntu:26.04@sha256:da6fc2be547864451aa253836dd926da33623312df4a9a243e35dc877c378a78
#8 resolve docker.io/library/ubuntu:26.04@sha256:da6fc2be547864451aa253836dd926da33623312df4a9a243e35dc877c378a78 0.0s done
#8 DONE 0.0s

#9 [stage-1 2/4] RUN apt-get update  && apt-get install -y --no-install-recommends iproute2  && rm -rf /var/lib/apt/lists/*  && useradd --system --no-create-home --shell /usr/sbin/nologin des
#9 CACHED

#10 [build 4/7] COPY engine/ engine/
#10 CACHED

#11 [build 3/7] WORKDIR /src
#11 CACHED

#12 [build 6/7] RUN cd engine && sha256sum -c --quiet SHA256SUMS
#12 CACHED

#13 [build 7/7] RUN set -eu; mkdir -p /out; pids="";     for id in $(seq 1 "2"); do       g++ -std=c++17 -O2 -Wall -Wextra -Iengine -Isrc           -DDES_DATA_HEADER=""supervisor_data_fms.h""           -DDES_NODE_ID="$id" -DDES_NUM_NODES="2"           -DDES_FAMILY="DES_FAMILY_LMOD"           -DDES_ROUNDS="5" -DDES_WORK_MS="0"                      -o "/out/des_node$id" src/des_container_main.cpp           -l:libmbedcrypto.a &       pids="$pids $!";     done;     for p in $pids; do wait "$p"; done;     { echo "DES_PROBLEM=fms"; echo "DES_NUM_NODES=2";       echo "DES_FAMILY=LMOD"; echo "DES_ROUNDS=5";       echo "DES_WORK_MS=0"; echo "DES_EXTRA_FLAGS=";       echo "mbedtls=$(dpkg-query -W -f='${Version}' libmbedtls-dev)";       echo "gxx=$(g++ -dumpfullversion)"; } > /out/BUILD_INFO;     cat /out/BUILD_INFO
#13 CACHED

#14 [build 5/7] COPY src/ src/
#14 CACHED

#15 [stage-1 3/4] COPY --from=build /out/ /opt/des/bin/
#15 CACHED

#16 [build 2/7] RUN apt-get update  && apt-get install -y --no-install-recommends g++ libmbedtls-dev  && rm -rf /var/lib/apt/lists/*
#16 CACHED

#17 [stage-1 4/4] COPY --chmod=0755 docker/entrypoint.sh /usr/local/bin/des-entrypoint
#17 CACHED

#18 exporting to image
#18 exporting layers done
#18 exporting manifest sha256:94792729c2ab4843cf460e52b8b7f2602dbe849bc1090b3ad0e5134479d2f7e0 done
#18 exporting config sha256:62daab3f9dfd6c77ccef390eaa528cb12583253106259669082a13e098690cf4 done
#18 exporting attestation manifest sha256:f50ffe09171b8f5df4dda4af1be9a5933f90abf25ca574d932bcf1b373b4bc95
#18 exporting attestation manifest sha256:f50ffe09171b8f5df4dda4af1be9a5933f90abf25ca574d932bcf1b373b4bc95 0.0s done
#18 exporting manifest list sha256:97c5ab13a05b2aa1429b94964c911964c5fee690fdfcd9d9141e751b73c151f4 0.0s done
#18 naming to docker.io/library/docker-des:fms-2n-LMOD-r5-w0 done
#18 unpacking to docker.io/library/docker-des:fms-2n-LMOD-r5-w0 done
#18 DONE 0.1s

#19 resolving provenance for metadata file
#19 DONE 0.0s
 Image docker-des:fms-2n-LMOD-r5-w0 Built 
== run: node1 node2
 Network docker-des_cell Creating 
 Network docker-des_cell Creating 
 Network docker-des_cell Created 
 Network docker-des_cell Created 
 Container docker-des-node2-1 Creating 
 Container docker-des-node1-1 Creating 
 Container docker-des-node1-1 Created 
 Container docker-des-node2-1 Created 
 Container docker-des-node2-1 Starting 
 Container docker-des-node1-1 Starting 
 Container docker-des-node2-1 Started 
 Container docker-des-node1-1 Started 
== collect -> results/20260927-145850-fms-2
# Execução `20260927-145850-fms-2`

- problema `fms`, família `LMOD`, **2 containers**, transporte `multicast`
- 5 ciclos × 44 passos = 220 passos; **220 executados**, 0 pulados
- impressão digital da configuração: `edbd7971`
- RTT de aplicação (nó 1, 20 sondas): média 3.80 ms, mín 2.22, máx 5.28
- resultado: **complete**

| nó | supervisores | saída | disparou (local/ctrl/unctrl) | aplicou p/ pares | decifrações (ciclo 1) | HE total ms | quadros tx/rx | retx | oráculo | halt |
|---|---|---|---|---|---|---|---|---|---|---|
| 1 | S0 S1 S2 S3 | 0 | 80/40/40 | 0 | 405 (85) | 212.7 | 148/229 | 0 | PASS | não |
| 2 | S4 S5 S6 | 0 | 60/0/0 | 80 | 393 (105) | 224.9 | 229/148 | 0 | PASS | não |
| **total** | | | | | **798 (190)** | 437.6 | 377/377 | 0 | | |

Fim de cada ciclo no relógio comum (o **último** nó a terminar), ms: 228.5, 383.2, 519.6, 658.5, 812.6

Tempo por passo: ciclo 1 **5.19 ms**; ciclos 2–5 **3.32 ms**

Verificação cruzada com o supervisor MONOLÍTICO: **off**

## Verificações

| verificação | esperado | obtido | |
|---|---|---|---|
| config fingerprint | edbd7971 | edbd7971 | ✅ |
| decryptions per node | 405 393 | 405 393 | ✅ |
| decryptions per node, cycle 1 | 85 105 | 85 105 | ✅ |
| outcome | complete | complete | ✅ |
| same fingerprint on every node | 1 | 1 | ✅ |
| oracle PASS on every node | True | True | ✅ |
| crypto self-test PASS on every node | True | True | ✅ |

**TODAS AS VERIFICAÇÕES PASSARAM**


################ fms-7-loss5-fast
== build (scenarios/fms-7-loss5-fast.env)
 Image docker-des:fms-7n-LMOD-r5-w0-loss5-fast Building 
#1 [internal] load local bake definitions
#1 reading from stdin 870B done
#1 DONE 0.0s

#2 [internal] load build definition from Dockerfile
#2 transferring dockerfile: 3.38kB done
#2 DONE 0.0s

#3 resolve image config for docker-image://docker.io/docker/dockerfile:1
#3 DONE 0.2s

#4 docker-image://docker.io/docker/dockerfile:1@sha256:ecfaec9ed6d810b56388c508f4121597bfbba70d41a6dfeee4d8cad5f295fc32
#4 resolve docker.io/docker/dockerfile:1@sha256:ecfaec9ed6d810b56388c508f4121597bfbba70d41a6dfeee4d8cad5f295fc32 0.0s done
#4 CACHED

#5 [internal] load metadata for docker.io/library/ubuntu:26.04
#5 DONE 0.3s

#6 [internal] load .dockerignore
#6 transferring context: 2B done
#6 DONE 0.0s

#7 [internal] load build context
#7 transferring context: 542B done
#7 DONE 0.0s

#8 [build 1/7] FROM docker.io/library/ubuntu:26.04@sha256:da6fc2be547864451aa253836dd926da33623312df4a9a243e35dc877c378a78
#8 resolve docker.io/library/ubuntu:26.04@sha256:da6fc2be547864451aa253836dd926da33623312df4a9a243e35dc877c378a78 0.0s done
#8 DONE 0.0s

#9 [build 6/7] RUN cd engine && sha256sum -c --quiet SHA256SUMS
#9 CACHED

#10 [stage-1 3/4] COPY --from=build /out/ /opt/des/bin/
#10 CACHED

#11 [stage-1 2/4] RUN apt-get update  && apt-get install -y --no-install-recommends iproute2  && rm -rf /var/lib/apt/lists/*  && useradd --system --no-create-home --shell /usr/sbin/nologin des
#11 CACHED

#12 [build 3/7] WORKDIR /src
#12 CACHED

#13 [build 2/7] RUN apt-get update  && apt-get install -y --no-install-recommends g++ libmbedtls-dev  && rm -rf /var/lib/apt/lists/*
#13 CACHED

#14 [build 7/7] RUN set -eu; mkdir -p /out; pids="";     for id in $(seq 1 "7"); do       g++ -std=c++17 -O2 -Wall -Wextra -Iengine -Isrc           -DDES_DATA_HEADER=""supervisor_data_fms.h""           -DDES_NODE_ID="$id" -DDES_NUM_NODES="7"           -DDES_FAMILY="DES_FAMILY_LMOD"           -DDES_ROUNDS="5" -DDES_WORK_MS="0"           -DDES_SIMULATE_LOSS_PCT=5 -DDES_REQ_TIMEOUT_MS=100 -DDES_ACK_TIMEOUT_MS=100           -o "/out/des_node$id" src/des_container_main.cpp           -l:libmbedcrypto.a &       pids="$pids $!";     done;     for p in $pids; do wait "$p"; done;     { echo "DES_PROBLEM=fms"; echo "DES_NUM_NODES=7";       echo "DES_FAMILY=LMOD"; echo "DES_ROUNDS=5";       echo "DES_WORK_MS=0"; echo "DES_EXTRA_FLAGS=-DDES_SIMULATE_LOSS_PCT=5 -DDES_REQ_TIMEOUT_MS=100 -DDES_ACK_TIMEOUT_MS=100";       echo "mbedtls=$(dpkg-query -W -f='${Version}' libmbedtls-dev)";       echo "gxx=$(g++ -dumpfullversion)"; } > /out/BUILD_INFO;     cat /out/BUILD_INFO
#14 CACHED

#15 [build 4/7] COPY engine/ engine/
#15 CACHED

#16 [build 5/7] COPY src/ src/
#16 CACHED

#17 [stage-1 4/4] COPY --chmod=0755 docker/entrypoint.sh /usr/local/bin/des-entrypoint
#17 CACHED

#18 exporting to image
#18 exporting layers done
#18 exporting manifest sha256:9185ec9060cb112049814bfe2d4e9fc1840b4575a891234d88a1cddc47fb08c0 done
#18 exporting config sha256:d18c5561d08c23f588592617baa662054ef48657f3c2270944a2b19d4ba57218 done
#18 exporting attestation manifest sha256:8e95e224a76c75719d5a8e75cc173091c2428dc446b44b29bbf166f28ff589e9 0.0s done
#18 exporting manifest list sha256:b91b1a2bf60f7272a07be27a0d3d3420b3a08acb747a7289e14d61462bd5f715 done
#18 naming to docker.io/library/docker-des:fms-7n-LMOD-r5-w0-loss5-fast
#18 naming to docker.io/library/docker-des:fms-7n-LMOD-r5-w0-loss5-fast done
#18 unpacking to docker.io/library/docker-des:fms-7n-LMOD-r5-w0-loss5-fast done
#18 DONE 0.1s

#19 resolving provenance for metadata file
#19 DONE 0.0s
 Image docker-des:fms-7n-LMOD-r5-w0-loss5-fast Built 
== run: node1 node2 node3 node4 node5 node6 node7
 Network docker-des_cell Creating 
 Network docker-des_cell Creating 
 Network docker-des_cell Created 
 Network docker-des_cell Created 
 Container docker-des-node7-1 Creating 
 Container docker-des-node5-1 Creating 
 Container docker-des-node1-1 Creating 
 Container docker-des-node2-1 Creating 
 Container docker-des-node4-1 Creating 
 Container docker-des-node6-1 Creating 
 Container docker-des-node3-1 Creating 
 Container docker-des-node1-1 Created 
 Container docker-des-node5-1 Created 
 Container docker-des-node7-1 Created 
 Container docker-des-node6-1 Created 
 Container docker-des-node4-1 Created 
 Container docker-des-node2-1 Created 
 Container docker-des-node3-1 Created 
 Container docker-des-node7-1 Starting 
 Container docker-des-node2-1 Starting 
 Container docker-des-node5-1 Starting 
 Container docker-des-node4-1 Starting 
 Container docker-des-node3-1 Starting 
 Container docker-des-node1-1 Starting 
 Container docker-des-node6-1 Starting 
 Container docker-des-node7-1 Started 
 Container docker-des-node2-1 Started 
 Container docker-des-node5-1 Started 
 Container docker-des-node4-1 Started 
 Container docker-des-node3-1 Started 
 Container docker-des-node1-1 Started 
 Container docker-des-node6-1 Started 
== collect -> results/20260927-145909-fms-7-loss5-fast
# Execução `20260927-145909-fms-7-loss5-fast`

- problema `fms`, família `LMOD`, **7 containers**, transporte `multicast`
- 5 ciclos × 44 passos = 220 passos; **220 executados**, 0 pulados
- impressão digital da configuração: `04511541`
- RTT de aplicação (nó 1, 12 sondas): média 4.41 ms, mín 3.29, máx 5.05
- resultado: **complete**

| nó | supervisores | saída | disparou (local/ctrl/unctrl) | aplicou p/ pares | decifrações (ciclo 1) | HE total ms | quadros tx/rx | retx | oráculo | halt |
|---|---|---|---|---|---|---|---|---|---|---|
| 1 | S0 | 0 | 20/40/40 | 0 | 101 (21) | 311.8 | 226/2099 | 64 | PASS | não |
| 2 | S1 | 0 | 20/0/0 | 80 | 101 (21) | 358.1 | 334/2040 | 0 | PASS | não |
| 3 | S2 | 0 | 20/0/0 | 80 | 100 (20) | 338.0 | 335/2006 | 0 | PASS | não |
| 4 | S3 | 0 | 20/0/0 | 80 | 103 (23) | 360.9 | 337/2020 | 0 | PASS | não |
| 5 | S4 | 0 | 0/20/10 | 80 | 114 (26) | 409.7 | 393/1977 | 12 | PASS | não |
| 6 | S5 | 0 | 0/0/0 | 110 | 129 (41) | 456.5 | 421/1887 | 0 | PASS | não |
| 7 | S6 | 0 | 30/0/0 | 110 | 150 (38) | 566.4 | 424/1955 | 0 | PASS | não |
| **total** | | | | | **798 (190)** | 2801.4 | 2470/13984 | 76 | | |

Fim de cada ciclo no relógio comum (o **último** nó a terminar), ms: 4276.7, 5699.9, 8985.6, 11429.3, 15122.9

Tempo por passo: ciclo 1 **97.20 ms**; ciclos 2–5 **61.63 ms**

Verificação cruzada com o supervisor MONOLÍTICO: **off**

## Verificações

| verificação | esperado | obtido | |
|---|---|---|---|
| decryptions, whole cell | 798 | 798 | ✅ |
| decryptions, whole cell, cycle 1 | 190 | 190 | ✅ |
| outcome | complete | complete | ✅ |
| same fingerprint on every node | 1 | 1 | ✅ |
| oracle PASS on every node | True | True | ✅ |
| crypto self-test PASS on every node | True | True | ✅ |

**TODAS AS VERIFICAÇÕES PASSARAM**


################ fms-7-loss5
== build (scenarios/fms-7-loss5.env)
 Image docker-des:fms-7n-LMOD-r5-w0-loss5 Building 
#1 [internal] load local bake definitions
#1 reading from stdin 815B done
#1 DONE 0.0s

#2 [internal] load build definition from Dockerfile
#2 transferring dockerfile: 3.38kB done
#2 DONE 0.0s

#3 resolve image config for docker-image://docker.io/docker/dockerfile:1
#3 DONE 0.5s

#4 docker-image://docker.io/docker/dockerfile:1@sha256:ecfaec9ed6d810b56388c508f4121597bfbba70d41a6dfeee4d8cad5f295fc32
#4 resolve docker.io/docker/dockerfile:1@sha256:ecfaec9ed6d810b56388c508f4121597bfbba70d41a6dfeee4d8cad5f295fc32 0.0s done
#4 CACHED

#5 [internal] load metadata for docker.io/library/ubuntu:26.04
#5 DONE 0.5s

#6 [internal] load .dockerignore
#6 transferring context: 2B done
#6 DONE 0.0s

#7 [internal] load build context
#7 transferring context: 542B done
#7 DONE 0.0s

#8 [build 1/7] FROM docker.io/library/ubuntu:26.04@sha256:da6fc2be547864451aa253836dd926da33623312df4a9a243e35dc877c378a78
#8 resolve docker.io/library/ubuntu:26.04@sha256:da6fc2be547864451aa253836dd926da33623312df4a9a243e35dc877c378a78 0.0s done
#8 DONE 0.0s

#9 [stage-1 3/4] COPY --from=build /out/ /opt/des/bin/
#9 CACHED

#10 [build 2/7] RUN apt-get update  && apt-get install -y --no-install-recommends g++ libmbedtls-dev  && rm -rf /var/lib/apt/lists/*
#10 CACHED

#11 [build 3/7] WORKDIR /src
#11 CACHED

#12 [build 5/7] COPY src/ src/
#12 CACHED

#13 [stage-1 2/4] RUN apt-get update  && apt-get install -y --no-install-recommends iproute2  && rm -rf /var/lib/apt/lists/*  && useradd --system --no-create-home --shell /usr/sbin/nologin des
#13 CACHED

#14 [build 6/7] RUN cd engine && sha256sum -c --quiet SHA256SUMS
#14 CACHED

#15 [build 4/7] COPY engine/ engine/
#15 CACHED

#16 [build 7/7] RUN set -eu; mkdir -p /out; pids="";     for id in $(seq 1 "7"); do       g++ -std=c++17 -O2 -Wall -Wextra -Iengine -Isrc           -DDES_DATA_HEADER=""supervisor_data_fms.h""           -DDES_NODE_ID="$id" -DDES_NUM_NODES="7"           -DDES_FAMILY="DES_FAMILY_LMOD"           -DDES_ROUNDS="5" -DDES_WORK_MS="0"           -DDES_SIMULATE_LOSS_PCT=5           -o "/out/des_node$id" src/des_container_main.cpp           -l:libmbedcrypto.a &       pids="$pids $!";     done;     for p in $pids; do wait "$p"; done;     { echo "DES_PROBLEM=fms"; echo "DES_NUM_NODES=7";       echo "DES_FAMILY=LMOD"; echo "DES_ROUNDS=5";       echo "DES_WORK_MS=0"; echo "DES_EXTRA_FLAGS=-DDES_SIMULATE_LOSS_PCT=5";       echo "mbedtls=$(dpkg-query -W -f='${Version}' libmbedtls-dev)";       echo "gxx=$(g++ -dumpfullversion)"; } > /out/BUILD_INFO;     cat /out/BUILD_INFO
#16 CACHED

#17 [stage-1 4/4] COPY --chmod=0755 docker/entrypoint.sh /usr/local/bin/des-entrypoint
#17 CACHED

#18 exporting to image
#18 exporting layers done
#18 exporting manifest sha256:ad2cb982a1dd3c6db9f45837a5f494ac1b9064ec98cace3858badfb2ab635190 done
#18 exporting config sha256:8ec489d3eb2a63f518a2aa0847cc3f078ee5ef4f59363c1e7c0506d5dfc38aec done
#18 exporting attestation manifest sha256:4ebbf9804ebf91a4c4d1f77f5bfec49f2e617b57e3ecac7aaae6467d7fe23924 done
#18 exporting manifest list sha256:e11c67ebc1b59a36fe92213248589839b767fc8ee895598e89a02a62b641e452 done
#18 naming to docker.io/library/docker-des:fms-7n-LMOD-r5-w0-loss5 done
#18 unpacking to docker.io/library/docker-des:fms-7n-LMOD-r5-w0-loss5 done
#18 DONE 0.1s

#19 resolving provenance for metadata file
#19 DONE 0.0s
 Image docker-des:fms-7n-LMOD-r5-w0-loss5 Built 
== run: node1 node2 node3 node4 node5 node6 node7
 Network docker-des_cell Creating 
 Network docker-des_cell Creating 
 Network docker-des_cell Created 
 Network docker-des_cell Created 
 Container docker-des-node7-1 Creating 
 Container docker-des-node4-1 Creating 
 Container docker-des-node6-1 Creating 
 Container docker-des-node5-1 Creating 
 Container docker-des-node1-1 Creating 
 Container docker-des-node2-1 Creating 
 Container docker-des-node3-1 Creating 
 Container docker-des-node4-1 Created 
 Container docker-des-node3-1 Created 
 Container docker-des-node6-1 Created 
 Container docker-des-node2-1 Created 
 Container docker-des-node5-1 Created 
 Container docker-des-node7-1 Created 
 Container docker-des-node1-1 Created 
 Container docker-des-node4-1 Starting 
 Container docker-des-node7-1 Starting 
 Container docker-des-node6-1 Starting 
 Container docker-des-node5-1 Starting 
 Container docker-des-node2-1 Starting 
 Container docker-des-node1-1 Starting 
 Container docker-des-node3-1 Starting 
 Container docker-des-node4-1 Started 
 Container docker-des-node7-1 Started 
 Container docker-des-node6-1 Started 
 Container docker-des-node5-1 Started 
 Container docker-des-node2-1 Started 
 Container docker-des-node1-1 Started 
 Container docker-des-node3-1 Started 
== collect -> results/20260927-145947-fms-7-loss5
# Execução `20260927-145947-fms-7-loss5`

- problema `fms`, família `LMOD`, **7 containers**, transporte `multicast`
- 5 ciclos × 44 passos = 220 passos; **220 executados**, 0 pulados
- impressão digital da configuração: `04511541`
- RTT de aplicação (nó 1, 11 sondas): média 4.51 ms, mín 2.51, máx 5.38
- resultado: **complete**

| nó | supervisores | saída | disparou (local/ctrl/unctrl) | aplicou p/ pares | decifrações (ciclo 1) | HE total ms | quadros tx/rx | retx | oráculo | halt |
|---|---|---|---|---|---|---|---|---|---|---|
| 1 | S0 | 0 | 20/40/40 | 0 | 101 (21) | 256.4 | 225/4306 | 65 | PASS | não |
| 2 | S1 | 0 | 20/0/0 | 80 | 101 (21) | 271.2 | 735/3850 | 0 | PASS | não |
| 3 | S2 | 0 | 20/0/0 | 80 | 100 (20) | 263.3 | 733/3811 | 0 | PASS | não |
| 4 | S3 | 0 | 20/0/0 | 80 | 103 (23) | 273.6 | 741/3875 | 0 | PASS | não |
| 5 | S4 | 0 | 0/20/10 | 80 | 114 (26) | 316.1 | 720/3878 | 19 | PASS | não |
| 6 | S5 | 0 | 0/0/0 | 110 | 129 (41) | 343.8 | 832/3784 | 0 | PASS | não |
| 7 | S6 | 0 | 30/0/0 | 110 | 150 (38) | 413.8 | 832/3785 | 0 | PASS | não |
| **total** | | | | | **798 (190)** | 2138.2 | 4818/27289 | 84 | | |

Fim de cada ciclo no relógio comum (o **último** nó a terminar), ms: 22747.6, 40088.8, 75422.8, 106871.3, 144680.1

Tempo por passo: ciclo 1 **516.99 ms**; ciclos 2–5 **692.80 ms**

Verificação cruzada com o supervisor MONOLÍTICO: **off**

## Verificações

| verificação | esperado | obtido | |
|---|---|---|---|
| decryptions, whole cell | 798 | 798 | ✅ |
| decryptions, whole cell, cycle 1 | 190 | 190 | ✅ |
| outcome | complete | complete | ✅ |
| same fingerprint on every node | 1 | 1 | ✅ |
| oracle PASS on every node | True | True | ✅ |
| crypto self-test PASS on every node | True | True | ✅ |

**TODAS AS VERIFICAÇÕES PASSARAM**


################ fms-7-unicast
== build (scenarios/fms-7-unicast.env)
 Image docker-des:fms-7n-LMOD-r5-w0 Building 
#1 [internal] load local bake definitions
#1 reading from stdin 784B done
#1 DONE 0.0s

#2 [internal] load build definition from Dockerfile
#2 transferring dockerfile: 3.38kB done
#2 DONE 0.0s

#3 resolve image config for docker-image://docker.io/docker/dockerfile:1
#3 DONE 0.8s

#4 docker-image://docker.io/docker/dockerfile:1@sha256:ecfaec9ed6d810b56388c508f4121597bfbba70d41a6dfeee4d8cad5f295fc32
#4 resolve docker.io/docker/dockerfile:1@sha256:ecfaec9ed6d810b56388c508f4121597bfbba70d41a6dfeee4d8cad5f295fc32 0.0s done
#4 CACHED

#5 [internal] load metadata for docker.io/library/ubuntu:26.04
#5 DONE 1.8s

#6 [internal] load .dockerignore
#6 transferring context: 2B done
#6 DONE 0.0s

#7 [internal] load build context
#7 transferring context: 542B done
#7 DONE 0.0s

#8 [build 1/7] FROM docker.io/library/ubuntu:26.04@sha256:da6fc2be547864451aa253836dd926da33623312df4a9a243e35dc877c378a78
#8 resolve docker.io/library/ubuntu:26.04@sha256:da6fc2be547864451aa253836dd926da33623312df4a9a243e35dc877c378a78 0.0s done
#8 DONE 0.0s

#9 [build 3/7] WORKDIR /src
#9 CACHED

#10 [build 5/7] COPY src/ src/
#10 CACHED

#11 [stage-1 3/4] COPY --from=build /out/ /opt/des/bin/
#11 CACHED

#12 [build 2/7] RUN apt-get update  && apt-get install -y --no-install-recommends g++ libmbedtls-dev  && rm -rf /var/lib/apt/lists/*
#12 CACHED

#13 [build 4/7] COPY engine/ engine/
#13 CACHED

#14 [build 7/7] RUN set -eu; mkdir -p /out; pids="";     for id in $(seq 1 "7"); do       g++ -std=c++17 -O2 -Wall -Wextra -Iengine -Isrc           -DDES_DATA_HEADER=""supervisor_data_fms.h""           -DDES_NODE_ID="$id" -DDES_NUM_NODES="7"           -DDES_FAMILY="DES_FAMILY_LMOD"           -DDES_ROUNDS="5" -DDES_WORK_MS="0"                      -o "/out/des_node$id" src/des_container_main.cpp           -l:libmbedcrypto.a &       pids="$pids $!";     done;     for p in $pids; do wait "$p"; done;     { echo "DES_PROBLEM=fms"; echo "DES_NUM_NODES=7";       echo "DES_FAMILY=LMOD"; echo "DES_ROUNDS=5";       echo "DES_WORK_MS=0"; echo "DES_EXTRA_FLAGS=";       echo "mbedtls=$(dpkg-query -W -f='${Version}' libmbedtls-dev)";       echo "gxx=$(g++ -dumpfullversion)"; } > /out/BUILD_INFO;     cat /out/BUILD_INFO
#14 CACHED

#15 [stage-1 2/4] RUN apt-get update  && apt-get install -y --no-install-recommends iproute2  && rm -rf /var/lib/apt/lists/*  && useradd --system --no-create-home --shell /usr/sbin/nologin des
#15 CACHED

#16 [build 6/7] RUN cd engine && sha256sum -c --quiet SHA256SUMS
#16 CACHED

#17 [stage-1 4/4] COPY --chmod=0755 docker/entrypoint.sh /usr/local/bin/des-entrypoint
#17 CACHED

#18 exporting to image
#18 exporting layers done
#18 exporting manifest sha256:bc5ff42da8862e0684e66114effb8d6a4ec04a9f26c23963746612c6cce46d29 done
#18 exporting config sha256:b21c6c2e6e7c8dd6ea2d39fc4e7ca4deef63bef3185537dd964e99948224a278 done
#18 exporting attestation manifest sha256:b04138a4f441a82e1a877fcd605f655a807d3333b4971da04e1efb6191868c8c done
#18 exporting manifest list sha256:17de7c268481d6b4659513723dd1949ef30fc20c553805c03401be0f45ffafef done
#18 naming to docker.io/library/docker-des:fms-7n-LMOD-r5-w0 done
#18 unpacking to docker.io/library/docker-des:fms-7n-LMOD-r5-w0 done
#18 DONE 0.1s

#19 resolving provenance for metadata file
#19 DONE 0.0s
 Image docker-des:fms-7n-LMOD-r5-w0 Built 
== run: node1 node2 node3 node4 node5 node6 node7
 Network docker-des_cell Creating 
 Network docker-des_cell Creating 
 Network docker-des_cell Created 
 Network docker-des_cell Created 
 Container docker-des-node7-1 Creating 
 Container docker-des-node5-1 Creating 
 Container docker-des-node1-1 Creating 
 Container docker-des-node2-1 Creating 
 Container docker-des-node4-1 Creating 
 Container docker-des-node6-1 Creating 
 Container docker-des-node3-1 Creating 
 Container docker-des-node5-1 Created 
 Container docker-des-node2-1 Created 
 Container docker-des-node1-1 Created 
 Container docker-des-node3-1 Created 
 Container docker-des-node6-1 Created 
 Container docker-des-node4-1 Created 
 Container docker-des-node7-1 Created 
 Container docker-des-node3-1 Starting 
 Container docker-des-node7-1 Starting 
 Container docker-des-node6-1 Starting 
 Container docker-des-node4-1 Starting 
 Container docker-des-node5-1 Starting 
 Container docker-des-node2-1 Starting 
 Container docker-des-node1-1 Starting 
 Container docker-des-node3-1 Started 
 Container docker-des-node7-1 Started 
 Container docker-des-node6-1 Started 
 Container docker-des-node4-1 Started 
 Container docker-des-node5-1 Started 
 Container docker-des-node2-1 Started 
 Container docker-des-node1-1 Started 
== collect -> results/20260927-150236-fms-7-unicast
# Execução `20260927-150236-fms-7-unicast`

- problema `fms`, família `LMOD`, **7 containers**, transporte `unicast`
- 5 ciclos × 44 passos = 220 passos; **220 executados**, 0 pulados
- impressão digital da configuração: `04511541`
- RTT de aplicação (nó 1, 20 sondas): média 3.35 ms, mín 2.37, máx 4.84
- resultado: **complete**

| nó | supervisores | saída | disparou (local/ctrl/unctrl) | aplicou p/ pares | decifrações (ciclo 1) | HE total ms | quadros tx/rx | retx | oráculo | halt |
|---|---|---|---|---|---|---|---|---|---|---|
| 1 | S0 | 0 | 20/40/40 | 0 | 101 (21) | 59.2 | 160/1603 | 0 | PASS | não |
| 2 | S1 | 0 | 20/0/0 | 80 | 101 (21) | 75.2 | 242/1539 | 0 | PASS | não |
| 3 | S2 | 0 | 20/0/0 | 80 | 100 (20) | 66.3 | 250/1596 | 0 | PASS | não |
| 4 | S3 | 0 | 20/0/0 | 80 | 103 (23) | 68.8 | 245/1583 | 0 | PASS | não |
| 5 | S4 | 0 | 0/20/10 | 80 | 114 (26) | 74.7 | 294/1510 | 0 | PASS | não |
| 6 | S5 | 0 | 0/0/0 | 110 | 129 (41) | 88.7 | 327/1509 | 0 | PASS | não |
| 7 | S6 | 0 | 30/0/0 | 110 | 150 (38) | 119.4 | 328/1511 | 0 | PASS | não |
| **total** | | | | | **798 (190)** | 552.3 | 1846/10851 | 0 | | |

Fim de cada ciclo no relógio comum (o **último** nó a terminar), ms: 237.1, 407.5, 586.0, 765.7, 951.7

Tempo por passo: ciclo 1 **5.39 ms**; ciclos 2–5 **4.06 ms**

Verificação cruzada com o supervisor MONOLÍTICO: **off**

## Verificações

| verificação | esperado | obtido | |
|---|---|---|---|
| decryptions, whole cell | 798 | 798 | ✅ |
| decryptions, whole cell, cycle 1 | 190 | 190 | ✅ |
| outcome | complete | complete | ✅ |
| same fingerprint on every node | 1 | 1 | ✅ |
| oracle PASS on every node | True | True | ✅ |
| crypto self-test PASS on every node | True | True | ✅ |

**TODAS AS VERIFICAÇÕES PASSARAM**


################ fms-7-wifi
== build (scenarios/fms-7-wifi.env)
 Image docker-des:fms-7n-LMOD-r5-w0 Building 
#1 [internal] load local bake definitions
#1 reading from stdin 784B done
#1 DONE 0.0s

#2 [internal] load build definition from Dockerfile
#2 transferring dockerfile: 3.38kB done
#2 DONE 0.0s

#3 resolve image config for docker-image://docker.io/docker/dockerfile:1
#3 DONE 0.2s

#4 docker-image://docker.io/docker/dockerfile:1@sha256:ecfaec9ed6d810b56388c508f4121597bfbba70d41a6dfeee4d8cad5f295fc32
#4 resolve docker.io/docker/dockerfile:1@sha256:ecfaec9ed6d810b56388c508f4121597bfbba70d41a6dfeee4d8cad5f295fc32 0.0s done
#4 CACHED

#5 [internal] load metadata for docker.io/library/ubuntu:26.04
#5 DONE 0.8s

#6 [internal] load .dockerignore
#6 transferring context: 2B done
#6 DONE 0.0s

#7 [internal] load build context
#7 transferring context: 542B done
#7 DONE 0.0s

#8 [build 1/7] FROM docker.io/library/ubuntu:26.04@sha256:da6fc2be547864451aa253836dd926da33623312df4a9a243e35dc877c378a78
#8 resolve docker.io/library/ubuntu:26.04@sha256:da6fc2be547864451aa253836dd926da33623312df4a9a243e35dc877c378a78 0.0s done
#8 DONE 0.0s

#9 [build 2/7] RUN apt-get update  && apt-get install -y --no-install-recommends g++ libmbedtls-dev  && rm -rf /var/lib/apt/lists/*
#9 CACHED

#10 [build 4/7] COPY engine/ engine/
#10 CACHED

#11 [build 7/7] RUN set -eu; mkdir -p /out; pids="";     for id in $(seq 1 "7"); do       g++ -std=c++17 -O2 -Wall -Wextra -Iengine -Isrc           -DDES_DATA_HEADER=""supervisor_data_fms.h""           -DDES_NODE_ID="$id" -DDES_NUM_NODES="7"           -DDES_FAMILY="DES_FAMILY_LMOD"           -DDES_ROUNDS="5" -DDES_WORK_MS="0"                      -o "/out/des_node$id" src/des_container_main.cpp           -l:libmbedcrypto.a &       pids="$pids $!";     done;     for p in $pids; do wait "$p"; done;     { echo "DES_PROBLEM=fms"; echo "DES_NUM_NODES=7";       echo "DES_FAMILY=LMOD"; echo "DES_ROUNDS=5";       echo "DES_WORK_MS=0"; echo "DES_EXTRA_FLAGS=";       echo "mbedtls=$(dpkg-query -W -f='${Version}' libmbedtls-dev)";       echo "gxx=$(g++ -dumpfullversion)"; } > /out/BUILD_INFO;     cat /out/BUILD_INFO
#11 CACHED

#12 [stage-1 3/4] COPY --from=build /out/ /opt/des/bin/
#12 CACHED

#13 [build 5/7] COPY src/ src/
#13 CACHED

#14 [build 3/7] WORKDIR /src
#14 CACHED

#15 [stage-1 2/4] RUN apt-get update  && apt-get install -y --no-install-recommends iproute2  && rm -rf /var/lib/apt/lists/*  && useradd --system --no-create-home --shell /usr/sbin/nologin des
#15 CACHED

#16 [build 6/7] RUN cd engine && sha256sum -c --quiet SHA256SUMS
#16 CACHED

#17 [stage-1 4/4] COPY --chmod=0755 docker/entrypoint.sh /usr/local/bin/des-entrypoint
#17 CACHED

#18 exporting to image
#18 exporting layers done
#18 exporting manifest sha256:bc5ff42da8862e0684e66114effb8d6a4ec04a9f26c23963746612c6cce46d29 done
#18 exporting config sha256:b21c6c2e6e7c8dd6ea2d39fc4e7ca4deef63bef3185537dd964e99948224a278 done
#18 exporting attestation manifest sha256:62633d8dbb9f865b6c319ecc7707c87e90b16973f96939ef32134b29f22ffd73 done
#18 exporting manifest list sha256:02231fafc5262702df51949c16ad052bcbfe03a76127ae8cb154da911f372f3d
#18 exporting manifest list sha256:02231fafc5262702df51949c16ad052bcbfe03a76127ae8cb154da911f372f3d 0.0s done
#18 naming to docker.io/library/docker-des:fms-7n-LMOD-r5-w0 done
#18 unpacking to docker.io/library/docker-des:fms-7n-LMOD-r5-w0 0.0s done
#18 DONE 0.1s

#19 resolving provenance for metadata file
#19 DONE 0.0s
 Image docker-des:fms-7n-LMOD-r5-w0 Built 
== run: node1 node2 node3 node4 node5 node6 node7
 Network docker-des_cell Creating 
 Network docker-des_cell Creating 
 Network docker-des_cell Created 
 Network docker-des_cell Created 
 Container docker-des-node7-1 Creating 
 Container docker-des-node4-1 Creating 
 Container docker-des-node2-1 Creating 
 Container docker-des-node6-1 Creating 
 Container docker-des-node3-1 Creating 
 Container docker-des-node1-1 Creating 
 Container docker-des-node5-1 Creating 
 Container docker-des-node1-1 Created 
 Container docker-des-node7-1 Created 
 Container docker-des-node6-1 Created 
 Container docker-des-node5-1 Created 
 Container docker-des-node2-1 Created 
 Container docker-des-node3-1 Created 
 Container docker-des-node4-1 Created 
 Container docker-des-node7-1 Starting 
 Container docker-des-node4-1 Starting 
 Container docker-des-node1-1 Starting 
 Container docker-des-node6-1 Starting 
 Container docker-des-node5-1 Starting 
 Container docker-des-node3-1 Starting 
 Container docker-des-node2-1 Starting 
 Container docker-des-node7-1 Started 
 Container docker-des-node4-1 Started 
 Container docker-des-node1-1 Started 
 Container docker-des-node6-1 Started 
 Container docker-des-node5-1 Started 
 Container docker-des-node3-1 Started 
 Container docker-des-node2-1 Started 
== collect -> results/20260927-150301-fms-7-wifi
# Execução `20260927-150301-fms-7-wifi`

- problema `fms`, família `LMOD`, **7 containers**, transporte `multicast`, netem `delay 7ms 3ms loss 1%`
- 5 ciclos × 44 passos = 220 passos; **220 executados**, 0 pulados
- impressão digital da configuração: `04511541`
- RTT de aplicação (nó 1, 20 sondas): média 20.56 ms, mín 16.34, máx 24.36
- resultado: **complete**

| nó | supervisores | saída | disparou (local/ctrl/unctrl) | aplicou p/ pares | decifrações (ciclo 1) | HE total ms | quadros tx/rx | retx | oráculo | halt |
|---|---|---|---|---|---|---|---|---|---|---|
| 1 | S0 | 0 | 20/40/40 | 0 | 101 (21) | 227.8 | 176/2478 | 16 | PASS | não |
| 2 | S1 | 0 | 20/0/0 | 80 | 101 (21) | 320.8 | 387/2212 | 0 | PASS | não |
| 3 | S2 | 0 | 20/0/0 | 80 | 100 (20) | 309.5 | 387/2227 | 0 | PASS | não |
| 4 | S3 | 0 | 20/0/0 | 80 | 103 (23) | 338.4 | 391/2276 | 0 | PASS | não |
| 5 | S4 | 0 | 0/20/10 | 80 | 114 (26) | 353.9 | 398/2238 | 10 | PASS | não |
| 6 | S5 | 0 | 0/0/0 | 110 | 129 (41) | 395.5 | 476/2173 | 0 | PASS | não |
| 7 | S6 | 0 | 30/0/0 | 110 | 150 (38) | 496.2 | 478/2188 | 0 | PASS | não |
| **total** | | | | | **798 (190)** | 2442.1 | 2693/15792 | 26 | | |

Fim de cada ciclo no relógio comum (o **último** nó a terminar), ms: 2156.8, 12275.4, 22127.6, 33436.6, 43550.7

Tempo por passo: ciclo 1 **49.02 ms**; ciclos 2–5 **235.19 ms**

Verificação cruzada com o supervisor MONOLÍTICO: **off**

## Verificações

| verificação | esperado | obtido | |
|---|---|---|---|
| decryptions, whole cell | 798 | 798 | ✅ |
| decryptions, whole cell, cycle 1 | 190 | 190 | ✅ |
| outcome | complete | complete | ✅ |
| same fingerprint on every node | 1 | 1 | ✅ |
| oracle PASS on every node | True | True | ✅ |
| crypto self-test PASS on every node | True | True | ✅ |

**TODAS AS VERIFICAÇÕES PASSARAM**


################ fms-7
== build (scenarios/fms-7.env)
 Image docker-des:fms-7n-LMOD-r5-w0 Building 
#1 [internal] load local bake definitions
#1 reading from stdin 784B done
#1 DONE 0.0s

#2 [internal] load build definition from Dockerfile
#2 transferring dockerfile: 3.38kB done
#2 DONE 0.0s

#3 resolve image config for docker-image://docker.io/docker/dockerfile:1
#3 DONE 0.6s

#4 docker-image://docker.io/docker/dockerfile:1@sha256:ecfaec9ed6d810b56388c508f4121597bfbba70d41a6dfeee4d8cad5f295fc32
#4 resolve docker.io/docker/dockerfile:1@sha256:ecfaec9ed6d810b56388c508f4121597bfbba70d41a6dfeee4d8cad5f295fc32 0.0s done
#4 CACHED

#5 [internal] load metadata for docker.io/library/ubuntu:26.04
#5 DONE 0.5s

#6 [internal] load .dockerignore
#6 transferring context: 2B done
#6 DONE 0.0s

#7 [internal] load build context
#7 transferring context: 542B done
#7 DONE 0.0s

#8 [build 1/7] FROM docker.io/library/ubuntu:26.04@sha256:da6fc2be547864451aa253836dd926da33623312df4a9a243e35dc877c378a78
#8 resolve docker.io/library/ubuntu:26.04@sha256:da6fc2be547864451aa253836dd926da33623312df4a9a243e35dc877c378a78 0.0s done
#8 DONE 0.0s

#9 [stage-1 3/4] COPY --from=build /out/ /opt/des/bin/
#9 CACHED

#10 [build 6/7] RUN cd engine && sha256sum -c --quiet SHA256SUMS
#10 CACHED

#11 [stage-1 2/4] RUN apt-get update  && apt-get install -y --no-install-recommends iproute2  && rm -rf /var/lib/apt/lists/*  && useradd --system --no-create-home --shell /usr/sbin/nologin des
#11 CACHED

#12 [build 3/7] WORKDIR /src
#12 CACHED

#13 [build 7/7] RUN set -eu; mkdir -p /out; pids="";     for id in $(seq 1 "7"); do       g++ -std=c++17 -O2 -Wall -Wextra -Iengine -Isrc           -DDES_DATA_HEADER=""supervisor_data_fms.h""           -DDES_NODE_ID="$id" -DDES_NUM_NODES="7"           -DDES_FAMILY="DES_FAMILY_LMOD"           -DDES_ROUNDS="5" -DDES_WORK_MS="0"                      -o "/out/des_node$id" src/des_container_main.cpp           -l:libmbedcrypto.a &       pids="$pids $!";     done;     for p in $pids; do wait "$p"; done;     { echo "DES_PROBLEM=fms"; echo "DES_NUM_NODES=7";       echo "DES_FAMILY=LMOD"; echo "DES_ROUNDS=5";       echo "DES_WORK_MS=0"; echo "DES_EXTRA_FLAGS=";       echo "mbedtls=$(dpkg-query -W -f='${Version}' libmbedtls-dev)";       echo "gxx=$(g++ -dumpfullversion)"; } > /out/BUILD_INFO;     cat /out/BUILD_INFO
#13 CACHED

#14 [build 2/7] RUN apt-get update  && apt-get install -y --no-install-recommends g++ libmbedtls-dev  && rm -rf /var/lib/apt/lists/*
#14 CACHED

#15 [build 4/7] COPY engine/ engine/
#15 CACHED

#16 [build 5/7] COPY src/ src/
#16 CACHED

#17 [stage-1 4/4] COPY --chmod=0755 docker/entrypoint.sh /usr/local/bin/des-entrypoint
#17 CACHED

#18 exporting to image
#18 exporting layers done
#18 exporting manifest sha256:bc5ff42da8862e0684e66114effb8d6a4ec04a9f26c23963746612c6cce46d29 done
#18 exporting config sha256:b21c6c2e6e7c8dd6ea2d39fc4e7ca4deef63bef3185537dd964e99948224a278 done
#18 exporting attestation manifest sha256:a96edc1c436d00a8d78e1db535070e42df183d1226ae6e14c0a82126896cc719 done
#18 exporting manifest list sha256:153fd167b607fbdfaa13d6977b9a5336a70fec9ff1ab35400b091f47b91d5d3e done
#18 naming to docker.io/library/docker-des:fms-7n-LMOD-r5-w0 done
#18 unpacking to docker.io/library/docker-des:fms-7n-LMOD-r5-w0 done
#18 DONE 0.1s

#19 resolving provenance for metadata file
#19 DONE 0.0s
 Image docker-des:fms-7n-LMOD-r5-w0 Built 
== run: node1 node2 node3 node4 node5 node6 node7
 Network docker-des_cell Creating 
 Network docker-des_cell Creating 
 Network docker-des_cell Created 
 Network docker-des_cell Created 
 Container docker-des-node7-1 Creating 
 Container docker-des-node5-1 Creating 
 Container docker-des-node6-1 Creating 
 Container docker-des-node1-1 Creating 
 Container docker-des-node3-1 Creating 
 Container docker-des-node4-1 Creating 
 Container docker-des-node2-1 Creating 
 Container docker-des-node7-1 Created 
 Container docker-des-node4-1 Created 
 Container docker-des-node3-1 Created 
 Container docker-des-node1-1 Created 
 Container docker-des-node6-1 Created 
 Container docker-des-node5-1 Created 
 Container docker-des-node2-1 Created 
 Container docker-des-node3-1 Starting 
 Container docker-des-node4-1 Starting 
 Container docker-des-node5-1 Starting 
 Container docker-des-node7-1 Starting 
 Container docker-des-node2-1 Starting 
 Container docker-des-node1-1 Starting 
 Container docker-des-node6-1 Starting 
 Container docker-des-node3-1 Started 
 Container docker-des-node4-1 Started 
 Container docker-des-node5-1 Started 
 Container docker-des-node7-1 Started 
 Container docker-des-node2-1 Started 
 Container docker-des-node1-1 Started 
 Container docker-des-node6-1 Started 
== collect -> results/20260927-150407-fms-7
# Execução `20260927-150407-fms-7`

- problema `fms`, família `LMOD`, **7 containers**, transporte `multicast`
- 5 ciclos × 44 passos = 220 passos; **220 executados**, 0 pulados
- impressão digital da configuração: `04511541`
- RTT de aplicação (nó 1, 20 sondas): média 4.04 ms, mín 2.50, máx 5.35
- resultado: **complete**

| nó | supervisores | saída | disparou (local/ctrl/unctrl) | aplicou p/ pares | decifrações (ciclo 1) | HE total ms | quadros tx/rx | retx | oráculo | halt |
|---|---|---|---|---|---|---|---|---|---|---|
| 1 | S0 | 0 | 20/40/40 | 0 | 101 (21) | 81.3 | 158/1606 | 0 | PASS | não |
| 2 | S1 | 0 | 20/0/0 | 80 | 101 (21) | 99.9 | 240/1554 | 0 | PASS | não |
| 3 | S2 | 0 | 20/0/0 | 80 | 100 (20) | 96.8 | 243/1571 | 0 | PASS | não |
| 4 | S3 | 0 | 20/0/0 | 80 | 103 (23) | 101.1 | 242/1571 | 0 | PASS | não |
| 5 | S4 | 0 | 0/20/10 | 80 | 114 (26) | 112.0 | 292/1515 | 0 | PASS | não |
| 6 | S5 | 0 | 0/0/0 | 110 | 129 (41) | 119.5 | 319/1420 | 0 | PASS | não |
| 7 | S6 | 0 | 30/0/0 | 110 | 150 (38) | 151.5 | 320/1476 | 0 | PASS | não |
| **total** | | | | | **798 (190)** | 762.1 | 1814/10713 | 0 | | |

Fim de cada ciclo no relógio comum (o **último** nó a terminar), ms: 247.4, 429.7, 622.7, 818.0, 1032.9

Tempo por passo: ciclo 1 **5.62 ms**; ciclos 2–5 **4.46 ms**

Verificação cruzada com o supervisor MONOLÍTICO: **off**

## Verificações

| verificação | esperado | obtido | |
|---|---|---|---|
| decryptions, whole cell | 798 | 798 | ✅ |
| decryptions, whole cell, cycle 1 | 190 | 190 | ✅ |
| outcome | complete | complete | ✅ |
| same fingerprint on every node | 1 | 1 | ✅ |
| oracle PASS on every node | True | True | ✅ |
| crypto self-test PASS on every node | True | True | ✅ |

**TODAS AS VERIFICAÇÕES PASSARAM**


================ verdicts
  esf-2-lockstep         PASS
  fms-1                  PASS
  fms-2-loss30           PASS
  fms-2                  PASS
  fms-7-loss5-fast       PASS
  fms-7-loss5            PASS
  fms-7-unicast          PASS
  fms-7-wifi             PASS
  fms-7                  PASS
######## REPETIÇÃO 5/5

################ esf-2-lockstep
== build (scenarios/esf-2-lockstep.env)
 Image docker-des:extended_small_factory-2n-LMOD-r5-w0-lockstep Building 
#1 [internal] load local bake definitions
#1 reading from stdin 853B done
#1 DONE 0.0s

#2 [internal] load build definition from Dockerfile
#2 transferring dockerfile: 3.38kB done
#2 DONE 0.0s

#3 resolve image config for docker-image://docker.io/docker/dockerfile:1
#3 DONE -11.5s

#4 docker-image://docker.io/docker/dockerfile:1@sha256:ecfaec9ed6d810b56388c508f4121597bfbba70d41a6dfeee4d8cad5f295fc32
#4 resolve docker.io/docker/dockerfile:1@sha256:ecfaec9ed6d810b56388c508f4121597bfbba70d41a6dfeee4d8cad5f295fc32 0.0s done
#4 CACHED

#5 [internal] load metadata for docker.io/library/ubuntu:26.04
#5 DONE 0.2s

#6 [internal] load .dockerignore
#6 transferring context: 2B done
#6 DONE 0.0s

#7 [internal] load build context
#7 transferring context: 542B done
#7 DONE 0.0s

#8 [build 1/7] FROM docker.io/library/ubuntu:26.04@sha256:da6fc2be547864451aa253836dd926da33623312df4a9a243e35dc877c378a78
#8 resolve docker.io/library/ubuntu:26.04@sha256:da6fc2be547864451aa253836dd926da33623312df4a9a243e35dc877c378a78 0.0s done
#8 DONE 0.0s

#9 [build 5/7] COPY src/ src/
#9 CACHED

#10 [build 7/7] RUN set -eu; mkdir -p /out; pids="";     for id in $(seq 1 "2"); do       g++ -std=c++17 -O2 -Wall -Wextra -Iengine -Isrc           -DDES_DATA_HEADER=""supervisor_data_extended_small_factory.h""           -DDES_NODE_ID="$id" -DDES_NUM_NODES="2"           -DDES_FAMILY="DES_FAMILY_LMOD"           -DDES_ROUNDS="5" -DDES_WORK_MS="0"           -DDES_BENCH_LOCKSTEP=1           -o "/out/des_node$id" src/des_container_main.cpp           -l:libmbedcrypto.a &       pids="$pids $!";     done;     for p in $pids; do wait "$p"; done;     { echo "DES_PROBLEM=extended_small_factory"; echo "DES_NUM_NODES=2";       echo "DES_FAMILY=LMOD"; echo "DES_ROUNDS=5";       echo "DES_WORK_MS=0"; echo "DES_EXTRA_FLAGS=-DDES_BENCH_LOCKSTEP=1";       echo "mbedtls=$(dpkg-query -W -f='${Version}' libmbedtls-dev)";       echo "gxx=$(g++ -dumpfullversion)"; } > /out/BUILD_INFO;     cat /out/BUILD_INFO
#10 CACHED

#11 [stage-1 3/4] COPY --from=build /out/ /opt/des/bin/
#11 CACHED

#12 [stage-1 2/4] RUN apt-get update  && apt-get install -y --no-install-recommends iproute2  && rm -rf /var/lib/apt/lists/*  && useradd --system --no-create-home --shell /usr/sbin/nologin des
#12 CACHED

#13 [build 2/7] RUN apt-get update  && apt-get install -y --no-install-recommends g++ libmbedtls-dev  && rm -rf /var/lib/apt/lists/*
#13 CACHED

#14 [build 3/7] WORKDIR /src
#14 CACHED

#15 [build 4/7] COPY engine/ engine/
#15 CACHED

#16 [build 6/7] RUN cd engine && sha256sum -c --quiet SHA256SUMS
#16 CACHED

#17 [stage-1 4/4] COPY --chmod=0755 docker/entrypoint.sh /usr/local/bin/des-entrypoint
#17 CACHED

#18 exporting to image
#18 exporting layers done
#18 exporting manifest sha256:65714e050eeb6256e43a5a12e5613da1f236b02e89d727f222e0d698fabf7912 done
#18 exporting config sha256:d428c0c6e2d2c7dc1e1ba3a87878090d4a397a3f7d1ff68ed21ad448668fc60f done
#18 exporting attestation manifest sha256:0ec798b51013145a2b9236df121238221e962829970fc6b31b0b97d760c3fc0a done
#18 exporting manifest list sha256:d71ad575eaf8e9451f9b6ae22ab203d032fb8a083cc622d8a37c5d6f6620aedf done
#18 naming to docker.io/library/docker-des:extended_small_factory-2n-LMOD-r5-w0-lockstep done
#18 unpacking to docker.io/library/docker-des:extended_small_factory-2n-LMOD-r5-w0-lockstep done
#18 DONE 0.1s

#19 resolving provenance for metadata file
#19 DONE 0.0s
 Image docker-des:extended_small_factory-2n-LMOD-r5-w0-lockstep Built 
== run: node1 node2
 Network docker-des_cell Creating 
 Network docker-des_cell Creating 
 Network docker-des_cell Created 
 Network docker-des_cell Created 
 Container docker-des-node2-1 Creating 
 Container docker-des-node1-1 Creating 
 Container docker-des-node2-1 Created 
 Container docker-des-node1-1 Created 
 Container docker-des-node1-1 Starting 
 Container docker-des-node2-1 Starting 
 Container docker-des-node1-1 Started 
 Container docker-des-node2-1 Started 
== collect -> results/20260927-150430-esf-2-lockstep
# Execução `20260927-150430-esf-2-lockstep`

- problema `extended_small_factory`, família `LMOD`, **2 containers**, transporte `multicast`
- 5 ciclos × 6 passos = 30 passos; **30 executados**, 0 pulados
- impressão digital da configuração: `d42d57d1`
- RTT de aplicação (nó 1, 20 sondas): média 3.98 ms, mín 2.55, máx 5.50
- resultado: **complete**

| nó | supervisores | saída | disparou (local/ctrl/unctrl) | aplicou p/ pares | decifrações (ciclo 1) | HE total ms | quadros tx/rx | retx | oráculo | halt |
|---|---|---|---|---|---|---|---|---|---|---|
| 1 | S0 | 0 | 10/5/5 | 0 | 20 (4) | 11.3 | 63/63 | 0 | PASS | não |
| 2 | S1 | 0 | 10/0/0 | 10 | 20 (4) | 11.2 | 63/62 | 0 | PASS | não |
| **total** | | | | | **40 (8)** | 22.5 | 126/125 | 0 | | |

Fim de cada ciclo no relógio comum (o **último** nó a terminar), ms: 40.4, 63.6, 87.9, 110.4, 136.4

Tempo por passo: ciclo 1 **6.73 ms**; ciclos 2–5 **4.00 ms**

Verificação cruzada com o supervisor MONOLÍTICO: **PASS**

## Verificações

| verificação | esperado | obtido | |
|---|---|---|---|
| decryptions, whole cell, cycle 1 | 8 | 8 | ✅ |
| monolithic cross-check | PASS | PASS | ✅ |
| outcome | complete | complete | ✅ |
| same fingerprint on every node | 1 | 1 | ✅ |
| oracle PASS on every node | True | True | ✅ |
| crypto self-test PASS on every node | True | True | ✅ |

**TODAS AS VERIFICAÇÕES PASSARAM**


################ fms-1
== build (scenarios/fms-1.env)
 Image docker-des:fms-1n-LMOD-r5-w0 Building 
#1 [internal] load local bake definitions
#1 reading from stdin 784B done
#1 DONE 0.0s

#2 [internal] load build definition from Dockerfile
#2 transferring dockerfile: 3.38kB done
#2 DONE 0.0s

#3 resolve image config for docker-image://docker.io/docker/dockerfile:1
#3 DONE 0.2s

#4 docker-image://docker.io/docker/dockerfile:1@sha256:ecfaec9ed6d810b56388c508f4121597bfbba70d41a6dfeee4d8cad5f295fc32
#4 resolve docker.io/docker/dockerfile:1@sha256:ecfaec9ed6d810b56388c508f4121597bfbba70d41a6dfeee4d8cad5f295fc32 0.0s done
#4 CACHED

#5 [internal] load metadata for docker.io/library/ubuntu:26.04
#5 DONE 0.2s

#6 [internal] load .dockerignore
#6 transferring context: 2B done
#6 DONE 0.0s

#7 [internal] load build context
#7 transferring context: 542B done
#7 DONE 0.0s

#8 [build 1/7] FROM docker.io/library/ubuntu:26.04@sha256:da6fc2be547864451aa253836dd926da33623312df4a9a243e35dc877c378a78
#8 resolve docker.io/library/ubuntu:26.04@sha256:da6fc2be547864451aa253836dd926da33623312df4a9a243e35dc877c378a78 0.0s done
#8 DONE 0.0s

#9 [stage-1 2/4] RUN apt-get update  && apt-get install -y --no-install-recommends iproute2  && rm -rf /var/lib/apt/lists/*  && useradd --system --no-create-home --shell /usr/sbin/nologin des
#9 CACHED

#10 [build 2/7] RUN apt-get update  && apt-get install -y --no-install-recommends g++ libmbedtls-dev  && rm -rf /var/lib/apt/lists/*
#10 CACHED

#11 [build 4/7] COPY engine/ engine/
#11 CACHED

#12 [build 5/7] COPY src/ src/
#12 CACHED

#13 [build 7/7] RUN set -eu; mkdir -p /out; pids="";     for id in $(seq 1 "1"); do       g++ -std=c++17 -O2 -Wall -Wextra -Iengine -Isrc           -DDES_DATA_HEADER=""supervisor_data_fms.h""           -DDES_NODE_ID="$id" -DDES_NUM_NODES="1"           -DDES_FAMILY="DES_FAMILY_LMOD"           -DDES_ROUNDS="5" -DDES_WORK_MS="0"                      -o "/out/des_node$id" src/des_container_main.cpp           -l:libmbedcrypto.a &       pids="$pids $!";     done;     for p in $pids; do wait "$p"; done;     { echo "DES_PROBLEM=fms"; echo "DES_NUM_NODES=1";       echo "DES_FAMILY=LMOD"; echo "DES_ROUNDS=5";       echo "DES_WORK_MS=0"; echo "DES_EXTRA_FLAGS=";       echo "mbedtls=$(dpkg-query -W -f='${Version}' libmbedtls-dev)";       echo "gxx=$(g++ -dumpfullversion)"; } > /out/BUILD_INFO;     cat /out/BUILD_INFO
#13 CACHED

#14 [build 3/7] WORKDIR /src
#14 CACHED

#15 [build 6/7] RUN cd engine && sha256sum -c --quiet SHA256SUMS
#15 CACHED

#16 [stage-1 3/4] COPY --from=build /out/ /opt/des/bin/
#16 CACHED

#17 [stage-1 4/4] COPY --chmod=0755 docker/entrypoint.sh /usr/local/bin/des-entrypoint
#17 CACHED

#18 exporting to image
#18 exporting layers done
#18 exporting manifest sha256:c2e91d0edb2e02a703c79d4a89d3bf306106bb7cdae6d684c8d74e96d51dcb8a done
#18 exporting config sha256:97a0c80ed1e323f29806796b4ba2966137e5dafae5c371d0a1fb294aeaf3640d done
#18 exporting attestation manifest sha256:767940b001df60477ac1d8fa89a4ed56bfbd68b70f8e412092526042a96052cc done
#18 exporting manifest list sha256:e47a52967bb23363ec2c1e9e04ea040bf45b0e16f3c4f52b87c1b4d8653c00d8 0.0s done
#18 naming to docker.io/library/docker-des:fms-1n-LMOD-r5-w0 done
#18 unpacking to docker.io/library/docker-des:fms-1n-LMOD-r5-w0 done
#18 DONE 0.1s

#19 resolving provenance for metadata file
#19 DONE 0.0s
 Image docker-des:fms-1n-LMOD-r5-w0 Built 
== run: node1
 Network docker-des_cell Creating 
 Network docker-des_cell Creating 
 Network docker-des_cell Created 
 Network docker-des_cell Created 
 Container docker-des-node1-1 Creating 
 Container docker-des-node1-1 Created 
 Container docker-des-node1-1 Starting 
 Container docker-des-node1-1 Started 
== collect -> results/20260927-150448-fms-1
# Execução `20260927-150448-fms-1`

- problema `fms`, família `LMOD`, **1 containers**, transporte `multicast`
- 5 ciclos × 44 passos = 220 passos; **220 executados**, 0 pulados
- impressão digital da configuração: `3f2beff2`
- resultado: **complete**

| nó | supervisores | saída | disparou (local/ctrl/unctrl) | aplicou p/ pares | decifrações (ciclo 1) | HE total ms | quadros tx/rx | retx | oráculo | halt |
|---|---|---|---|---|---|---|---|---|---|---|
| 1 | S0 S1 S2 S3 S4 S5 S6 | 0 | 220/0/0 | 0 | 798 (190) | 388.4 | 0/0 | 0 | PASS | não |
| **total** | | | | | **798 (190)** | 388.4 | 0/0 | 0 | | |

Fim de cada ciclo no relógio comum (o **último** nó a terminar), ms: 112.2, 182.9, 255.0, 325.4, 396.1

Tempo por passo: ciclo 1 **2.55 ms**; ciclos 2–5 **1.61 ms**

Verificação cruzada com o supervisor MONOLÍTICO: **off**

## Verificações

| verificação | esperado | obtido | |
|---|---|---|---|
| decryptions, whole cell | 798 | 798 | ✅ |
| decryptions, whole cell, cycle 1 | 190 | 190 | ✅ |
| outcome | complete | complete | ✅ |
| same fingerprint on every node | 1 | 1 | ✅ |
| oracle PASS on every node | True | True | ✅ |
| crypto self-test PASS on every node | True | True | ✅ |

**TODAS AS VERIFICAÇÕES PASSARAM**


################ fms-2-loss30
== build (scenarios/fms-2-loss30.env)
 Image docker-des:fms-2n-LMOD-r5-w0-loss30 Building 
#1 [internal] load local bake definitions
#1 reading from stdin 817B done
#1 DONE 0.0s

#2 [internal] load build definition from Dockerfile
#2 transferring dockerfile: 3.38kB done
#2 DONE 0.0s

#3 resolve image config for docker-image://docker.io/docker/dockerfile:1
#3 DONE 0.2s

#4 docker-image://docker.io/docker/dockerfile:1@sha256:ecfaec9ed6d810b56388c508f4121597bfbba70d41a6dfeee4d8cad5f295fc32
#4 resolve docker.io/docker/dockerfile:1@sha256:ecfaec9ed6d810b56388c508f4121597bfbba70d41a6dfeee4d8cad5f295fc32 0.0s done
#4 CACHED

#5 [internal] load metadata for docker.io/library/ubuntu:26.04
#5 DONE 0.2s

#6 [internal] load .dockerignore
#6 transferring context: 2B done
#6 DONE 0.0s

#7 [internal] load build context
#7 transferring context: 542B done
#7 DONE 0.0s

#8 [build 1/7] FROM docker.io/library/ubuntu:26.04@sha256:da6fc2be547864451aa253836dd926da33623312df4a9a243e35dc877c378a78
#8 resolve docker.io/library/ubuntu:26.04@sha256:da6fc2be547864451aa253836dd926da33623312df4a9a243e35dc877c378a78 0.0s done
#8 DONE 0.0s

#9 [build 2/7] RUN apt-get update  && apt-get install -y --no-install-recommends g++ libmbedtls-dev  && rm -rf /var/lib/apt/lists/*
#9 CACHED

#10 [build 7/7] RUN set -eu; mkdir -p /out; pids="";     for id in $(seq 1 "2"); do       g++ -std=c++17 -O2 -Wall -Wextra -Iengine -Isrc           -DDES_DATA_HEADER=""supervisor_data_fms.h""           -DDES_NODE_ID="$id" -DDES_NUM_NODES="2"           -DDES_FAMILY="DES_FAMILY_LMOD"           -DDES_ROUNDS="5" -DDES_WORK_MS="0"           -DDES_SIMULATE_LOSS_PCT=30           -o "/out/des_node$id" src/des_container_main.cpp           -l:libmbedcrypto.a &       pids="$pids $!";     done;     for p in $pids; do wait "$p"; done;     { echo "DES_PROBLEM=fms"; echo "DES_NUM_NODES=2";       echo "DES_FAMILY=LMOD"; echo "DES_ROUNDS=5";       echo "DES_WORK_MS=0"; echo "DES_EXTRA_FLAGS=-DDES_SIMULATE_LOSS_PCT=30";       echo "mbedtls=$(dpkg-query -W -f='${Version}' libmbedtls-dev)";       echo "gxx=$(g++ -dumpfullversion)"; } > /out/BUILD_INFO;     cat /out/BUILD_INFO
#10 CACHED

#11 [stage-1 3/4] COPY --from=build /out/ /opt/des/bin/
#11 CACHED

#12 [build 3/7] WORKDIR /src
#12 CACHED

#13 [build 4/7] COPY engine/ engine/
#13 CACHED

#14 [build 6/7] RUN cd engine && sha256sum -c --quiet SHA256SUMS
#14 CACHED

#15 [build 5/7] COPY src/ src/
#15 CACHED

#16 [stage-1 2/4] RUN apt-get update  && apt-get install -y --no-install-recommends iproute2  && rm -rf /var/lib/apt/lists/*  && useradd --system --no-create-home --shell /usr/sbin/nologin des
#16 CACHED

#17 [stage-1 4/4] COPY --chmod=0755 docker/entrypoint.sh /usr/local/bin/des-entrypoint
#17 CACHED

#18 exporting to image
#18 exporting layers done
#18 exporting manifest sha256:24403836c7a00bcaaee5cf720dfdb4520ff7acc99f32e1cbbe5c963c11f1778b done
#18 exporting config sha256:0de827b77a4728b76303265f84057818422b8d16da0a237ad4f92cc3f0f4c969 done
#18 exporting attestation manifest sha256:b84f94dc2d29cce43397d445859c958b8245411ea29433d878e559088b4d9498 0.0s done
#18 exporting manifest list sha256:de7b858629123944731d5f9c23f4c9ac55e4a7d8bf550818f7de4b00a2f9741e done
#18 naming to docker.io/library/docker-des:fms-2n-LMOD-r5-w0-loss30 done
#18 unpacking to docker.io/library/docker-des:fms-2n-LMOD-r5-w0-loss30 done
#18 DONE 0.1s

#19 resolving provenance for metadata file
#19 DONE 0.0s
 Image docker-des:fms-2n-LMOD-r5-w0-loss30 Built 
== run: node1 node2
 Network docker-des_cell Creating 
 Network docker-des_cell Creating 
 Network docker-des_cell Created 
 Network docker-des_cell Created 
 Container docker-des-node2-1 Creating 
 Container docker-des-node1-1 Creating 
 Container docker-des-node2-1 Created 
 Container docker-des-node1-1 Created 
 Container docker-des-node1-1 Starting 
 Container docker-des-node2-1 Starting 
 Container docker-des-node1-1 Started 
 Container docker-des-node2-1 Started 
== collect -> results/20260927-150503-fms-2-loss30
# Execução `20260927-150503-fms-2-loss30`

- problema `fms`, família `LMOD`, **2 containers**, transporte `multicast`
- 5 ciclos × 44 passos = 220 passos; **32 executados**, 0 pulados, 188 não alcançados (execução interrompida)
- impressão digital da configuração: `edbd7971`
- RTT de aplicação (nó 1, 9 sondas): média 3.18 ms, mín 2.29, máx 5.07
- resultado: **halt** — SAFE HALT nos nós [1, 2]

| nó | supervisores | saída | disparou (local/ctrl/unctrl) | aplicou p/ pares | decifrações (ciclo 1) | HE total ms | quadros tx/rx | retx | oráculo | halt |
|---|---|---|---|---|---|---|---|---|---|---|
| 1 | S0 S1 S2 S3 | 2 | 13/5/5 | 0 | 58 (58) | 70.7 | 74/133 | 25 | PASS | **COMMIT unacknowledged — a participant may not have applied a shared event** |
| 2 | S4 S5 S6 | 2 | 9/0/0 | 11 | 77 (77) | 142.7 | 196/47 | 0 | PASS | **a peer halted** |
| **total** | | | | | **135 (135)** | 213.4 | 270/180 | 25 | | |

Verificação cruzada com o supervisor MONOLÍTICO: **off**

## Verificações

| verificação | esperado | obtido | |
|---|---|---|---|
| outcome | halt | halt | ✅ |

**TODAS AS VERIFICAÇÕES PASSARAM**


################ fms-2
== build (scenarios/fms-2.env)
 Image docker-des:fms-2n-LMOD-r5-w0 Building 
#1 [internal] load local bake definitions
#1 reading from stdin 784B done
#1 DONE 0.0s

#2 [internal] load build definition from Dockerfile
#2 transferring dockerfile: 3.38kB done
#2 DONE 0.0s

#3 resolve image config for docker-image://docker.io/docker/dockerfile:1
#3 DONE 0.5s

#4 docker-image://docker.io/docker/dockerfile:1@sha256:ecfaec9ed6d810b56388c508f4121597bfbba70d41a6dfeee4d8cad5f295fc32
#4 resolve docker.io/docker/dockerfile:1@sha256:ecfaec9ed6d810b56388c508f4121597bfbba70d41a6dfeee4d8cad5f295fc32 0.0s done
#4 CACHED

#5 [internal] load metadata for docker.io/library/ubuntu:26.04
#5 DONE 12.5s

#6 [internal] load .dockerignore
#6 transferring context: 2B done
#6 DONE 0.0s

#7 [internal] load build context
#7 transferring context: 542B done
#7 DONE 0.0s

#8 [build 1/7] FROM docker.io/library/ubuntu:26.04@sha256:da6fc2be547864451aa253836dd926da33623312df4a9a243e35dc877c378a78
#8 resolve docker.io/library/ubuntu:26.04@sha256:da6fc2be547864451aa253836dd926da33623312df4a9a243e35dc877c378a78 0.0s done
#8 DONE 0.0s

#9 [stage-1 2/4] RUN apt-get update  && apt-get install -y --no-install-recommends iproute2  && rm -rf /var/lib/apt/lists/*  && useradd --system --no-create-home --shell /usr/sbin/nologin des
#9 CACHED

#10 [build 3/7] WORKDIR /src
#10 CACHED

#11 [stage-1 3/4] COPY --from=build /out/ /opt/des/bin/
#11 CACHED

#12 [build 2/7] RUN apt-get update  && apt-get install -y --no-install-recommends g++ libmbedtls-dev  && rm -rf /var/lib/apt/lists/*
#12 CACHED

#13 [build 4/7] COPY engine/ engine/
#13 CACHED

#14 [build 6/7] RUN cd engine && sha256sum -c --quiet SHA256SUMS
#14 CACHED

#15 [build 5/7] COPY src/ src/
#15 CACHED

#16 [build 7/7] RUN set -eu; mkdir -p /out; pids="";     for id in $(seq 1 "2"); do       g++ -std=c++17 -O2 -Wall -Wextra -Iengine -Isrc           -DDES_DATA_HEADER=""supervisor_data_fms.h""           -DDES_NODE_ID="$id" -DDES_NUM_NODES="2"           -DDES_FAMILY="DES_FAMILY_LMOD"           -DDES_ROUNDS="5" -DDES_WORK_MS="0"                      -o "/out/des_node$id" src/des_container_main.cpp           -l:libmbedcrypto.a &       pids="$pids $!";     done;     for p in $pids; do wait "$p"; done;     { echo "DES_PROBLEM=fms"; echo "DES_NUM_NODES=2";       echo "DES_FAMILY=LMOD"; echo "DES_ROUNDS=5";       echo "DES_WORK_MS=0"; echo "DES_EXTRA_FLAGS=";       echo "mbedtls=$(dpkg-query -W -f='${Version}' libmbedtls-dev)";       echo "gxx=$(g++ -dumpfullversion)"; } > /out/BUILD_INFO;     cat /out/BUILD_INFO
#16 CACHED

#17 [stage-1 4/4] COPY --chmod=0755 docker/entrypoint.sh /usr/local/bin/des-entrypoint
#17 CACHED

#18 exporting to image
#18 exporting layers done
#18 exporting manifest sha256:94792729c2ab4843cf460e52b8b7f2602dbe849bc1090b3ad0e5134479d2f7e0 done
#18 exporting config sha256:62daab3f9dfd6c77ccef390eaa528cb12583253106259669082a13e098690cf4 done
#18 exporting attestation manifest sha256:aa7dc6519423b6dd4834349386155502ba6158e148583e1be87aa92009c96e42 0.0s done
#18 exporting manifest list sha256:acbcd915af584f485a712c4f01ca0524305749d4ae7a825e3e3c276657c86842 done
#18 naming to docker.io/library/docker-des:fms-2n-LMOD-r5-w0
#18 naming to docker.io/library/docker-des:fms-2n-LMOD-r5-w0 done
#18 unpacking to docker.io/library/docker-des:fms-2n-LMOD-r5-w0 done
#18 DONE 0.1s

#19 resolving provenance for metadata file
#19 DONE 0.0s
 Image docker-des:fms-2n-LMOD-r5-w0 Built 
== run: node1 node2
 Network docker-des_cell Creating 
 Network docker-des_cell Creating 
 Network docker-des_cell Created 
 Network docker-des_cell Created 
 Container docker-des-node2-1 Creating 
 Container docker-des-node1-1 Creating 
 Container docker-des-node2-1 Created 
 Container docker-des-node1-1 Created 
 Container docker-des-node1-1 Starting 
 Container docker-des-node2-1 Starting 
 Container docker-des-node1-1 Started 
 Container docker-des-node2-1 Started 
== collect -> results/20260927-150604-fms-2
# Execução `20260927-150604-fms-2`

- problema `fms`, família `LMOD`, **2 containers**, transporte `multicast`
- 5 ciclos × 44 passos = 220 passos; **220 executados**, 0 pulados
- impressão digital da configuração: `edbd7971`
- RTT de aplicação (nó 1, 20 sondas): média 4.03 ms, mín 2.66, máx 5.29
- resultado: **complete**

| nó | supervisores | saída | disparou (local/ctrl/unctrl) | aplicou p/ pares | decifrações (ciclo 1) | HE total ms | quadros tx/rx | retx | oráculo | halt |
|---|---|---|---|---|---|---|---|---|---|---|
| 1 | S0 S1 S2 S3 | 0 | 80/40/40 | 0 | 405 (85) | 216.3 | 150/229 | 0 | PASS | não |
| 2 | S4 S5 S6 | 0 | 60/0/0 | 80 | 393 (105) | 223.4 | 229/149 | 0 | PASS | não |
| **total** | | | | | **798 (190)** | 439.7 | 379/378 | 0 | | |

Fim de cada ciclo no relógio comum (o **último** nó a terminar), ms: 222.8, 356.2, 503.2, 642.9, 780.2

Tempo por passo: ciclo 1 **5.06 ms**; ciclos 2–5 **3.17 ms**

Verificação cruzada com o supervisor MONOLÍTICO: **off**

## Verificações

| verificação | esperado | obtido | |
|---|---|---|---|
| config fingerprint | edbd7971 | edbd7971 | ✅ |
| decryptions per node | 405 393 | 405 393 | ✅ |
| decryptions per node, cycle 1 | 85 105 | 85 105 | ✅ |
| outcome | complete | complete | ✅ |
| same fingerprint on every node | 1 | 1 | ✅ |
| oracle PASS on every node | True | True | ✅ |
| crypto self-test PASS on every node | True | True | ✅ |

**TODAS AS VERIFICAÇÕES PASSARAM**


################ fms-7-loss5-fast
== build (scenarios/fms-7-loss5-fast.env)
 Image docker-des:fms-7n-LMOD-r5-w0-loss5-fast Building 
#1 [internal] load local bake definitions
#1 reading from stdin 870B done
#1 DONE 0.0s

#2 [internal] load build definition from Dockerfile
#2 transferring dockerfile: 3.38kB done
#2 DONE 0.0s

#3 resolve image config for docker-image://docker.io/docker/dockerfile:1
#3 DONE 0.3s

#4 docker-image://docker.io/docker/dockerfile:1@sha256:ecfaec9ed6d810b56388c508f4121597bfbba70d41a6dfeee4d8cad5f295fc32
#4 resolve docker.io/docker/dockerfile:1@sha256:ecfaec9ed6d810b56388c508f4121597bfbba70d41a6dfeee4d8cad5f295fc32 0.0s done
#4 CACHED

#5 [internal] load metadata for docker.io/library/ubuntu:26.04
#5 DONE 0.3s

#6 [internal] load .dockerignore
#6 transferring context: 2B done
#6 DONE 0.0s

#7 [internal] load build context
#7 transferring context: 542B done
#7 DONE 0.0s

#8 [build 1/7] FROM docker.io/library/ubuntu:26.04@sha256:da6fc2be547864451aa253836dd926da33623312df4a9a243e35dc877c378a78
#8 resolve docker.io/library/ubuntu:26.04@sha256:da6fc2be547864451aa253836dd926da33623312df4a9a243e35dc877c378a78 0.0s done
#8 DONE 0.0s

#9 [build 7/7] RUN set -eu; mkdir -p /out; pids="";     for id in $(seq 1 "7"); do       g++ -std=c++17 -O2 -Wall -Wextra -Iengine -Isrc           -DDES_DATA_HEADER=""supervisor_data_fms.h""           -DDES_NODE_ID="$id" -DDES_NUM_NODES="7"           -DDES_FAMILY="DES_FAMILY_LMOD"           -DDES_ROUNDS="5" -DDES_WORK_MS="0"           -DDES_SIMULATE_LOSS_PCT=5 -DDES_REQ_TIMEOUT_MS=100 -DDES_ACK_TIMEOUT_MS=100           -o "/out/des_node$id" src/des_container_main.cpp           -l:libmbedcrypto.a &       pids="$pids $!";     done;     for p in $pids; do wait "$p"; done;     { echo "DES_PROBLEM=fms"; echo "DES_NUM_NODES=7";       echo "DES_FAMILY=LMOD"; echo "DES_ROUNDS=5";       echo "DES_WORK_MS=0"; echo "DES_EXTRA_FLAGS=-DDES_SIMULATE_LOSS_PCT=5 -DDES_REQ_TIMEOUT_MS=100 -DDES_ACK_TIMEOUT_MS=100";       echo "mbedtls=$(dpkg-query -W -f='${Version}' libmbedtls-dev)";       echo "gxx=$(g++ -dumpfullversion)"; } > /out/BUILD_INFO;     cat /out/BUILD_INFO
#9 CACHED

#10 [build 3/7] WORKDIR /src
#10 CACHED

#11 [build 4/7] COPY engine/ engine/
#11 CACHED

#12 [build 6/7] RUN cd engine && sha256sum -c --quiet SHA256SUMS
#12 CACHED

#13 [build 2/7] RUN apt-get update  && apt-get install -y --no-install-recommends g++ libmbedtls-dev  && rm -rf /var/lib/apt/lists/*
#13 CACHED

#14 [stage-1 3/4] COPY --from=build /out/ /opt/des/bin/
#14 CACHED

#15 [stage-1 2/4] RUN apt-get update  && apt-get install -y --no-install-recommends iproute2  && rm -rf /var/lib/apt/lists/*  && useradd --system --no-create-home --shell /usr/sbin/nologin des
#15 CACHED

#16 [build 5/7] COPY src/ src/
#16 CACHED

#17 [stage-1 4/4] COPY --chmod=0755 docker/entrypoint.sh /usr/local/bin/des-entrypoint
#17 CACHED

#18 exporting to image
#18 exporting layers done
#18 exporting manifest sha256:9185ec9060cb112049814bfe2d4e9fc1840b4575a891234d88a1cddc47fb08c0 done
#18 exporting config sha256:d18c5561d08c23f588592617baa662054ef48657f3c2270944a2b19d4ba57218 done
#18 exporting attestation manifest sha256:7ba793eef9b57e347aecd9c02439ceae2b92d5a45295ce0e9178bfac1f5b96ef done
#18 exporting manifest list sha256:03cae2158807f47099645a6f11a09793319743d003746e68be68ae93ebb2e428
#18 exporting manifest list sha256:03cae2158807f47099645a6f11a09793319743d003746e68be68ae93ebb2e428 0.0s done
#18 naming to docker.io/library/docker-des:fms-7n-LMOD-r5-w0-loss5-fast done
#18 unpacking to docker.io/library/docker-des:fms-7n-LMOD-r5-w0-loss5-fast done
#18 DONE 0.1s

#19 resolving provenance for metadata file
#19 DONE 0.0s
 Image docker-des:fms-7n-LMOD-r5-w0-loss5-fast Built 
== run: node1 node2 node3 node4 node5 node6 node7
 Network docker-des_cell Creating 
 Network docker-des_cell Creating 
 Network docker-des_cell Created 
 Network docker-des_cell Created 
 Container docker-des-node7-1 Creating 
 Container docker-des-node5-1 Creating 
 Container docker-des-node6-1 Creating 
 Container docker-des-node4-1 Creating 
 Container docker-des-node3-1 Creating 
 Container docker-des-node1-1 Creating 
 Container docker-des-node2-1 Creating 
 Container docker-des-node1-1 Created 
 Container docker-des-node5-1 Created 
 Container docker-des-node4-1 Created 
 Container docker-des-node7-1 Created 
 Container docker-des-node2-1 Created 
 Container docker-des-node3-1 Created 
 Container docker-des-node6-1 Created 
 Container docker-des-node2-1 Starting 
 Container docker-des-node3-1 Starting 
 Container docker-des-node4-1 Starting 
 Container docker-des-node1-1 Starting 
 Container docker-des-node6-1 Starting 
 Container docker-des-node7-1 Starting 
 Container docker-des-node5-1 Starting 
 Container docker-des-node2-1 Started 
 Container docker-des-node3-1 Started 
 Container docker-des-node4-1 Started 
 Container docker-des-node1-1 Started 
 Container docker-des-node6-1 Started 
 Container docker-des-node7-1 Started 
 Container docker-des-node5-1 Started 
== collect -> results/20260927-150623-fms-7-loss5-fast
# Execução `20260927-150623-fms-7-loss5-fast`

- problema `fms`, família `LMOD`, **7 containers**, transporte `multicast`
- 5 ciclos × 44 passos = 220 passos; **220 executados**, 0 pulados
- impressão digital da configuração: `04511541`
- RTT de aplicação (nó 1, 9 sondas): média 4.20 ms, mín 2.35, máx 5.21
- resultado: **complete**

| nó | supervisores | saída | disparou (local/ctrl/unctrl) | aplicou p/ pares | decifrações (ciclo 1) | HE total ms | quadros tx/rx | retx | oráculo | halt |
|---|---|---|---|---|---|---|---|---|---|---|
| 1 | S0 | 0 | 20/40/40 | 0 | 101 (21) | 303.3 | 230/2181 | 68 | PASS | não |
| 2 | S1 | 0 | 20/0/0 | 80 | 101 (21) | 331.4 | 350/2086 | 0 | PASS | não |
| 3 | S2 | 0 | 20/0/0 | 80 | 100 (20) | 341.3 | 347/2088 | 0 | PASS | não |
| 4 | S3 | 0 | 20/0/0 | 80 | 103 (23) | 335.2 | 348/2081 | 0 | PASS | não |
| 5 | S4 | 0 | 0/20/10 | 80 | 114 (26) | 365.7 | 399/1985 | 11 | PASS | não |
| 6 | S5 | 0 | 0/0/0 | 110 | 129 (41) | 417.2 | 430/1980 | 0 | PASS | não |
| 7 | S6 | 0 | 30/0/0 | 110 | 150 (38) | 492.0 | 431/1961 | 0 | PASS | não |
| **total** | | | | | **798 (190)** | 2586.1 | 2535/14362 | 79 | | |

Fim de cada ciclo no relógio comum (o **último** nó a terminar), ms: 3444.4, 5986.2, 9537.5, 12627.3, 16896.2

Tempo por passo: ciclo 1 **78.28 ms**; ciclos 2–5 **76.43 ms**

Verificação cruzada com o supervisor MONOLÍTICO: **off**

## Verificações

| verificação | esperado | obtido | |
|---|---|---|---|
| decryptions, whole cell | 798 | 798 | ✅ |
| decryptions, whole cell, cycle 1 | 190 | 190 | ✅ |
| outcome | complete | complete | ✅ |
| same fingerprint on every node | 1 | 1 | ✅ |
| oracle PASS on every node | True | True | ✅ |
| crypto self-test PASS on every node | True | True | ✅ |

**TODAS AS VERIFICAÇÕES PASSARAM**


################ fms-7-loss5
== build (scenarios/fms-7-loss5.env)
 Image docker-des:fms-7n-LMOD-r5-w0-loss5 Building 
#1 [internal] load local bake definitions
#1 reading from stdin 815B done
#1 DONE 0.0s

#2 [internal] load build definition from Dockerfile
#2 transferring dockerfile: 3.38kB done
#2 DONE 0.0s

#3 resolve image config for docker-image://docker.io/docker/dockerfile:1
#3 DONE 0.5s

#4 docker-image://docker.io/docker/dockerfile:1@sha256:ecfaec9ed6d810b56388c508f4121597bfbba70d41a6dfeee4d8cad5f295fc32
#4 resolve docker.io/docker/dockerfile:1@sha256:ecfaec9ed6d810b56388c508f4121597bfbba70d41a6dfeee4d8cad5f295fc32 0.0s done
#4 CACHED

#5 [internal] load metadata for docker.io/library/ubuntu:26.04
#5 DONE 0.5s

#6 [internal] load .dockerignore
#6 transferring context: 2B done
#6 DONE 0.0s

#7 [internal] load build context
#7 transferring context: 542B done
#7 DONE 0.0s

#8 [build 1/7] FROM docker.io/library/ubuntu:26.04@sha256:da6fc2be547864451aa253836dd926da33623312df4a9a243e35dc877c378a78
#8 resolve docker.io/library/ubuntu:26.04@sha256:da6fc2be547864451aa253836dd926da33623312df4a9a243e35dc877c378a78 0.0s done
#8 DONE 0.0s

#9 [build 3/7] WORKDIR /src
#9 CACHED

#10 [build 7/7] RUN set -eu; mkdir -p /out; pids="";     for id in $(seq 1 "7"); do       g++ -std=c++17 -O2 -Wall -Wextra -Iengine -Isrc           -DDES_DATA_HEADER=""supervisor_data_fms.h""           -DDES_NODE_ID="$id" -DDES_NUM_NODES="7"           -DDES_FAMILY="DES_FAMILY_LMOD"           -DDES_ROUNDS="5" -DDES_WORK_MS="0"           -DDES_SIMULATE_LOSS_PCT=5           -o "/out/des_node$id" src/des_container_main.cpp           -l:libmbedcrypto.a &       pids="$pids $!";     done;     for p in $pids; do wait "$p"; done;     { echo "DES_PROBLEM=fms"; echo "DES_NUM_NODES=7";       echo "DES_FAMILY=LMOD"; echo "DES_ROUNDS=5";       echo "DES_WORK_MS=0"; echo "DES_EXTRA_FLAGS=-DDES_SIMULATE_LOSS_PCT=5";       echo "mbedtls=$(dpkg-query -W -f='${Version}' libmbedtls-dev)";       echo "gxx=$(g++ -dumpfullversion)"; } > /out/BUILD_INFO;     cat /out/BUILD_INFO
#10 CACHED

#11 [stage-1 2/4] RUN apt-get update  && apt-get install -y --no-install-recommends iproute2  && rm -rf /var/lib/apt/lists/*  && useradd --system --no-create-home --shell /usr/sbin/nologin des
#11 CACHED

#12 [build 6/7] RUN cd engine && sha256sum -c --quiet SHA256SUMS
#12 CACHED

#13 [build 4/7] COPY engine/ engine/
#13 CACHED

#14 [build 5/7] COPY src/ src/
#14 CACHED

#15 [stage-1 3/4] COPY --from=build /out/ /opt/des/bin/
#15 CACHED

#16 [build 2/7] RUN apt-get update  && apt-get install -y --no-install-recommends g++ libmbedtls-dev  && rm -rf /var/lib/apt/lists/*
#16 CACHED

#17 [stage-1 4/4] COPY --chmod=0755 docker/entrypoint.sh /usr/local/bin/des-entrypoint
#17 CACHED

#18 exporting to image
#18 exporting layers done
#18 exporting manifest sha256:ad2cb982a1dd3c6db9f45837a5f494ac1b9064ec98cace3858badfb2ab635190 done
#18 exporting config sha256:8ec489d3eb2a63f518a2aa0847cc3f078ee5ef4f59363c1e7c0506d5dfc38aec done
#18 exporting attestation manifest sha256:9802746b9fb99b6e6e203c72f49ee960cb087c959e4780b2415bbcbcf4a5d40f
#18 exporting attestation manifest sha256:9802746b9fb99b6e6e203c72f49ee960cb087c959e4780b2415bbcbcf4a5d40f 0.0s done
#18 exporting manifest list sha256:219803d67c1a5f9c46c8238d3564d5392d5a5fd6a17b1cfa7dce6ea0e89bb4c4 0.0s done
#18 naming to docker.io/library/docker-des:fms-7n-LMOD-r5-w0-loss5 done
#18 unpacking to docker.io/library/docker-des:fms-7n-LMOD-r5-w0-loss5 done
#18 DONE 0.1s

#19 resolving provenance for metadata file
#19 DONE 0.0s
 Image docker-des:fms-7n-LMOD-r5-w0-loss5 Built 
== run: node1 node2 node3 node4 node5 node6 node7
 Network docker-des_cell Creating 
 Network docker-des_cell Creating 
 Network docker-des_cell Created 
 Network docker-des_cell Created 
 Container docker-des-node3-1 Creating 
 Container docker-des-node1-1 Creating 
 Container docker-des-node6-1 Creating 
 Container docker-des-node4-1 Creating 
 Container docker-des-node5-1 Creating 
 Container docker-des-node7-1 Creating 
 Container docker-des-node2-1 Creating 
 Container docker-des-node4-1 Created 
 Container docker-des-node1-1 Created 
 Container docker-des-node7-1 Created 
 Container docker-des-node2-1 Created 
 Container docker-des-node6-1 Created 
 Container docker-des-node5-1 Created 
 Container docker-des-node3-1 Created 
 Container docker-des-node4-1 Starting 
 Container docker-des-node7-1 Starting 
 Container docker-des-node6-1 Starting 
 Container docker-des-node2-1 Starting 
 Container docker-des-node1-1 Starting 
 Container docker-des-node5-1 Starting 
 Container docker-des-node3-1 Starting 
 Container docker-des-node4-1 Started 
 Container docker-des-node7-1 Started 
 Container docker-des-node6-1 Started 
 Container docker-des-node2-1 Started 
 Container docker-des-node1-1 Started 
 Container docker-des-node5-1 Started 
 Container docker-des-node3-1 Started 
== collect -> results/20260927-150705-fms-7-loss5
# Execução `20260927-150705-fms-7-loss5`

- problema `fms`, família `LMOD`, **7 containers**, transporte `multicast`
- 5 ciclos × 44 passos = 220 passos; **220 executados**, 0 pulados
- impressão digital da configuração: `04511541`
- RTT de aplicação (nó 1, 11 sondas): média 3.92 ms, mín 2.75, máx 5.32
- resultado: **complete**

| nó | supervisores | saída | disparou (local/ctrl/unctrl) | aplicou p/ pares | decifrações (ciclo 1) | HE total ms | quadros tx/rx | retx | oráculo | halt |
|---|---|---|---|---|---|---|---|---|---|---|
| 1 | S0 | 0 | 20/40/40 | 0 | 101 (21) | 305.2 | 233/4316 | 72 | PASS | não |
| 2 | S1 | 0 | 20/0/0 | 80 | 101 (21) | 342.0 | 735/3859 | 0 | PASS | não |
| 3 | S2 | 0 | 20/0/0 | 80 | 100 (20) | 328.0 | 733/3806 | 0 | PASS | não |
| 4 | S3 | 0 | 20/0/0 | 80 | 103 (23) | 356.5 | 735/3875 | 0 | PASS | não |
| 5 | S4 | 0 | 0/20/10 | 80 | 114 (26) | 379.2 | 742/3824 | 6 | PASS | não |
| 6 | S5 | 0 | 0/0/0 | 110 | 129 (41) | 421.8 | 818/3792 | 0 | PASS | não |
| 7 | S6 | 0 | 30/0/0 | 110 | 150 (38) | 513.3 | 816/3795 | 0 | PASS | não |
| **total** | | | | | **798 (190)** | 2646.0 | 4812/27267 | 78 | | |

Fim de cada ciclo no relógio comum (o **último** nó a terminar), ms: 23697.6, 48521.4, 79354.6, 108104.5, 141929.0

Tempo por passo: ciclo 1 **538.58 ms**; ciclos 2–5 **671.77 ms**

Verificação cruzada com o supervisor MONOLÍTICO: **off**

## Verificações

| verificação | esperado | obtido | |
|---|---|---|---|
| decryptions, whole cell | 798 | 798 | ✅ |
| decryptions, whole cell, cycle 1 | 190 | 190 | ✅ |
| outcome | complete | complete | ✅ |
| same fingerprint on every node | 1 | 1 | ✅ |
| oracle PASS on every node | True | True | ✅ |
| crypto self-test PASS on every node | True | True | ✅ |

**TODAS AS VERIFICAÇÕES PASSARAM**


################ fms-7-unicast
== build (scenarios/fms-7-unicast.env)
 Image docker-des:fms-7n-LMOD-r5-w0 Building 
#1 [internal] load local bake definitions
#1 reading from stdin 784B done
#1 DONE 0.0s

#2 [internal] load build definition from Dockerfile
#2 transferring dockerfile: 3.38kB done
#2 DONE 0.0s

#3 resolve image config for docker-image://docker.io/docker/dockerfile:1
#3 DONE 1.0s

#4 docker-image://docker.io/docker/dockerfile:1@sha256:ecfaec9ed6d810b56388c508f4121597bfbba70d41a6dfeee4d8cad5f295fc32
#4 resolve docker.io/docker/dockerfile:1@sha256:ecfaec9ed6d810b56388c508f4121597bfbba70d41a6dfeee4d8cad5f295fc32 0.0s done
#4 CACHED

#5 [internal] load metadata for docker.io/library/ubuntu:26.04
#5 DONE 0.7s

#6 [internal] load .dockerignore
#6 transferring context: 2B done
#6 DONE 0.0s

#7 [internal] load build context
#7 transferring context: 542B done
#7 DONE 0.0s

#8 [build 1/7] FROM docker.io/library/ubuntu:26.04@sha256:da6fc2be547864451aa253836dd926da33623312df4a9a243e35dc877c378a78
#8 resolve docker.io/library/ubuntu:26.04@sha256:da6fc2be547864451aa253836dd926da33623312df4a9a243e35dc877c378a78 0.0s done
#8 DONE 0.0s

#9 [build 7/7] RUN set -eu; mkdir -p /out; pids="";     for id in $(seq 1 "7"); do       g++ -std=c++17 -O2 -Wall -Wextra -Iengine -Isrc           -DDES_DATA_HEADER=""supervisor_data_fms.h""           -DDES_NODE_ID="$id" -DDES_NUM_NODES="7"           -DDES_FAMILY="DES_FAMILY_LMOD"           -DDES_ROUNDS="5" -DDES_WORK_MS="0"                      -o "/out/des_node$id" src/des_container_main.cpp           -l:libmbedcrypto.a &       pids="$pids $!";     done;     for p in $pids; do wait "$p"; done;     { echo "DES_PROBLEM=fms"; echo "DES_NUM_NODES=7";       echo "DES_FAMILY=LMOD"; echo "DES_ROUNDS=5";       echo "DES_WORK_MS=0"; echo "DES_EXTRA_FLAGS=";       echo "mbedtls=$(dpkg-query -W -f='${Version}' libmbedtls-dev)";       echo "gxx=$(g++ -dumpfullversion)"; } > /out/BUILD_INFO;     cat /out/BUILD_INFO
#9 CACHED

#10 [stage-1 3/4] COPY --from=build /out/ /opt/des/bin/
#10 CACHED

#11 [build 5/7] COPY src/ src/
#11 CACHED

#12 [stage-1 2/4] RUN apt-get update  && apt-get install -y --no-install-recommends iproute2  && rm -rf /var/lib/apt/lists/*  && useradd --system --no-create-home --shell /usr/sbin/nologin des
#12 CACHED

#13 [build 2/7] RUN apt-get update  && apt-get install -y --no-install-recommends g++ libmbedtls-dev  && rm -rf /var/lib/apt/lists/*
#13 CACHED

#14 [build 3/7] WORKDIR /src
#14 CACHED

#15 [build 4/7] COPY engine/ engine/
#15 CACHED

#16 [build 6/7] RUN cd engine && sha256sum -c --quiet SHA256SUMS
#16 CACHED

#17 [stage-1 4/4] COPY --chmod=0755 docker/entrypoint.sh /usr/local/bin/des-entrypoint
#17 CACHED

#18 exporting to image
#18 exporting layers done
#18 exporting manifest sha256:bc5ff42da8862e0684e66114effb8d6a4ec04a9f26c23963746612c6cce46d29 done
#18 exporting config sha256:b21c6c2e6e7c8dd6ea2d39fc4e7ca4deef63bef3185537dd964e99948224a278 done
#18 exporting attestation manifest sha256:ce5fc224ed3b8bf04ae9d2e7f860ad52c72c07fa950b1431e9c461c2736cd5bd 0.0s done
#18 exporting manifest list sha256:c451f09a252f443e50427f65bd2b6c8e3fbc45650a3aaf8af2243798d11e0af3 done
#18 naming to docker.io/library/docker-des:fms-7n-LMOD-r5-w0 done
#18 unpacking to docker.io/library/docker-des:fms-7n-LMOD-r5-w0 done
#18 DONE 0.1s

#19 resolving provenance for metadata file
#19 DONE 0.0s
 Image docker-des:fms-7n-LMOD-r5-w0 Built 
== run: node1 node2 node3 node4 node5 node6 node7
 Network docker-des_cell Creating 
 Network docker-des_cell Creating 
 Network docker-des_cell Created 
 Network docker-des_cell Created 
 Container docker-des-node7-1 Creating 
 Container docker-des-node5-1 Creating 
 Container docker-des-node1-1 Creating 
 Container docker-des-node6-1 Creating 
 Container docker-des-node2-1 Creating 
 Container docker-des-node4-1 Creating 
 Container docker-des-node3-1 Creating 
 Container docker-des-node2-1 Created 
 Container docker-des-node6-1 Created 
 Container docker-des-node7-1 Created 
 Container docker-des-node4-1 Created 
 Container docker-des-node3-1 Created 
 Container docker-des-node5-1 Created 
 Container docker-des-node1-1 Created 
 Container docker-des-node2-1 Starting 
 Container docker-des-node5-1 Starting 
 Container docker-des-node4-1 Starting 
 Container docker-des-node1-1 Starting 
 Container docker-des-node3-1 Starting 
 Container docker-des-node6-1 Starting 
 Container docker-des-node7-1 Starting 
 Container docker-des-node2-1 Started 
 Container docker-des-node5-1 Started 
 Container docker-des-node4-1 Started 
 Container docker-des-node1-1 Started 
 Container docker-des-node3-1 Started 
 Container docker-des-node6-1 Started 
 Container docker-des-node7-1 Started 
== collect -> results/20260927-150952-fms-7-unicast
# Execução `20260927-150952-fms-7-unicast`

- problema `fms`, família `LMOD`, **7 containers**, transporte `unicast`
- 5 ciclos × 44 passos = 220 passos; **220 executados**, 0 pulados
- impressão digital da configuração: `04511541`
- RTT de aplicação (nó 1, 20 sondas): média 4.65 ms, mín 3.15, máx 5.33
- resultado: **complete**

| nó | supervisores | saída | disparou (local/ctrl/unctrl) | aplicou p/ pares | decifrações (ciclo 1) | HE total ms | quadros tx/rx | retx | oráculo | halt |
|---|---|---|---|---|---|---|---|---|---|---|
| 1 | S0 | 0 | 20/40/40 | 0 | 101 (21) | 110.6 | 163/1659 | 0 | PASS | não |
| 2 | S1 | 0 | 20/0/0 | 80 | 101 (21) | 130.6 | 248/1593 | 0 | PASS | não |
| 3 | S2 | 0 | 20/0/0 | 80 | 100 (20) | 117.9 | 244/1565 | 0 | PASS | não |
| 4 | S3 | 0 | 20/0/0 | 80 | 103 (23) | 130.2 | 247/1576 | 0 | PASS | não |
| 5 | S4 | 0 | 0/20/10 | 80 | 114 (26) | 146.7 | 297/1544 | 0 | PASS | não |
| 6 | S5 | 0 | 0/0/0 | 110 | 129 (41) | 164.8 | 322/1468 | 0 | PASS | não |
| 7 | S6 | 0 | 30/0/0 | 110 | 150 (38) | 212.6 | 320/1428 | 0 | PASS | não |
| **total** | | | | | **798 (190)** | 1013.4 | 1841/10833 | 0 | | |

Fim de cada ciclo no relógio comum (o **último** nó a terminar), ms: 294.8, 494.7, 704.7, 915.5, 1111.8

Tempo por passo: ciclo 1 **6.70 ms**; ciclos 2–5 **4.64 ms**

Verificação cruzada com o supervisor MONOLÍTICO: **off**

## Verificações

| verificação | esperado | obtido | |
|---|---|---|---|
| decryptions, whole cell | 798 | 798 | ✅ |
| decryptions, whole cell, cycle 1 | 190 | 190 | ✅ |
| outcome | complete | complete | ✅ |
| same fingerprint on every node | 1 | 1 | ✅ |
| oracle PASS on every node | True | True | ✅ |
| crypto self-test PASS on every node | True | True | ✅ |

**TODAS AS VERIFICAÇÕES PASSARAM**


################ fms-7-wifi
== build (scenarios/fms-7-wifi.env)
 Image docker-des:fms-7n-LMOD-r5-w0 Building 
#1 [internal] load local bake definitions
#1 reading from stdin 784B done
#1 DONE 0.0s

#2 [internal] load build definition from Dockerfile
#2 transferring dockerfile: 3.38kB done
#2 DONE 0.0s

#3 resolve image config for docker-image://docker.io/docker/dockerfile:1
#3 DONE 0.2s

#4 docker-image://docker.io/docker/dockerfile:1@sha256:ecfaec9ed6d810b56388c508f4121597bfbba70d41a6dfeee4d8cad5f295fc32
#4 resolve docker.io/docker/dockerfile:1@sha256:ecfaec9ed6d810b56388c508f4121597bfbba70d41a6dfeee4d8cad5f295fc32 0.0s done
#4 CACHED

#5 [internal] load metadata for docker.io/library/ubuntu:26.04
#5 DONE 0.3s

#6 [internal] load .dockerignore
#6 transferring context: 2B done
#6 DONE 0.0s

#7 [internal] load build context
#7 transferring context: 542B done
#7 DONE 0.0s

#8 [build 1/7] FROM docker.io/library/ubuntu:26.04@sha256:da6fc2be547864451aa253836dd926da33623312df4a9a243e35dc877c378a78
#8 resolve docker.io/library/ubuntu:26.04@sha256:da6fc2be547864451aa253836dd926da33623312df4a9a243e35dc877c378a78 0.0s done
#8 DONE 0.0s

#9 [build 5/7] COPY src/ src/
#9 CACHED

#10 [build 6/7] RUN cd engine && sha256sum -c --quiet SHA256SUMS
#10 CACHED

#11 [stage-1 3/4] COPY --from=build /out/ /opt/des/bin/
#11 CACHED

#12 [build 7/7] RUN set -eu; mkdir -p /out; pids="";     for id in $(seq 1 "7"); do       g++ -std=c++17 -O2 -Wall -Wextra -Iengine -Isrc           -DDES_DATA_HEADER=""supervisor_data_fms.h""           -DDES_NODE_ID="$id" -DDES_NUM_NODES="7"           -DDES_FAMILY="DES_FAMILY_LMOD"           -DDES_ROUNDS="5" -DDES_WORK_MS="0"                      -o "/out/des_node$id" src/des_container_main.cpp           -l:libmbedcrypto.a &       pids="$pids $!";     done;     for p in $pids; do wait "$p"; done;     { echo "DES_PROBLEM=fms"; echo "DES_NUM_NODES=7";       echo "DES_FAMILY=LMOD"; echo "DES_ROUNDS=5";       echo "DES_WORK_MS=0"; echo "DES_EXTRA_FLAGS=";       echo "mbedtls=$(dpkg-query -W -f='${Version}' libmbedtls-dev)";       echo "gxx=$(g++ -dumpfullversion)"; } > /out/BUILD_INFO;     cat /out/BUILD_INFO
#12 CACHED

#13 [stage-1 2/4] RUN apt-get update  && apt-get install -y --no-install-recommends iproute2  && rm -rf /var/lib/apt/lists/*  && useradd --system --no-create-home --shell /usr/sbin/nologin des
#13 CACHED

#14 [build 4/7] COPY engine/ engine/
#14 CACHED

#15 [build 2/7] RUN apt-get update  && apt-get install -y --no-install-recommends g++ libmbedtls-dev  && rm -rf /var/lib/apt/lists/*
#15 CACHED

#16 [build 3/7] WORKDIR /src
#16 CACHED

#17 [stage-1 4/4] COPY --chmod=0755 docker/entrypoint.sh /usr/local/bin/des-entrypoint
#17 CACHED

#18 exporting to image
#18 exporting layers done
#18 exporting manifest sha256:bc5ff42da8862e0684e66114effb8d6a4ec04a9f26c23963746612c6cce46d29 done
#18 exporting config sha256:b21c6c2e6e7c8dd6ea2d39fc4e7ca4deef63bef3185537dd964e99948224a278 done
#18 exporting attestation manifest sha256:0940884eedf0dabe4ec45358c564c54707d0ff78026ab53a9a2bd6e8a9c733f5 0.0s done
#18 exporting manifest list sha256:f6a3fc8b1866c14b7bc521a02a8fde272d002a8f4e4df029b0ace2305b5f4ab7 done
#18 naming to docker.io/library/docker-des:fms-7n-LMOD-r5-w0 done
#18 unpacking to docker.io/library/docker-des:fms-7n-LMOD-r5-w0 done
#18 DONE 0.1s

#19 resolving provenance for metadata file
#19 DONE 0.0s
 Image docker-des:fms-7n-LMOD-r5-w0 Built 
== run: node1 node2 node3 node4 node5 node6 node7
 Network docker-des_cell Creating 
 Network docker-des_cell Creating 
 Network docker-des_cell Created 
 Network docker-des_cell Created 
 Container docker-des-node7-1 Creating 
 Container docker-des-node5-1 Creating 
 Container docker-des-node6-1 Creating 
 Container docker-des-node4-1 Creating 
 Container docker-des-node2-1 Creating 
 Container docker-des-node3-1 Creating 
 Container docker-des-node1-1 Creating 
 Container docker-des-node3-1 Created 
 Container docker-des-node6-1 Created 
 Container docker-des-node1-1 Created 
 Container docker-des-node4-1 Created 
 Container docker-des-node5-1 Created 
 Container docker-des-node7-1 Created 
 Container docker-des-node2-1 Created 
 Container docker-des-node7-1 Starting 
 Container docker-des-node3-1 Starting 
 Container docker-des-node5-1 Starting 
 Container docker-des-node1-1 Starting 
 Container docker-des-node2-1 Starting 
 Container docker-des-node4-1 Starting 
 Container docker-des-node6-1 Starting 
 Container docker-des-node7-1 Started 
 Container docker-des-node3-1 Started 
 Container docker-des-node5-1 Started 
 Container docker-des-node1-1 Started 
 Container docker-des-node2-1 Started 
 Container docker-des-node4-1 Started 
 Container docker-des-node6-1 Started 
== collect -> results/20260927-151028-fms-7-wifi
# Execução `20260927-151028-fms-7-wifi`

- problema `fms`, família `LMOD`, **7 containers**, transporte `multicast`, netem `delay 7ms 3ms loss 1%`
- 5 ciclos × 44 passos = 220 passos; **220 executados**, 0 pulados
- impressão digital da configuração: `04511541`
- RTT de aplicação (nó 1, 20 sondas): média 20.30 ms, mín 17.21, máx 24.44
- resultado: **complete**

| nó | supervisores | saída | disparou (local/ctrl/unctrl) | aplicou p/ pares | decifrações (ciclo 1) | HE total ms | quadros tx/rx | retx | oráculo | halt |
|---|---|---|---|---|---|---|---|---|---|---|
| 1 | S0 | 0 | 20/40/40 | 0 | 101 (21) | 218.1 | 172/2111 | 12 | PASS | não |
| 2 | S1 | 0 | 20/0/0 | 80 | 101 (21) | 291.5 | 323/1953 | 0 | PASS | não |
| 3 | S2 | 0 | 20/0/0 | 80 | 100 (20) | 291.4 | 325/1979 | 0 | PASS | não |
| 4 | S3 | 0 | 20/0/0 | 80 | 103 (23) | 306.1 | 322/1929 | 0 | PASS | não |
| 5 | S4 | 0 | 0/20/10 | 80 | 114 (26) | 330.0 | 369/1927 | 1 | PASS | não |
| 6 | S5 | 0 | 0/0/0 | 110 | 129 (41) | 379.2 | 401/1822 | 0 | PASS | não |
| 7 | S6 | 0 | 30/0/0 | 110 | 150 (38) | 458.3 | 405/1898 | 0 | PASS | não |
| **total** | | | | | **798 (190)** | 2274.6 | 2317/13619 | 13 | | |

Fim de cada ciclo no relógio comum (o **último** nó a terminar), ms: 2722.7, 6543.4, 16654.8, 21029.4, 25149.2

Tempo por passo: ciclo 1 **61.88 ms**; ciclos 2–5 **127.42 ms**

Verificação cruzada com o supervisor MONOLÍTICO: **off**

## Verificações

| verificação | esperado | obtido | |
|---|---|---|---|
| decryptions, whole cell | 798 | 798 | ✅ |
| decryptions, whole cell, cycle 1 | 190 | 190 | ✅ |
| outcome | complete | complete | ✅ |
| same fingerprint on every node | 1 | 1 | ✅ |
| oracle PASS on every node | True | True | ✅ |
| crypto self-test PASS on every node | True | True | ✅ |

**TODAS AS VERIFICAÇÕES PASSARAM**


################ fms-7
== build (scenarios/fms-7.env)
 Image docker-des:fms-7n-LMOD-r5-w0 Building 
#1 [internal] load local bake definitions
#1 reading from stdin 784B done
#1 DONE 0.0s

#2 [internal] load build definition from Dockerfile
#2 transferring dockerfile: 3.38kB done
#2 DONE 0.0s

#3 resolve image config for docker-image://docker.io/docker/dockerfile:1
#3 DONE 0.8s

#4 docker-image://docker.io/docker/dockerfile:1@sha256:ecfaec9ed6d810b56388c508f4121597bfbba70d41a6dfeee4d8cad5f295fc32
#4 resolve docker.io/docker/dockerfile:1@sha256:ecfaec9ed6d810b56388c508f4121597bfbba70d41a6dfeee4d8cad5f295fc32 0.0s done
#4 CACHED

#5 [internal] load metadata for docker.io/library/ubuntu:26.04
#5 DONE 0.5s

#6 [internal] load .dockerignore
#6 transferring context: 2B done
#6 DONE 0.0s

#7 [internal] load build context
#7 transferring context: 542B done
#7 DONE 0.0s

#8 [build 1/7] FROM docker.io/library/ubuntu:26.04@sha256:da6fc2be547864451aa253836dd926da33623312df4a9a243e35dc877c378a78
#8 resolve docker.io/library/ubuntu:26.04@sha256:da6fc2be547864451aa253836dd926da33623312df4a9a243e35dc877c378a78 0.0s done
#8 DONE 0.0s

#9 [stage-1 2/4] RUN apt-get update  && apt-get install -y --no-install-recommends iproute2  && rm -rf /var/lib/apt/lists/*  && useradd --system --no-create-home --shell /usr/sbin/nologin des
#9 CACHED

#10 [build 6/7] RUN cd engine && sha256sum -c --quiet SHA256SUMS
#10 CACHED

#11 [build 7/7] RUN set -eu; mkdir -p /out; pids="";     for id in $(seq 1 "7"); do       g++ -std=c++17 -O2 -Wall -Wextra -Iengine -Isrc           -DDES_DATA_HEADER=""supervisor_data_fms.h""           -DDES_NODE_ID="$id" -DDES_NUM_NODES="7"           -DDES_FAMILY="DES_FAMILY_LMOD"           -DDES_ROUNDS="5" -DDES_WORK_MS="0"                      -o "/out/des_node$id" src/des_container_main.cpp           -l:libmbedcrypto.a &       pids="$pids $!";     done;     for p in $pids; do wait "$p"; done;     { echo "DES_PROBLEM=fms"; echo "DES_NUM_NODES=7";       echo "DES_FAMILY=LMOD"; echo "DES_ROUNDS=5";       echo "DES_WORK_MS=0"; echo "DES_EXTRA_FLAGS=";       echo "mbedtls=$(dpkg-query -W -f='${Version}' libmbedtls-dev)";       echo "gxx=$(g++ -dumpfullversion)"; } > /out/BUILD_INFO;     cat /out/BUILD_INFO
#11 CACHED

#12 [stage-1 3/4] COPY --from=build /out/ /opt/des/bin/
#12 CACHED

#13 [build 2/7] RUN apt-get update  && apt-get install -y --no-install-recommends g++ libmbedtls-dev  && rm -rf /var/lib/apt/lists/*
#13 CACHED

#14 [build 3/7] WORKDIR /src
#14 CACHED

#15 [build 4/7] COPY engine/ engine/
#15 CACHED

#16 [build 5/7] COPY src/ src/
#16 CACHED

#17 [stage-1 4/4] COPY --chmod=0755 docker/entrypoint.sh /usr/local/bin/des-entrypoint
#17 CACHED

#18 exporting to image
#18 exporting layers done
#18 exporting manifest sha256:bc5ff42da8862e0684e66114effb8d6a4ec04a9f26c23963746612c6cce46d29 done
#18 exporting config sha256:b21c6c2e6e7c8dd6ea2d39fc4e7ca4deef63bef3185537dd964e99948224a278 done
#18 exporting attestation manifest sha256:90f2079c3836f558b7e6dbb19b0dc1b5b9962a3affc9cab0958e294d10c89639 0.0s done
#18 exporting manifest list sha256:a4eed5856f6e0b653643ddbf2ce63c9066c7dc0fdaa9f750719d7b089b34e893
#18 exporting manifest list sha256:a4eed5856f6e0b653643ddbf2ce63c9066c7dc0fdaa9f750719d7b089b34e893 0.0s done
#18 naming to docker.io/library/docker-des:fms-7n-LMOD-r5-w0 done
#18 unpacking to docker.io/library/docker-des:fms-7n-LMOD-r5-w0 0.0s done
#18 DONE 0.1s

#19 resolving provenance for metadata file
#19 DONE 0.0s
 Image docker-des:fms-7n-LMOD-r5-w0 Built 
== run: node1 node2 node3 node4 node5 node6 node7
 Network docker-des_cell Creating 
 Network docker-des_cell Creating 
 Network docker-des_cell Created 
 Network docker-des_cell Created 
 Container docker-des-node7-1 Creating 
 Container docker-des-node5-1 Creating 
 Container docker-des-node6-1 Creating 
 Container docker-des-node4-1 Creating 
 Container docker-des-node3-1 Creating 
 Container docker-des-node1-1 Creating 
 Container docker-des-node2-1 Creating 
 Container docker-des-node6-1 Created 
 Container docker-des-node3-1 Created 
 Container docker-des-node2-1 Created 
 Container docker-des-node7-1 Created 
 Container docker-des-node5-1 Created 
 Container docker-des-node1-1 Created 
 Container docker-des-node4-1 Created 
 Container docker-des-node5-1 Starting 
 Container docker-des-node6-1 Starting 
 Container docker-des-node3-1 Starting 
 Container docker-des-node7-1 Starting 
 Container docker-des-node1-1 Starting 
 Container docker-des-node2-1 Starting 
 Container docker-des-node4-1 Starting 
 Container docker-des-node5-1 Started 
 Container docker-des-node6-1 Started 
 Container docker-des-node3-1 Started 
 Container docker-des-node7-1 Started 
 Container docker-des-node1-1 Started 
 Container docker-des-node2-1 Started 
 Container docker-des-node4-1 Started 
== collect -> results/20260927-151104-fms-7
# Execução `20260927-151104-fms-7`

- problema `fms`, família `LMOD`, **7 containers**, transporte `multicast`
- 5 ciclos × 44 passos = 220 passos; **220 executados**, 0 pulados
- impressão digital da configuração: `04511541`
- RTT de aplicação (nó 1, 20 sondas): média 4.95 ms, mín 3.75, máx 9.02
- resultado: **complete**

| nó | supervisores | saída | disparou (local/ctrl/unctrl) | aplicou p/ pares | decifrações (ciclo 1) | HE total ms | quadros tx/rx | retx | oráculo | halt |
|---|---|---|---|---|---|---|---|---|---|---|
| 1 | S0 | 0 | 20/40/40 | 0 | 101 (21) | 107.3 | 159/1636 | 0 | PASS | não |
| 2 | S1 | 0 | 20/0/0 | 80 | 101 (21) | 124.7 | 239/1523 | 0 | PASS | não |
| 3 | S2 | 0 | 20/0/0 | 80 | 100 (20) | 109.6 | 242/1566 | 0 | PASS | não |
| 4 | S3 | 0 | 20/0/0 | 80 | 103 (23) | 124.3 | 239/1497 | 0 | PASS | não |
| 5 | S4 | 0 | 0/20/10 | 80 | 114 (26) | 136.9 | 293/1522 | 0 | PASS | não |
| 6 | S5 | 0 | 0/0/0 | 110 | 129 (41) | 155.3 | 323/1491 | 0 | PASS | não |
| 7 | S6 | 0 | 30/0/0 | 110 | 150 (38) | 209.3 | 320/1477 | 0 | PASS | não |
| **total** | | | | | **798 (190)** | 967.4 | 1815/10712 | 0 | | |

Fim de cada ciclo no relógio comum (o **último** nó a terminar), ms: 276.3, 469.8, 676.9, 879.3, 1078.2

Tempo por passo: ciclo 1 **6.28 ms**; ciclos 2–5 **4.56 ms**

Verificação cruzada com o supervisor MONOLÍTICO: **off**

## Verificações

| verificação | esperado | obtido | |
|---|---|---|---|
| decryptions, whole cell | 798 | 798 | ✅ |
| decryptions, whole cell, cycle 1 | 190 | 190 | ✅ |
| outcome | complete | complete | ✅ |
| same fingerprint on every node | 1 | 1 | ✅ |
| oracle PASS on every node | True | True | ✅ |
| crypto self-test PASS on every node | True | True | ✅ |

**TODAS AS VERIFICAÇÕES PASSARAM**


================ verdicts
  esf-2-lockstep         PASS
  fms-1                  PASS
  fms-2-loss30           PASS
  fms-2                  PASS
  fms-7-loss5-fast       PASS
  fms-7-loss5            PASS
  fms-7-unicast          PASS
  fms-7-wifi             PASS
  fms-7                  PASS
