emulação: DES_EMU_SCALARMUL_MS=69 ms  ·  repetições: 5  ·  saída: results/20260928-002448-varredura

################ fms-1-ponte  (repetição 1/5)
== build (scenarios/fms-1-ponte.env)
 Image docker-des:fms-1n-LMOD-r5-w0-sobrecarga Building 
#1 [internal] load local bake definitions
#1 reading from stdin 821B done
#1 DONE 0.0s

#2 [internal] load build definition from Dockerfile
#2 transferring dockerfile: 3.32kB 0.0s done
#2 DONE 0.0s

#3 resolve image config for docker-image://docker.io/docker/dockerfile:1
#3 DONE 1.0s

#4 docker-image://docker.io/docker/dockerfile:1@sha256:ecfaec9ed6d810b56388c508f4121597bfbba70d41a6dfeee4d8cad5f295fc32
#4 resolve docker.io/docker/dockerfile:1@sha256:ecfaec9ed6d810b56388c508f4121597bfbba70d41a6dfeee4d8cad5f295fc32 0.0s done
#4 CACHED

#5 [internal] load metadata for docker.io/library/ubuntu:26.04
#5 DONE 12.4s

#6 [internal] load .dockerignore
#6 transferring context: 2B done
#6 DONE -11.5s

#7 [internal] load build context
#7 transferring context: 370B done
#7 DONE 0.0s

#8 [build 1/7] FROM docker.io/library/ubuntu:26.04@sha256:da6fc2be547864451aa253836dd926da33623312df4a9a243e35dc877c378a78
#8 resolve docker.io/library/ubuntu:26.04@sha256:da6fc2be547864451aa253836dd926da33623312df4a9a243e35dc877c378a78 0.0s done
#8 DONE 0.0s

#9 [build 2/7] RUN apt-get update  && apt-get install -y --no-install-recommends g++ libmbedtls-dev  && rm -rf /var/lib/apt/lists/*
#9 CACHED

#10 [build 3/7] WORKDIR /src
#10 CACHED

#11 [build 4/7] COPY engine/ engine/
#11 CACHED

#12 [build 5/7] COPY src/ src/
#12 CACHED

#13 [build 6/7] RUN cd engine && sha256sum -c --quiet SHA256SUMS
#13 CACHED

#14 [build 7/7] RUN set -eu; mkdir -p /out; pids="";     for id in $(seq 1 "1"); do       g++ -std=c++17 -O2 -Wall -Wextra -Iengine -Isrc           -DDES_DATA_HEADER=""supervisor_data_fms.h""           -DDES_NODE_ID="$id" -DDES_NUM_NODES="1"           -DDES_FAMILY="DES_FAMILY_LMOD"           -DDES_ROUNDS="5" -DDES_WORK_MS="0"           -static -DDES_MCAST_LOOP=1           -o "/out/des_node$id" src/des_container_main.cpp           -Wl,--wrap=mbedtls_ecp_mul -l:libmbedcrypto.a &       pids="$pids $!";     done;     for p in $pids; do wait "$p"; done;     { echo "DES_PROBLEM=fms"; echo "DES_NUM_NODES=1";       echo "DES_FAMILY=LMOD"; echo "DES_ROUNDS=5";       echo "DES_WORK_MS=0"; echo "DES_EXTRA_FLAGS=-static -DDES_MCAST_LOOP=1";       echo "mbedtls=$(dpkg-query -W -f='${Version}' libmbedtls-dev)";       echo "gxx=$(g++ -dumpfullversion)"; } > /out/BUILD_INFO;     cat /out/BUILD_INFO
#14 2.805 DES_PROBLEM=fms
#14 2.805 DES_NUM_NODES=1
#14 2.805 DES_FAMILY=LMOD
#14 2.805 DES_ROUNDS=5
#14 2.805 DES_WORK_MS=0
#14 2.805 DES_EXTRA_FLAGS=-static -DDES_MCAST_LOOP=1
#14 2.805 mbedtls=3.6.5-0.1ubuntu2
#14 2.805 gxx=15.2.0
#14 DONE 2.9s

#15 [stage-1 2/4] RUN useradd --system --no-create-home --shell /usr/sbin/nologin des
#15 CACHED

#16 [stage-1 3/4] COPY --from=build /out/ /opt/des/bin/
#16 DONE 0.1s

#17 [stage-1 4/4] COPY --chmod=0755 docker/entrypoint.sh /usr/local/bin/des-entrypoint
#17 DONE 0.0s

#18 exporting to image
#18 exporting layers
#18 exporting layers 0.2s done
#18 exporting manifest sha256:d32eee70ece4ae3d56f54cab36381e6424564189cee8a337f0c273d04f89fafc 0.0s done
#18 exporting config sha256:7d4e3880925a937890d9c3719b66a6f1f962aa9fcb1dff645b6a1874c507c4f3 0.0s done
#18 exporting attestation manifest sha256:921bd62f56c96cec1e8f627a85aa15c0442165b19581f6f1b2e8112b196ab980 done
#18 exporting manifest list sha256:e78c156842ef01f2bf35ec7599fa8b81de66ea72e62165c856cedf6419830414 done
#18 naming to docker.io/library/docker-des:fms-1n-LMOD-r5-w0-sobrecarga done
#18 unpacking to docker.io/library/docker-des:fms-1n-LMOD-r5-w0-sobrecarga 0.1s done
#18 DONE 0.3s

#19 resolving provenance for metadata file
#19 DONE 0.0s
 Image docker-des:fms-1n-LMOD-r5-w0-sobrecarga Built 
== run (ponte): node1
 Network docker-des_cell Creating 
 Network docker-des_cell Creating 
 Network docker-des_cell Created 
 Network docker-des_cell Created 
 Container docker-des-node1-1 Creating 
 Container docker-des-node1-1 Created 
 Container docker-des-node1-1 Starting 
 Container docker-des-node1-1 Started 
== collect -> results/20260928-002448-varredura/20260928-002448-fms-1-ponte
# Execução `20260928-002448-fms-1-ponte`

- problema `fms`, família `LMOD`, **1 containers**, UDP multicast
- 5 ciclos × 44 passos = 220 passos; **220 executados**, 0 pulados
- impressão digital da configuração: `3f2beff2`
- resultado: **complete**

| nó | supervisores | saída | disparou (local/ctrl/unctrl) | aplicou p/ pares | decifrações (ciclo 1) | HE total ms | quadros tx/rx | retx | oráculo | halt |
|---|---|---|---|---|---|---|---|---|---|---|
| 1 | S0 S1 S2 S3 S4 S5 S6 | 0 | 220/0/0 | 0 | 798 (190) | 55734.9 | 0/0 | 0 | PASS | não |
| **total** | | | | | **798 (190)** | 55734.9 | 0/0 | 0 | | |

Fim de cada ciclo no relógio comum (o **último** nó a terminar), ms: 13309.0, 23937.6, 34545.2, 45169.7, 55783.5

Tempo por passo: ciclo 1 **302.48 ms**; ciclos 2–5 **241.33 ms**

Verificação cruzada com o supervisor MONOLÍTICO: **off**

## Verificações

| verificação | esperado | obtido | |
|---|---|---|---|
| config fingerprint | 3f2beff2 | 3f2beff2 | ✅ |
| decryptions, whole cell | 798 | 798 | ✅ |
| decryptions, whole cell, cycle 1 | 190 | 190 | ✅ |
| outcome | complete | complete | ✅ |
| same fingerprint on every node | 1 | 1 | ✅ |
| oracle PASS on every node | True | True | ✅ |
| crypto self-test PASS on every node | True | True | ✅ |

**TODAS AS VERIFICAÇÕES PASSARAM**


################ fms-1-nativo  (repetição 1/5)
== build (scenarios/fms-1-nativo.env)
 Image docker-des:fms-1n-LMOD-r5-w0-sobrecarga Building 
#1 [internal] load local bake definitions
#1 reading from stdin 821B done
#1 DONE 0.0s

#2 [internal] load build definition from Dockerfile
#2 transferring dockerfile: 3.32kB done
#2 DONE 0.0s

#3 resolve image config for docker-image://docker.io/docker/dockerfile:1
#3 DONE 0.7s

#4 docker-image://docker.io/docker/dockerfile:1@sha256:ecfaec9ed6d810b56388c508f4121597bfbba70d41a6dfeee4d8cad5f295fc32
#4 resolve docker.io/docker/dockerfile:1@sha256:ecfaec9ed6d810b56388c508f4121597bfbba70d41a6dfeee4d8cad5f295fc32 0.0s done
#4 CACHED

#5 [internal] load metadata for docker.io/library/ubuntu:26.04
#5 DONE 0.6s

#6 [internal] load .dockerignore
#6 transferring context: 2B done
#6 DONE 0.0s

#7 [internal] load build context
#7 transferring context: 370B done
#7 DONE 0.0s

#8 [build 1/7] FROM docker.io/library/ubuntu:26.04@sha256:da6fc2be547864451aa253836dd926da33623312df4a9a243e35dc877c378a78
#8 resolve docker.io/library/ubuntu:26.04@sha256:da6fc2be547864451aa253836dd926da33623312df4a9a243e35dc877c378a78 0.0s done
#8 DONE 0.0s

#9 [build 5/7] COPY src/ src/
#9 CACHED

#10 [stage-1 2/4] RUN useradd --system --no-create-home --shell /usr/sbin/nologin des
#10 CACHED

#11 [build 2/7] RUN apt-get update  && apt-get install -y --no-install-recommends g++ libmbedtls-dev  && rm -rf /var/lib/apt/lists/*
#11 CACHED

#12 [build 4/7] COPY engine/ engine/
#12 CACHED

#13 [build 6/7] RUN cd engine && sha256sum -c --quiet SHA256SUMS
#13 CACHED

#14 [stage-1 3/4] COPY --from=build /out/ /opt/des/bin/
#14 CACHED

#15 [build 3/7] WORKDIR /src
#15 CACHED

#16 [build 7/7] RUN set -eu; mkdir -p /out; pids="";     for id in $(seq 1 "1"); do       g++ -std=c++17 -O2 -Wall -Wextra -Iengine -Isrc           -DDES_DATA_HEADER=""supervisor_data_fms.h""           -DDES_NODE_ID="$id" -DDES_NUM_NODES="1"           -DDES_FAMILY="DES_FAMILY_LMOD"           -DDES_ROUNDS="5" -DDES_WORK_MS="0"           -static -DDES_MCAST_LOOP=1           -o "/out/des_node$id" src/des_container_main.cpp           -Wl,--wrap=mbedtls_ecp_mul -l:libmbedcrypto.a &       pids="$pids $!";     done;     for p in $pids; do wait "$p"; done;     { echo "DES_PROBLEM=fms"; echo "DES_NUM_NODES=1";       echo "DES_FAMILY=LMOD"; echo "DES_ROUNDS=5";       echo "DES_WORK_MS=0"; echo "DES_EXTRA_FLAGS=-static -DDES_MCAST_LOOP=1";       echo "mbedtls=$(dpkg-query -W -f='${Version}' libmbedtls-dev)";       echo "gxx=$(g++ -dumpfullversion)"; } > /out/BUILD_INFO;     cat /out/BUILD_INFO
#16 CACHED

#17 [stage-1 4/4] COPY --chmod=0755 docker/entrypoint.sh /usr/local/bin/des-entrypoint
#17 CACHED

#18 exporting to image
#18 exporting layers done
#18 exporting manifest sha256:d32eee70ece4ae3d56f54cab36381e6424564189cee8a337f0c273d04f89fafc done
#18 exporting config sha256:7d4e3880925a937890d9c3719b66a6f1f962aa9fcb1dff645b6a1874c507c4f3 done
#18 exporting attestation manifest sha256:3035cd296dd8c65a5a745bd030dabd940d1da66e1cb59887d1c579c1ac136777 done
#18 exporting manifest list sha256:19abcb542c0afc99a21f7ec242d3764c921c6395cd415744876762d0348431e1
#18 exporting manifest list sha256:19abcb542c0afc99a21f7ec242d3764c921c6395cd415744876762d0348431e1 0.0s done
#18 naming to docker.io/library/docker-des:fms-1n-LMOD-r5-w0-sobrecarga done
#18 unpacking to docker.io/library/docker-des:fms-1n-LMOD-r5-w0-sobrecarga 0.0s done
#18 DONE 0.1s

#19 resolving provenance for metadata file
#19 DONE 0.0s
 Image docker-des:fms-1n-LMOD-r5-w0-sobrecarga Built 
== run (nativo, sem Docker): node1
# Execução `20260928-002613-fms-1-nativo`

- problema `fms`, família `LMOD`, **1 containers**, UDP multicast
- 5 ciclos × 44 passos = 220 passos; **220 executados**, 0 pulados
- impressão digital da configuração: `3f2beff2`
- resultado: **complete**

| nó | supervisores | saída | disparou (local/ctrl/unctrl) | aplicou p/ pares | decifrações (ciclo 1) | HE total ms | quadros tx/rx | retx | oráculo | halt |
|---|---|---|---|---|---|---|---|---|---|---|
| 1 | S0 S1 S2 S3 S4 S5 S6 | 0 | 220/0/0 | 0 | 798 (190) | 55943.9 | 0/0 | 0 | PASS | não |
| **total** | | | | | **798 (190)** | 55943.9 | 0/0 | 0 | | |

Fim de cada ciclo no relógio comum (o **último** nó a terminar), ms: 13481.0, 24112.0, 34740.2, 45364.7, 55980.7

Tempo por passo: ciclo 1 **306.39 ms**; ciclos 2–5 **241.48 ms**

Verificação cruzada com o supervisor MONOLÍTICO: **off**

## Verificações

| verificação | esperado | obtido | |
|---|---|---|---|
| config fingerprint | 3f2beff2 | 3f2beff2 | ✅ |
| decryptions, whole cell | 798 | 798 | ✅ |
| decryptions, whole cell, cycle 1 | 190 | 190 | ✅ |
| outcome | complete | complete | ✅ |
| same fingerprint on every node | 1 | 1 | ✅ |
| oracle PASS on every node | True | True | ✅ |
| crypto self-test PASS on every node | True | True | ✅ |

**TODAS AS VERIFICAÇÕES PASSARAM**


################ fms-2-ponte  (repetição 1/5)
== build (scenarios/fms-2-ponte.env)
 Image docker-des:fms-2n-LMOD-r5-w0-sobrecarga Building 
#1 [internal] load local bake definitions
#1 reading from stdin 821B done
#1 DONE 0.0s

#2 [internal] load build definition from Dockerfile
#2 transferring dockerfile: 3.32kB done
#2 DONE 0.0s

#3 resolve image config for docker-image://docker.io/docker/dockerfile:1
#3 DONE 0.6s

#4 docker-image://docker.io/docker/dockerfile:1@sha256:ecfaec9ed6d810b56388c508f4121597bfbba70d41a6dfeee4d8cad5f295fc32
#4 resolve docker.io/docker/dockerfile:1@sha256:ecfaec9ed6d810b56388c508f4121597bfbba70d41a6dfeee4d8cad5f295fc32 0.0s done
#4 CACHED

#5 [internal] load metadata for docker.io/library/ubuntu:26.04
#5 DONE 0.5s

#6 [internal] load .dockerignore
#6 transferring context: 2B done
#6 DONE 0.0s

#7 [internal] load build context
#7 transferring context: 370B done
#7 DONE 0.0s

#8 [build 1/7] FROM docker.io/library/ubuntu:26.04@sha256:da6fc2be547864451aa253836dd926da33623312df4a9a243e35dc877c378a78
#8 resolve docker.io/library/ubuntu:26.04@sha256:da6fc2be547864451aa253836dd926da33623312df4a9a243e35dc877c378a78 11.6s done
#8 DONE 11.6s

#9 [build 2/7] RUN apt-get update  && apt-get install -y --no-install-recommends g++ libmbedtls-dev  && rm -rf /var/lib/apt/lists/*
#9 CACHED

#10 [build 3/7] WORKDIR /src
#10 CACHED

#11 [build 5/7] COPY src/ src/
#11 CACHED

#12 [build 4/7] COPY engine/ engine/
#12 CACHED

#13 [build 6/7] RUN cd engine && sha256sum -c --quiet SHA256SUMS
#13 CACHED

#14 [build 7/7] RUN set -eu; mkdir -p /out; pids="";     for id in $(seq 1 "2"); do       g++ -std=c++17 -O2 -Wall -Wextra -Iengine -Isrc           -DDES_DATA_HEADER=""supervisor_data_fms.h""           -DDES_NODE_ID="$id" -DDES_NUM_NODES="2"           -DDES_FAMILY="DES_FAMILY_LMOD"           -DDES_ROUNDS="5" -DDES_WORK_MS="0"           -static -DDES_MCAST_LOOP=1           -o "/out/des_node$id" src/des_container_main.cpp           -Wl,--wrap=mbedtls_ecp_mul -l:libmbedcrypto.a &       pids="$pids $!";     done;     for p in $pids; do wait "$p"; done;     { echo "DES_PROBLEM=fms"; echo "DES_NUM_NODES=2";       echo "DES_FAMILY=LMOD"; echo "DES_ROUNDS=5";       echo "DES_WORK_MS=0"; echo "DES_EXTRA_FLAGS=-static -DDES_MCAST_LOOP=1";       echo "mbedtls=$(dpkg-query -W -f='${Version}' libmbedtls-dev)";       echo "gxx=$(g++ -dumpfullversion)"; } > /out/BUILD_INFO;     cat /out/BUILD_INFO
#14 -9.062 DES_PROBLEM=fms
#14 -9.062 DES_NUM_NODES=2
#14 -9.062 DES_FAMILY=LMOD
#14 -9.062 DES_ROUNDS=5
#14 -9.062 DES_WORK_MS=0
#14 -9.062 DES_EXTRA_FLAGS=-static -DDES_MCAST_LOOP=1
#14 -9.062 mbedtls=3.6.5-0.1ubuntu2
#14 -9.062 gxx=15.2.0
#14 DONE -9.0s

#15 [stage-1 2/4] RUN useradd --system --no-create-home --shell /usr/sbin/nologin des
#15 CACHED

#16 [stage-1 3/4] COPY --from=build /out/ /opt/des/bin/
#16 DONE 0.1s

#17 [stage-1 4/4] COPY --chmod=0755 docker/entrypoint.sh /usr/local/bin/des-entrypoint
#17 DONE 0.0s

#18 exporting to image
#18 exporting layers
#18 exporting layers 0.3s done
#18 exporting manifest sha256:dfcef89fa61aaf6082e2126f3539dfcff927251252b2ddac70565eb4c18d8dd1 0.0s done
#18 exporting config sha256:512cc22f4d2c318ca2ad6358ae7b1bc736de3a16a1fa4dc5d59c59a34749b6a2 done
#18 exporting attestation manifest sha256:bb758979c209106be4082d17be8fbd9c9ae38eb7e348b69889b13c913fa1832e 0.0s done
#18 exporting manifest list sha256:57491ab5d711be36d9c83cf75cf509006440614ee03b58072200d4259dabec74 done
#18 naming to docker.io/library/docker-des:fms-2n-LMOD-r5-w0-sobrecarga done
#18 unpacking to docker.io/library/docker-des:fms-2n-LMOD-r5-w0-sobrecarga 0.1s done
#18 DONE 0.4s

#19 resolving provenance for metadata file
#19 DONE 0.0s
 Image docker-des:fms-2n-LMOD-r5-w0-sobrecarga Built 
== run (ponte): node1 node2
 Network docker-des_cell Creating 
 Network docker-des_cell Creating 
 Network docker-des_cell Created 
 Network docker-des_cell Created 
 Container docker-des-node2-1 Creating 
 Container docker-des-node1-1 Creating 
 Container docker-des-node1-1 Created 
 Container docker-des-node2-1 Created 
 Container docker-des-node1-1 Starting 
 Container docker-des-node2-1 Starting 
 Container docker-des-node1-1 Started 
 Container docker-des-node2-1 Started 
== collect -> results/20260928-002448-varredura/20260928-002730-fms-2-ponte
# Execução `20260928-002730-fms-2-ponte`

- problema `fms`, família `LMOD`, **2 containers**, UDP multicast
- 5 ciclos × 44 passos = 220 passos; **220 executados**, 0 pulados
- impressão digital da configuração: `edbd7971`
- RTT de aplicação (nó 1, 20 sondas): média 3.73 ms, mín 2.34, máx 5.59
- resultado: **complete**

| nó | supervisores | saída | disparou (local/ctrl/unctrl) | aplicou p/ pares | decifrações (ciclo 1) | HE total ms | quadros tx/rx | retx | oráculo | halt |
|---|---|---|---|---|---|---|---|---|---|---|
| 1 | S0 S1 S2 S3 | 0 | 80/40/40 | 0 | 405 (85) | 28287.7 | 150/230 | 0 | PASS | não |
| 2 | S4 S5 S6 | 0 | 60/0/0 | 80 | 393 (105) | 27519.5 | 230/150 | 0 | PASS | não |
| **total** | | | | | **798 (190)** | 55807.2 | 380/380 | 0 | | |

Fim de cada ciclo no relógio comum (o **último** nó a terminar), ms: 8656.7, 15227.3, 21813.3, 28387.5, 34956.6

Tempo por passo: ciclo 1 **196.74 ms**; ciclos 2–5 **149.43 ms**

Verificação cruzada com o supervisor MONOLÍTICO: **off**

## Verificações

| verificação | esperado | obtido | |
|---|---|---|---|
| config fingerprint | edbd7971 | edbd7971 | ✅ |
| decryptions, whole cell | 798 | 798 | ✅ |
| decryptions, whole cell, cycle 1 | 190 | 190 | ✅ |
| outcome | complete | complete | ✅ |
| same fingerprint on every node | 1 | 1 | ✅ |
| oracle PASS on every node | True | True | ✅ |
| crypto self-test PASS on every node | True | True | ✅ |

**TODAS AS VERIFICAÇÕES PASSARAM**


################ fms-2-host  (repetição 1/5)
== build (scenarios/fms-2-host.env)
 Image docker-des:fms-2n-LMOD-r5-w0-sobrecarga Building 
#1 [internal] load local bake definitions
#1 reading from stdin 821B done
#1 DONE 0.0s

#2 [internal] load build definition from Dockerfile
#2 transferring dockerfile: 3.32kB done
#2 DONE 0.0s

#3 resolve image config for docker-image://docker.io/docker/dockerfile:1
#3 DONE 0.6s

#4 docker-image://docker.io/docker/dockerfile:1@sha256:ecfaec9ed6d810b56388c508f4121597bfbba70d41a6dfeee4d8cad5f295fc32
#4 resolve docker.io/docker/dockerfile:1@sha256:ecfaec9ed6d810b56388c508f4121597bfbba70d41a6dfeee4d8cad5f295fc32 0.0s done
#4 CACHED

#5 [internal] load metadata for docker.io/library/ubuntu:26.04
#5 DONE 0.6s

#6 [internal] load .dockerignore
#6 transferring context: 2B done
#6 DONE 0.0s

#7 [internal] load build context
#7 transferring context: 370B done
#7 DONE 0.0s

#8 [build 1/7] FROM docker.io/library/ubuntu:26.04@sha256:da6fc2be547864451aa253836dd926da33623312df4a9a243e35dc877c378a78
#8 resolve docker.io/library/ubuntu:26.04@sha256:da6fc2be547864451aa253836dd926da33623312df4a9a243e35dc877c378a78 0.0s done
#8 DONE 0.0s

#9 [build 2/7] RUN apt-get update  && apt-get install -y --no-install-recommends g++ libmbedtls-dev  && rm -rf /var/lib/apt/lists/*
#9 CACHED

#10 [build 4/7] COPY engine/ engine/
#10 CACHED

#11 [build 5/7] COPY src/ src/
#11 CACHED

#12 [build 6/7] RUN cd engine && sha256sum -c --quiet SHA256SUMS
#12 CACHED

#13 [build 3/7] WORKDIR /src
#13 CACHED

#14 [build 7/7] RUN set -eu; mkdir -p /out; pids="";     for id in $(seq 1 "2"); do       g++ -std=c++17 -O2 -Wall -Wextra -Iengine -Isrc           -DDES_DATA_HEADER=""supervisor_data_fms.h""           -DDES_NODE_ID="$id" -DDES_NUM_NODES="2"           -DDES_FAMILY="DES_FAMILY_LMOD"           -DDES_ROUNDS="5" -DDES_WORK_MS="0"           -static -DDES_MCAST_LOOP=1           -o "/out/des_node$id" src/des_container_main.cpp           -Wl,--wrap=mbedtls_ecp_mul -l:libmbedcrypto.a &       pids="$pids $!";     done;     for p in $pids; do wait "$p"; done;     { echo "DES_PROBLEM=fms"; echo "DES_NUM_NODES=2";       echo "DES_FAMILY=LMOD"; echo "DES_ROUNDS=5";       echo "DES_WORK_MS=0"; echo "DES_EXTRA_FLAGS=-static -DDES_MCAST_LOOP=1";       echo "mbedtls=$(dpkg-query -W -f='${Version}' libmbedtls-dev)";       echo "gxx=$(g++ -dumpfullversion)"; } > /out/BUILD_INFO;     cat /out/BUILD_INFO
#14 CACHED

#15 [stage-1 2/4] RUN useradd --system --no-create-home --shell /usr/sbin/nologin des
#15 CACHED

#16 [stage-1 3/4] COPY --from=build /out/ /opt/des/bin/
#16 CACHED

#17 [stage-1 4/4] COPY --chmod=0755 docker/entrypoint.sh /usr/local/bin/des-entrypoint
#17 CACHED

#18 exporting to image
#18 exporting layers done
#18 exporting manifest sha256:dfcef89fa61aaf6082e2126f3539dfcff927251252b2ddac70565eb4c18d8dd1 done
#18 exporting config sha256:512cc22f4d2c318ca2ad6358ae7b1bc736de3a16a1fa4dc5d59c59a34749b6a2 done
#18 exporting attestation manifest sha256:1cb8369b2fa8ec4cb7e6815cb1dd1172398d54aaeb69f09ee36c5d3494a21432
#18 exporting attestation manifest sha256:1cb8369b2fa8ec4cb7e6815cb1dd1172398d54aaeb69f09ee36c5d3494a21432 0.0s done
#18 exporting manifest list sha256:b43429a101190c6580b7a9c1f2c2ed93478a66e619000086ac88feb9d7cacafc 0.0s done
#18 naming to docker.io/library/docker-des:fms-2n-LMOD-r5-w0-sobrecarga done
#18 unpacking to docker.io/library/docker-des:fms-2n-LMOD-r5-w0-sobrecarga done
#18 DONE 0.1s

#19 resolving provenance for metadata file
#19 DONE 0.0s
 Image docker-des:fms-2n-LMOD-r5-w0-sobrecarga Built 
== run (host): node1 node2
 Container docker-des-node2-1 Creating 
 Container docker-des-node1-1 Creating 
 Container docker-des-node1-1 Created 
 Container docker-des-node2-1 Created 
 Container docker-des-node1-1 Starting 
 Container docker-des-node2-1 Starting 
 Container docker-des-node1-1 Started 
 Container docker-des-node2-1 Started 
== collect -> results/20260928-002448-varredura/20260928-002831-fms-2-host
# Execução `20260928-002831-fms-2-host`

- problema `fms`, família `LMOD`, **2 containers**, UDP multicast
- 5 ciclos × 44 passos = 220 passos; **220 executados**, 0 pulados
- impressão digital da configuração: `edbd7971`
- RTT de aplicação (nó 1, 20 sondas): média 4.09 ms, mín 2.76, máx 5.40
- resultado: **complete**

| nó | supervisores | saída | disparou (local/ctrl/unctrl) | aplicou p/ pares | decifrações (ciclo 1) | HE total ms | quadros tx/rx | retx | oráculo | halt |
|---|---|---|---|---|---|---|---|---|---|---|
| 1 | S0 S1 S2 S3 | 0 | 80/40/40 | 0 | 405 (85) | 28122.1 | 150/230 | 0 | PASS | não |
| 2 | S4 S5 S6 | 0 | 60/0/0 | 80 | 393 (105) | 27390.9 | 230/150 | 0 | PASS | não |
| **total** | | | | | **798 (190)** | 55513.0 | 380/380 | 0 | | |

Fim de cada ciclo no relógio comum (o **último** nó a terminar), ms: 8640.0, 15152.3, 21650.8, 28156.9, 34662.1

Tempo por passo: ciclo 1 **196.36 ms**; ciclos 2–5 **147.85 ms**

Verificação cruzada com o supervisor MONOLÍTICO: **off**

## Verificações

| verificação | esperado | obtido | |
|---|---|---|---|
| config fingerprint | edbd7971 | edbd7971 | ✅ |
| decryptions, whole cell | 798 | 798 | ✅ |
| decryptions, whole cell, cycle 1 | 190 | 190 | ✅ |
| outcome | complete | complete | ✅ |
| same fingerprint on every node | 1 | 1 | ✅ |
| oracle PASS on every node | True | True | ✅ |
| crypto self-test PASS on every node | True | True | ✅ |

**TODAS AS VERIFICAÇÕES PASSARAM**


################ fms-2-nativo  (repetição 1/5)
== build (scenarios/fms-2-nativo.env)
 Image docker-des:fms-2n-LMOD-r5-w0-sobrecarga Building 
#1 [internal] load local bake definitions
#1 reading from stdin 821B done
#1 DONE 0.0s

#2 [internal] load build definition from Dockerfile
#2 transferring dockerfile: 3.32kB done
#2 DONE 0.0s

#3 resolve image config for docker-image://docker.io/docker/dockerfile:1
#3 DONE 0.7s

#4 docker-image://docker.io/docker/dockerfile:1@sha256:ecfaec9ed6d810b56388c508f4121597bfbba70d41a6dfeee4d8cad5f295fc32
#4 resolve docker.io/docker/dockerfile:1@sha256:ecfaec9ed6d810b56388c508f4121597bfbba70d41a6dfeee4d8cad5f295fc32 0.0s done
#4 CACHED

#5 [internal] load metadata for docker.io/library/ubuntu:26.04
#5 DONE 0.6s

#6 [internal] load .dockerignore
#6 transferring context: 2B done
#6 DONE 0.0s

#7 [internal] load build context
#7 transferring context: 370B done
#7 DONE 0.0s

#8 [build 1/7] FROM docker.io/library/ubuntu:26.04@sha256:da6fc2be547864451aa253836dd926da33623312df4a9a243e35dc877c378a78
#8 resolve docker.io/library/ubuntu:26.04@sha256:da6fc2be547864451aa253836dd926da33623312df4a9a243e35dc877c378a78 0.0s done
#8 DONE 0.0s

#9 [stage-1 2/4] RUN useradd --system --no-create-home --shell /usr/sbin/nologin des
#9 CACHED

#10 [build 3/7] WORKDIR /src
#10 CACHED

#11 [build 2/7] RUN apt-get update  && apt-get install -y --no-install-recommends g++ libmbedtls-dev  && rm -rf /var/lib/apt/lists/*
#11 CACHED

#12 [build 5/7] COPY src/ src/
#12 CACHED

#13 [build 7/7] RUN set -eu; mkdir -p /out; pids="";     for id in $(seq 1 "2"); do       g++ -std=c++17 -O2 -Wall -Wextra -Iengine -Isrc           -DDES_DATA_HEADER=""supervisor_data_fms.h""           -DDES_NODE_ID="$id" -DDES_NUM_NODES="2"           -DDES_FAMILY="DES_FAMILY_LMOD"           -DDES_ROUNDS="5" -DDES_WORK_MS="0"           -static -DDES_MCAST_LOOP=1           -o "/out/des_node$id" src/des_container_main.cpp           -Wl,--wrap=mbedtls_ecp_mul -l:libmbedcrypto.a &       pids="$pids $!";     done;     for p in $pids; do wait "$p"; done;     { echo "DES_PROBLEM=fms"; echo "DES_NUM_NODES=2";       echo "DES_FAMILY=LMOD"; echo "DES_ROUNDS=5";       echo "DES_WORK_MS=0"; echo "DES_EXTRA_FLAGS=-static -DDES_MCAST_LOOP=1";       echo "mbedtls=$(dpkg-query -W -f='${Version}' libmbedtls-dev)";       echo "gxx=$(g++ -dumpfullversion)"; } > /out/BUILD_INFO;     cat /out/BUILD_INFO
#13 CACHED

#14 [stage-1 3/4] COPY --from=build /out/ /opt/des/bin/
#14 CACHED

#15 [build 4/7] COPY engine/ engine/
#15 CACHED

#16 [build 6/7] RUN cd engine && sha256sum -c --quiet SHA256SUMS
#16 CACHED

#17 [stage-1 4/4] COPY --chmod=0755 docker/entrypoint.sh /usr/local/bin/des-entrypoint
#17 CACHED

#18 exporting to image
#18 exporting layers done
#18 exporting manifest sha256:dfcef89fa61aaf6082e2126f3539dfcff927251252b2ddac70565eb4c18d8dd1 done
#18 exporting config sha256:512cc22f4d2c318ca2ad6358ae7b1bc736de3a16a1fa4dc5d59c59a34749b6a2 done
#18 exporting attestation manifest sha256:18b38e6890d5c9a0f67ee488d0282212083755d63c5d34950a02df9ccdee2bd4
#18 exporting attestation manifest sha256:18b38e6890d5c9a0f67ee488d0282212083755d63c5d34950a02df9ccdee2bd4 0.0s done
#18 exporting manifest list sha256:7d35574f1a6245c14e4c93f987b3656d65767c727a5f2b6e80c811ece00e2966 0.0s done
#18 naming to docker.io/library/docker-des:fms-2n-LMOD-r5-w0-sobrecarga done
#18 unpacking to docker.io/library/docker-des:fms-2n-LMOD-r5-w0-sobrecarga 0.0s done
#18 DONE 0.1s

#19 resolving provenance for metadata file
#19 DONE 0.0s
 Image docker-des:fms-2n-LMOD-r5-w0-sobrecarga Built 
== run (nativo, sem Docker): node1 node2
# Execução `20260928-002928-fms-2-nativo`

- problema `fms`, família `LMOD`, **2 containers**, UDP multicast
- 5 ciclos × 44 passos = 220 passos; **220 executados**, 0 pulados
- impressão digital da configuração: `edbd7971`
- RTT de aplicação (nó 1, 20 sondas): média 2.55 ms, mín 2.19, máx 5.24
- resultado: **complete**

| nó | supervisores | saída | disparou (local/ctrl/unctrl) | aplicou p/ pares | decifrações (ciclo 1) | HE total ms | quadros tx/rx | retx | oráculo | halt |
|---|---|---|---|---|---|---|---|---|---|---|
| 1 | S0 S1 S2 S3 | 0 | 80/40/40 | 0 | 405 (85) | 28037.2 | 149/230 | 0 | PASS | não |
| 2 | S4 S5 S6 | 0 | 60/0/0 | 80 | 393 (105) | 27225.8 | 230/149 | 0 | PASS | não |
| **total** | | | | | **798 (190)** | 55263.0 | 379/379 | 0 | | |

Fim de cada ciclo no relógio comum (o **último** nó a terminar), ms: 8485.5, 14976.4, 21467.7, 27960.5, 34456.6

Tempo por passo: ciclo 1 **192.85 ms**; ciclos 2–5 **147.56 ms**

Verificação cruzada com o supervisor MONOLÍTICO: **off**

## Verificações

| verificação | esperado | obtido | |
|---|---|---|---|
| config fingerprint | edbd7971 | edbd7971 | ✅ |
| decryptions, whole cell | 798 | 798 | ✅ |
| decryptions, whole cell, cycle 1 | 190 | 190 | ✅ |
| outcome | complete | complete | ✅ |
| same fingerprint on every node | 1 | 1 | ✅ |
| oracle PASS on every node | True | True | ✅ |
| crypto self-test PASS on every node | True | True | ✅ |

**TODAS AS VERIFICAÇÕES PASSARAM**


################ fms-4-ponte  (repetição 1/5)
== build (scenarios/fms-4-ponte.env)
 Image docker-des:fms-4n-LMOD-r5-w0-sobrecarga Building 
#1 [internal] load local bake definitions
#1 reading from stdin 821B done
#1 DONE 0.0s

#2 [internal] load build definition from Dockerfile
#2 transferring dockerfile: 3.32kB done
#2 DONE 0.0s

#3 resolve image config for docker-image://docker.io/docker/dockerfile:1
#3 DONE 0.5s

#4 docker-image://docker.io/docker/dockerfile:1@sha256:ecfaec9ed6d810b56388c508f4121597bfbba70d41a6dfeee4d8cad5f295fc32
#4 resolve docker.io/docker/dockerfile:1@sha256:ecfaec9ed6d810b56388c508f4121597bfbba70d41a6dfeee4d8cad5f295fc32 0.0s done
#4 CACHED

#5 [internal] load metadata for docker.io/library/ubuntu:26.04
#5 DONE 0.5s

#6 [internal] load .dockerignore
#6 transferring context: 2B done
#6 DONE 0.0s

#7 [internal] load build context
#7 transferring context: 370B done
#7 DONE 0.0s

#8 [build 1/7] FROM docker.io/library/ubuntu:26.04@sha256:da6fc2be547864451aa253836dd926da33623312df4a9a243e35dc877c378a78
#8 resolve docker.io/library/ubuntu:26.04@sha256:da6fc2be547864451aa253836dd926da33623312df4a9a243e35dc877c378a78 0.0s done
#8 DONE 0.0s

#9 [build 2/7] RUN apt-get update  && apt-get install -y --no-install-recommends g++ libmbedtls-dev  && rm -rf /var/lib/apt/lists/*
#9 CACHED

#10 [build 4/7] COPY engine/ engine/
#10 CACHED

#11 [build 5/7] COPY src/ src/
#11 CACHED

#12 [build 3/7] WORKDIR /src
#12 CACHED

#13 [build 6/7] RUN cd engine && sha256sum -c --quiet SHA256SUMS
#13 CACHED

#14 [build 7/7] RUN set -eu; mkdir -p /out; pids="";     for id in $(seq 1 "4"); do       g++ -std=c++17 -O2 -Wall -Wextra -Iengine -Isrc           -DDES_DATA_HEADER=""supervisor_data_fms.h""           -DDES_NODE_ID="$id" -DDES_NUM_NODES="4"           -DDES_FAMILY="DES_FAMILY_LMOD"           -DDES_ROUNDS="5" -DDES_WORK_MS="0"           -static -DDES_MCAST_LOOP=1           -o "/out/des_node$id" src/des_container_main.cpp           -Wl,--wrap=mbedtls_ecp_mul -l:libmbedcrypto.a &       pids="$pids $!";     done;     for p in $pids; do wait "$p"; done;     { echo "DES_PROBLEM=fms"; echo "DES_NUM_NODES=4";       echo "DES_FAMILY=LMOD"; echo "DES_ROUNDS=5";       echo "DES_WORK_MS=0"; echo "DES_EXTRA_FLAGS=-static -DDES_MCAST_LOOP=1";       echo "mbedtls=$(dpkg-query -W -f='${Version}' libmbedtls-dev)";       echo "gxx=$(g++ -dumpfullversion)"; } > /out/BUILD_INFO;     cat /out/BUILD_INFO
#14 3.417 DES_PROBLEM=fms
#14 3.417 DES_NUM_NODES=4
#14 3.417 DES_FAMILY=LMOD
#14 3.417 DES_ROUNDS=5
#14 3.417 DES_WORK_MS=0
#14 3.417 DES_EXTRA_FLAGS=-static -DDES_MCAST_LOOP=1
#14 3.417 mbedtls=3.6.5-0.1ubuntu2
#14 3.417 gxx=15.2.0
#14 DONE 3.5s

#15 [stage-1 2/4] RUN useradd --system --no-create-home --shell /usr/sbin/nologin des
#15 CACHED

#16 [stage-1 3/4] COPY --from=build /out/ /opt/des/bin/
#16 DONE 0.1s

#17 [stage-1 4/4] COPY --chmod=0755 docker/entrypoint.sh /usr/local/bin/des-entrypoint
#17 DONE 0.0s

#18 exporting to image
#18 exporting layers
#18 exporting layers done
#18 exporting manifest sha256:d4d3b40f40500b0f301cb1cf1cc9c52304d9ea148020b29cd1b539d8adf5429c 0.0s done
#18 exporting config sha256:3b61ce57202d9aa8acfba9387fd19ac7cbd8e392a3cf19934ff3c88865fe6d19 0.0s done
#18 exporting attestation manifest sha256:fd6bc6ac6f47e80c356c24372a1830abe863c4fe7d6821cb7ff25641c5b06bf9 0.0s done
#18 exporting manifest list sha256:9ef91df545f17311efe420a91c7a937de1c9ae33757444d62c280f1ba55a91ad 0.0s done
#18 naming to docker.io/library/docker-des:fms-4n-LMOD-r5-w0-sobrecarga done
#18 unpacking to docker.io/library/docker-des:fms-4n-LMOD-r5-w0-sobrecarga 0.1s done
#18 DONE -10.8s

#19 resolving provenance for metadata file
#19 DONE 0.0s
 Image docker-des:fms-4n-LMOD-r5-w0-sobrecarga Built 
== run (ponte): node1 node2 node3 node4
 Network docker-des_cell Creating 
 Network docker-des_cell Creating 
 Network docker-des_cell Created 
 Network docker-des_cell Created 
 Container docker-des-node4-1 Creating 
 Container docker-des-node1-1 Creating 
 Container docker-des-node3-1 Creating 
 Container docker-des-node2-1 Creating 
 Container docker-des-node1-1 Created 
 Container docker-des-node2-1 Created 
 Container docker-des-node3-1 Created 
 Container docker-des-node4-1 Created 
 Container docker-des-node3-1 Starting 
 Container docker-des-node2-1 Starting 
 Container docker-des-node4-1 Starting 
 Container docker-des-node1-1 Starting 
 Container docker-des-node3-1 Started 
 Container docker-des-node2-1 Started 
 Container docker-des-node4-1 Started 
 Container docker-des-node1-1 Started 
== collect -> results/20260928-002448-varredura/20260928-003022-fms-4-ponte
# Execução `20260928-003022-fms-4-ponte`

- problema `fms`, família `LMOD`, **4 containers**, UDP multicast
- 5 ciclos × 44 passos = 220 passos; **220 executados**, 0 pulados
- impressão digital da configuração: `457cc268`
- RTT de aplicação (nó 1, 20 sondas): média 2.92 ms, mín 2.24, máx 3.48
- resultado: **complete**

| nó | supervisores | saída | disparou (local/ctrl/unctrl) | aplicou p/ pares | decifrações (ciclo 1) | HE total ms | quadros tx/rx | retx | oráculo | halt |
|---|---|---|---|---|---|---|---|---|---|---|
| 1 | S0 S1 | 0 | 40/40/40 | 0 | 202 (42) | 13981.8 | 152/846 | 0 | PASS | não |
| 2 | S2 S3 | 0 | 40/0/0 | 80 | 203 (43) | 14048.6 | 247/751 | 0 | PASS | não |
| 3 | S4 S5 | 0 | 0/20/10 | 80 | 243 (67) | 16825.5 | 284/714 | 0 | PASS | não |
| 4 | S6 | 0 | 30/0/0 | 110 | 150 (38) | 10400.0 | 315/683 | 0 | PASS | não |
| **total** | | | | | **798 (190)** | 55255.9 | 998/2994 | 0 | | |

Fim de cada ciclo no relógio comum (o **último** nó a terminar), ms: 5752.0, 9825.5, 13892.7, 17972.3, 22034.7

Tempo por passo: ciclo 1 **130.73 ms**; ciclos 2–5 **92.52 ms**

Verificação cruzada com o supervisor MONOLÍTICO: **off**

## Verificações

| verificação | esperado | obtido | |
|---|---|---|---|
| config fingerprint | 457cc268 | 457cc268 | ✅ |
| decryptions, whole cell | 798 | 798 | ✅ |
| decryptions, whole cell, cycle 1 | 190 | 190 | ✅ |
| outcome | complete | complete | ✅ |
| same fingerprint on every node | 1 | 1 | ✅ |
| oracle PASS on every node | True | True | ✅ |
| crypto self-test PASS on every node | True | True | ✅ |

**TODAS AS VERIFICAÇÕES PASSARAM**


################ fms-4-host  (repetição 1/5)
== build (scenarios/fms-4-host.env)
 Image docker-des:fms-4n-LMOD-r5-w0-sobrecarga Building 
#1 [internal] load local bake definitions
#1 reading from stdin 821B done
#1 DONE 0.0s

#2 [internal] load build definition from Dockerfile
#2 transferring dockerfile: 3.32kB done
#2 DONE 0.0s

#3 resolve image config for docker-image://docker.io/docker/dockerfile:1
#3 DONE 0.5s

#4 docker-image://docker.io/docker/dockerfile:1@sha256:ecfaec9ed6d810b56388c508f4121597bfbba70d41a6dfeee4d8cad5f295fc32
#4 resolve docker.io/docker/dockerfile:1@sha256:ecfaec9ed6d810b56388c508f4121597bfbba70d41a6dfeee4d8cad5f295fc32 0.0s done
#4 CACHED

#5 [internal] load metadata for docker.io/library/ubuntu:26.04
#5 DONE 0.5s

#6 [internal] load .dockerignore
#6 transferring context: 2B done
#6 DONE 0.0s

#7 [internal] load build context
#7 transferring context: 370B done
#7 DONE 0.0s

#8 [build 1/7] FROM docker.io/library/ubuntu:26.04@sha256:da6fc2be547864451aa253836dd926da33623312df4a9a243e35dc877c378a78
#8 resolve docker.io/library/ubuntu:26.04@sha256:da6fc2be547864451aa253836dd926da33623312df4a9a243e35dc877c378a78 0.0s done
#8 DONE 0.0s

#9 [build 2/7] RUN apt-get update  && apt-get install -y --no-install-recommends g++ libmbedtls-dev  && rm -rf /var/lib/apt/lists/*
#9 CACHED

#10 [build 3/7] WORKDIR /src
#10 CACHED

#11 [build 7/7] RUN set -eu; mkdir -p /out; pids="";     for id in $(seq 1 "4"); do       g++ -std=c++17 -O2 -Wall -Wextra -Iengine -Isrc           -DDES_DATA_HEADER=""supervisor_data_fms.h""           -DDES_NODE_ID="$id" -DDES_NUM_NODES="4"           -DDES_FAMILY="DES_FAMILY_LMOD"           -DDES_ROUNDS="5" -DDES_WORK_MS="0"           -static -DDES_MCAST_LOOP=1           -o "/out/des_node$id" src/des_container_main.cpp           -Wl,--wrap=mbedtls_ecp_mul -l:libmbedcrypto.a &       pids="$pids $!";     done;     for p in $pids; do wait "$p"; done;     { echo "DES_PROBLEM=fms"; echo "DES_NUM_NODES=4";       echo "DES_FAMILY=LMOD"; echo "DES_ROUNDS=5";       echo "DES_WORK_MS=0"; echo "DES_EXTRA_FLAGS=-static -DDES_MCAST_LOOP=1";       echo "mbedtls=$(dpkg-query -W -f='${Version}' libmbedtls-dev)";       echo "gxx=$(g++ -dumpfullversion)"; } > /out/BUILD_INFO;     cat /out/BUILD_INFO
#11 CACHED

#12 [stage-1 3/4] COPY --from=build /out/ /opt/des/bin/
#12 CACHED

#13 [build 6/7] RUN cd engine && sha256sum -c --quiet SHA256SUMS
#13 CACHED

#14 [stage-1 2/4] RUN useradd --system --no-create-home --shell /usr/sbin/nologin des
#14 CACHED

#15 [build 4/7] COPY engine/ engine/
#15 CACHED

#16 [build 5/7] COPY src/ src/
#16 CACHED

#17 [stage-1 4/4] COPY --chmod=0755 docker/entrypoint.sh /usr/local/bin/des-entrypoint
#17 CACHED

#18 exporting to image
#18 exporting layers done
#18 exporting manifest sha256:d4d3b40f40500b0f301cb1cf1cc9c52304d9ea148020b29cd1b539d8adf5429c done
#18 exporting config sha256:3b61ce57202d9aa8acfba9387fd19ac7cbd8e392a3cf19934ff3c88865fe6d19 done
#18 exporting attestation manifest sha256:36bb13811bea2f970613b3e96dee4b672736e8dc2045a51f02a0cc8c066b9f74 0.0s done
#18 exporting manifest list sha256:7a426dd4b19d5723981e9286bd7f82d949fbfa5957664a8d095d0d7281bb97e1
#18 exporting manifest list sha256:7a426dd4b19d5723981e9286bd7f82d949fbfa5957664a8d095d0d7281bb97e1 0.0s done
#18 naming to docker.io/library/docker-des:fms-4n-LMOD-r5-w0-sobrecarga done
#18 unpacking to docker.io/library/docker-des:fms-4n-LMOD-r5-w0-sobrecarga done
#18 DONE 0.1s

#19 resolving provenance for metadata file
#19 DONE 0.0s
 Image docker-des:fms-4n-LMOD-r5-w0-sobrecarga Built 
== run (host): node1 node2 node3 node4
 Container docker-des-node4-1 Creating 
 Container docker-des-node2-1 Creating 
 Container docker-des-node3-1 Creating 
 Container docker-des-node1-1 Creating 
 Container docker-des-node1-1 Created 
 Container docker-des-node2-1 Created 
 Container docker-des-node3-1 Created 
 Container docker-des-node4-1 Created 
 Container docker-des-node4-1 Starting 
 Container docker-des-node3-1 Starting 
 Container docker-des-node1-1 Starting 
 Container docker-des-node2-1 Starting 
 Container docker-des-node4-1 Started 
 Container docker-des-node3-1 Started 
 Container docker-des-node1-1 Started 
 Container docker-des-node2-1 Started 
== collect -> results/20260928-002448-varredura/20260928-003114-fms-4-host
# Execução `20260928-003114-fms-4-host`

- problema `fms`, família `LMOD`, **4 containers**, UDP multicast
- 5 ciclos × 44 passos = 220 passos; **220 executados**, 0 pulados
- impressão digital da configuração: `457cc268`
- RTT de aplicação (nó 1, 20 sondas): média 2.60 ms, mín 2.21, máx 3.44
- resultado: **complete**

| nó | supervisores | saída | disparou (local/ctrl/unctrl) | aplicou p/ pares | decifrações (ciclo 1) | HE total ms | quadros tx/rx | retx | oráculo | halt |
|---|---|---|---|---|---|---|---|---|---|---|
| 1 | S0 S1 | 0 | 40/40/40 | 0 | 202 (42) | 13982.1 | 153/847 | 0 | PASS | não |
| 2 | S2 S3 | 0 | 40/0/0 | 80 | 203 (43) | 14049.9 | 246/754 | 0 | PASS | não |
| 3 | S4 S5 | 0 | 0/20/10 | 80 | 243 (67) | 16828.0 | 284/716 | 0 | PASS | não |
| 4 | S6 | 0 | 30/0/0 | 110 | 150 (38) | 10402.9 | 317/683 | 0 | PASS | não |
| **total** | | | | | **798 (190)** | 55262.9 | 1000/3000 | 0 | | |

Fim de cada ciclo no relógio comum (o **último** nó a terminar), ms: 5747.0, 9811.5, 13874.5, 17938.7, 22004.5

Tempo por passo: ciclo 1 **130.61 ms**; ciclos 2–5 **92.37 ms**

Verificação cruzada com o supervisor MONOLÍTICO: **off**

## Verificações

| verificação | esperado | obtido | |
|---|---|---|---|
| config fingerprint | 457cc268 | 457cc268 | ✅ |
| decryptions, whole cell | 798 | 798 | ✅ |
| decryptions, whole cell, cycle 1 | 190 | 190 | ✅ |
| outcome | complete | complete | ✅ |
| same fingerprint on every node | 1 | 1 | ✅ |
| oracle PASS on every node | True | True | ✅ |
| crypto self-test PASS on every node | True | True | ✅ |

**TODAS AS VERIFICAÇÕES PASSARAM**


################ fms-4-nativo  (repetição 1/5)
== build (scenarios/fms-4-nativo.env)
 Image docker-des:fms-4n-LMOD-r5-w0-sobrecarga Building 
#1 [internal] load local bake definitions
#1 reading from stdin 821B done
#1 DONE 0.0s

#2 [internal] load build definition from Dockerfile
#2 transferring dockerfile: 3.32kB done
#2 DONE 0.0s

#3 resolve image config for docker-image://docker.io/docker/dockerfile:1
#3 DONE 0.5s

#4 docker-image://docker.io/docker/dockerfile:1@sha256:ecfaec9ed6d810b56388c508f4121597bfbba70d41a6dfeee4d8cad5f295fc32
#4 resolve docker.io/docker/dockerfile:1@sha256:ecfaec9ed6d810b56388c508f4121597bfbba70d41a6dfeee4d8cad5f295fc32 0.0s done
#4 CACHED

#5 [internal] load metadata for docker.io/library/ubuntu:26.04
#5 DONE 0.5s

#6 [internal] load .dockerignore
#6 transferring context: 2B done
#6 DONE 0.0s

#7 [internal] load build context
#7 transferring context: 370B done
#7 DONE 0.0s

#8 [build 1/7] FROM docker.io/library/ubuntu:26.04@sha256:da6fc2be547864451aa253836dd926da33623312df4a9a243e35dc877c378a78
#8 resolve docker.io/library/ubuntu:26.04@sha256:da6fc2be547864451aa253836dd926da33623312df4a9a243e35dc877c378a78 0.0s done
#8 DONE 0.0s

#9 [stage-1 2/4] RUN useradd --system --no-create-home --shell /usr/sbin/nologin des
#9 CACHED

#10 [build 6/7] RUN cd engine && sha256sum -c --quiet SHA256SUMS
#10 CACHED

#11 [build 7/7] RUN set -eu; mkdir -p /out; pids="";     for id in $(seq 1 "4"); do       g++ -std=c++17 -O2 -Wall -Wextra -Iengine -Isrc           -DDES_DATA_HEADER=""supervisor_data_fms.h""           -DDES_NODE_ID="$id" -DDES_NUM_NODES="4"           -DDES_FAMILY="DES_FAMILY_LMOD"           -DDES_ROUNDS="5" -DDES_WORK_MS="0"           -static -DDES_MCAST_LOOP=1           -o "/out/des_node$id" src/des_container_main.cpp           -Wl,--wrap=mbedtls_ecp_mul -l:libmbedcrypto.a &       pids="$pids $!";     done;     for p in $pids; do wait "$p"; done;     { echo "DES_PROBLEM=fms"; echo "DES_NUM_NODES=4";       echo "DES_FAMILY=LMOD"; echo "DES_ROUNDS=5";       echo "DES_WORK_MS=0"; echo "DES_EXTRA_FLAGS=-static -DDES_MCAST_LOOP=1";       echo "mbedtls=$(dpkg-query -W -f='${Version}' libmbedtls-dev)";       echo "gxx=$(g++ -dumpfullversion)"; } > /out/BUILD_INFO;     cat /out/BUILD_INFO
#11 CACHED

#12 [stage-1 3/4] COPY --from=build /out/ /opt/des/bin/
#12 CACHED

#13 [build 2/7] RUN apt-get update  && apt-get install -y --no-install-recommends g++ libmbedtls-dev  && rm -rf /var/lib/apt/lists/*
#13 CACHED

#14 [build 5/7] COPY src/ src/
#14 CACHED

#15 [build 4/7] COPY engine/ engine/
#15 CACHED

#16 [build 3/7] WORKDIR /src
#16 CACHED

#17 [stage-1 4/4] COPY --chmod=0755 docker/entrypoint.sh /usr/local/bin/des-entrypoint
#17 CACHED

#18 exporting to image
#18 exporting layers done
#18 exporting manifest sha256:d4d3b40f40500b0f301cb1cf1cc9c52304d9ea148020b29cd1b539d8adf5429c done
#18 exporting config sha256:3b61ce57202d9aa8acfba9387fd19ac7cbd8e392a3cf19934ff3c88865fe6d19 done
#18 exporting attestation manifest sha256:8674d0811d2037951b50981bb950808778c7f911416abbc08af810d7c4b04b04 0.0s done
#18 exporting manifest list sha256:cf1aebfa365e93c208cfce93bc7b2c2dfd8890198748a429988c8f34c41232de
#18 exporting manifest list sha256:cf1aebfa365e93c208cfce93bc7b2c2dfd8890198748a429988c8f34c41232de 0.0s done
#18 naming to docker.io/library/docker-des:fms-4n-LMOD-r5-w0-sobrecarga done
#18 unpacking to docker.io/library/docker-des:fms-4n-LMOD-r5-w0-sobrecarga 0.0s done
#18 DONE 0.1s

#19 resolving provenance for metadata file
#19 DONE 0.0s
 Image docker-des:fms-4n-LMOD-r5-w0-sobrecarga Built 
== run (nativo, sem Docker): node1 node2 node3 node4
# Execução `20260928-003200-fms-4-nativo`

- problema `fms`, família `LMOD`, **4 containers**, UDP multicast
- 5 ciclos × 44 passos = 220 passos; **220 executados**, 0 pulados
- impressão digital da configuração: `457cc268`
- RTT de aplicação (nó 1, 20 sondas): média 3.28 ms, mín 2.23, máx 3.43
- resultado: **complete**

| nó | supervisores | saída | disparou (local/ctrl/unctrl) | aplicou p/ pares | decifrações (ciclo 1) | HE total ms | quadros tx/rx | retx | oráculo | halt |
|---|---|---|---|---|---|---|---|---|---|---|
| 1 | S0 S1 | 0 | 40/40/40 | 0 | 202 (42) | 13981.9 | 154/847 | 0 | PASS | não |
| 2 | S2 S3 | 0 | 40/0/0 | 80 | 203 (43) | 14045.9 | 247/754 | 0 | PASS | não |
| 3 | S4 S5 | 0 | 0/20/10 | 80 | 243 (67) | 16824.0 | 284/717 | 0 | PASS | não |
| 4 | S6 | 0 | 30/0/0 | 110 | 150 (38) | 10400.1 | 316/685 | 0 | PASS | não |
| **total** | | | | | **798 (190)** | 55251.9 | 1001/3003 | 0 | | |

Fim de cada ciclo no relógio comum (o **último** nó a terminar), ms: 5749.3, 9806.5, 13863.5, 17927.4, 21982.0

Tempo por passo: ciclo 1 **130.67 ms**; ciclos 2–5 **92.23 ms**

Verificação cruzada com o supervisor MONOLÍTICO: **off**

## Verificações

| verificação | esperado | obtido | |
|---|---|---|---|
| config fingerprint | 457cc268 | 457cc268 | ✅ |
| decryptions, whole cell | 798 | 798 | ✅ |
| decryptions, whole cell, cycle 1 | 190 | 190 | ✅ |
| outcome | complete | complete | ✅ |
| same fingerprint on every node | 1 | 1 | ✅ |
| oracle PASS on every node | True | True | ✅ |
| crypto self-test PASS on every node | True | True | ✅ |

**TODAS AS VERIFICAÇÕES PASSARAM**


################ fms-7-ponte  (repetição 1/5)
== build (scenarios/fms-7-ponte.env)
 Image docker-des:fms-7n-LMOD-r5-w0-sobrecarga Building 
#1 [internal] load local bake definitions
#1 reading from stdin 821B done
#1 DONE 0.0s

#2 [internal] load build definition from Dockerfile
#2 transferring dockerfile: 3.32kB done
#2 DONE 0.0s

#3 resolve image config for docker-image://docker.io/docker/dockerfile:1
#3 DONE 0.5s

#4 docker-image://docker.io/docker/dockerfile:1@sha256:ecfaec9ed6d810b56388c508f4121597bfbba70d41a6dfeee4d8cad5f295fc32
#4 resolve docker.io/docker/dockerfile:1@sha256:ecfaec9ed6d810b56388c508f4121597bfbba70d41a6dfeee4d8cad5f295fc32 0.0s done
#4 CACHED

#5 [internal] load metadata for docker.io/library/ubuntu:26.04
#5 DONE 0.5s

#6 [internal] load .dockerignore
#6 transferring context: 2B done
#6 DONE 0.0s

#7 [internal] load build context
#7 transferring context: 370B done
#7 DONE 0.0s

#8 [build 1/7] FROM docker.io/library/ubuntu:26.04@sha256:da6fc2be547864451aa253836dd926da33623312df4a9a243e35dc877c378a78
#8 resolve docker.io/library/ubuntu:26.04@sha256:da6fc2be547864451aa253836dd926da33623312df4a9a243e35dc877c378a78 0.0s done
#8 DONE 0.0s

#9 [build 2/7] RUN apt-get update  && apt-get install -y --no-install-recommends g++ libmbedtls-dev  && rm -rf /var/lib/apt/lists/*
#9 CACHED

#10 [build 3/7] WORKDIR /src
#10 CACHED

#11 [build 5/7] COPY src/ src/
#11 CACHED

#12 [build 4/7] COPY engine/ engine/
#12 CACHED

#13 [build 6/7] RUN cd engine && sha256sum -c --quiet SHA256SUMS
#13 CACHED

#14 [build 7/7] RUN set -eu; mkdir -p /out; pids="";     for id in $(seq 1 "7"); do       g++ -std=c++17 -O2 -Wall -Wextra -Iengine -Isrc           -DDES_DATA_HEADER=""supervisor_data_fms.h""           -DDES_NODE_ID="$id" -DDES_NUM_NODES="7"           -DDES_FAMILY="DES_FAMILY_LMOD"           -DDES_ROUNDS="5" -DDES_WORK_MS="0"           -static -DDES_MCAST_LOOP=1           -o "/out/des_node$id" src/des_container_main.cpp           -Wl,--wrap=mbedtls_ecp_mul -l:libmbedcrypto.a &       pids="$pids $!";     done;     for p in $pids; do wait "$p"; done;     { echo "DES_PROBLEM=fms"; echo "DES_NUM_NODES=7";       echo "DES_FAMILY=LMOD"; echo "DES_ROUNDS=5";       echo "DES_WORK_MS=0"; echo "DES_EXTRA_FLAGS=-static -DDES_MCAST_LOOP=1";       echo "mbedtls=$(dpkg-query -W -f='${Version}' libmbedtls-dev)";       echo "gxx=$(g++ -dumpfullversion)"; } > /out/BUILD_INFO;     cat /out/BUILD_INFO
#14 5.844 DES_PROBLEM=fms
#14 5.844 DES_NUM_NODES=7
#14 5.844 DES_FAMILY=LMOD
#14 5.844 DES_ROUNDS=5
#14 5.844 DES_WORK_MS=0
#14 5.844 DES_EXTRA_FLAGS=-static -DDES_MCAST_LOOP=1
#14 5.844 mbedtls=3.6.5-0.1ubuntu2
#14 5.844 gxx=15.2.0
#14 DONE 5.9s

#15 [stage-1 2/4] RUN useradd --system --no-create-home --shell /usr/sbin/nologin des
#15 CACHED

#16 [stage-1 3/4] COPY --from=build /out/ /opt/des/bin/
#16 DONE -11.4s

#17 [stage-1 4/4] COPY --chmod=0755 docker/entrypoint.sh /usr/local/bin/des-entrypoint
#17 DONE 0.1s

#18 exporting to image
#18 exporting layers
#18 exporting layers 0.9s done
#18 exporting manifest sha256:1e23773fb30632996aa00680a5cb2c09900909758cd72db51a8907561f62f00b 0.0s done
#18 exporting config sha256:a0d91e3cc29806d5ff3f164f128f0405011e2e9c4e68bac62b4bc466387efb2f 0.0s done
#18 exporting attestation manifest sha256:0b699b2064e343e41357cfbe9e513fb077fb263a1b2b627b1fa785815462898e 0.0s done
#18 exporting manifest list sha256:2b69eabd8c180badfaa9565d36bcf19016e5bec67d04eaf41d6762e98f7b3e0b 0.0s done
#18 naming to docker.io/library/docker-des:fms-7n-LMOD-r5-w0-sobrecarga done
#18 unpacking to docker.io/library/docker-des:fms-7n-LMOD-r5-w0-sobrecarga
#18 unpacking to docker.io/library/docker-des:fms-7n-LMOD-r5-w0-sobrecarga 0.2s done
#18 DONE 1.1s

#19 resolving provenance for metadata file
#19 DONE 0.0s
 Image docker-des:fms-7n-LMOD-r5-w0-sobrecarga Built 
== run (ponte): node1 node2 node3 node4 node5 node6 node7
 Network docker-des_cell Creating 
 Network docker-des_cell Creating 
 Network docker-des_cell Created 
 Network docker-des_cell Created 
 Container docker-des-node7-1 Creating 
 Container docker-des-node5-1 Creating 
 Container docker-des-node6-1 Creating 
 Container docker-des-node4-1 Creating 
 Container docker-des-node1-1 Creating 
 Container docker-des-node2-1 Creating 
 Container docker-des-node3-1 Creating 
 Container docker-des-node7-1 Created 
 Container docker-des-node6-1 Created 
 Container docker-des-node1-1 Created 
 Container docker-des-node5-1 Created 
 Container docker-des-node2-1 Created 
 Container docker-des-node4-1 Created 
 Container docker-des-node3-1 Created 
 Container docker-des-node7-1 Starting 
 Container docker-des-node3-1 Starting 
 Container docker-des-node1-1 Starting 
 Container docker-des-node2-1 Starting 
 Container docker-des-node4-1 Starting 
 Container docker-des-node6-1 Starting 
 Container docker-des-node5-1 Starting 
 Container docker-des-node7-1 Started 
 Container docker-des-node3-1 Started 
 Container docker-des-node1-1 Started 
 Container docker-des-node2-1 Started 
 Container docker-des-node4-1 Started 
 Container docker-des-node6-1 Started 
 Container docker-des-node5-1 Started 
== collect -> results/20260928-002448-varredura/20260928-003240-fms-7-ponte
# Execução `20260928-003240-fms-7-ponte`

- problema `fms`, família `LMOD`, **7 containers**, UDP multicast
- 5 ciclos × 44 passos = 220 passos; **220 executados**, 0 pulados
- impressão digital da configuração: `04511541`
- RTT de aplicação (nó 1, 20 sondas): média 8.76 ms, mín 2.25, máx 120.48
- resultado: **complete**

| nó | supervisores | saída | disparou (local/ctrl/unctrl) | aplicou p/ pares | decifrações (ciclo 1) | HE total ms | quadros tx/rx | retx | oráculo | halt |
|---|---|---|---|---|---|---|---|---|---|---|
| 1 | S0 | 0 | 20/40/40 | 0 | 101 (21) | 6999.2 | 163/1689 | 0 | PASS | não |
| 2 | S1 | 0 | 20/0/0 | 80 | 101 (21) | 6994.8 | 250/1602 | 0 | PASS | não |
| 3 | S2 | 0 | 20/0/0 | 80 | 100 (20) | 6926.4 | 252/1600 | 0 | PASS | não |
| 4 | S3 | 0 | 20/0/0 | 80 | 103 (23) | 7134.6 | 248/1604 | 0 | PASS | não |
| 5 | S4 | 0 | 0/20/10 | 80 | 114 (26) | 7898.4 | 290/1561 | 0 | PASS | não |
| 6 | S5 | 0 | 0/0/0 | 110 | 129 (41) | 8940.3 | 326/1526 | 0 | PASS | não |
| 7 | S6 | 0 | 30/0/0 | 110 | 150 (38) | 10404.8 | 323/1529 | 0 | PASS | não |
| **total** | | | | | **798 (190)** | 55298.5 | 1852/11111 | 0 | | |

Fim de cada ciclo no relógio comum (o **último** nó a terminar), ms: 3851.4, 6488.6, 9133.5, 11778.9, 14421.7

Tempo por passo: ciclo 1 **87.53 ms**; ciclos 2–5 **60.06 ms**

Verificação cruzada com o supervisor MONOLÍTICO: **off**

## Verificações

| verificação | esperado | obtido | |
|---|---|---|---|
| config fingerprint | 04511541 | 04511541 | ✅ |
| decryptions, whole cell | 798 | 798 | ✅ |
| decryptions, whole cell, cycle 1 | 190 | 190 | ✅ |
| outcome | complete | complete | ✅ |
| same fingerprint on every node | 1 | 1 | ✅ |
| oracle PASS on every node | True | True | ✅ |
| crypto self-test PASS on every node | True | True | ✅ |

**TODAS AS VERIFICAÇÕES PASSARAM**


################ fms-7-host  (repetição 1/5)
== build (scenarios/fms-7-host.env)
 Image docker-des:fms-7n-LMOD-r5-w0-sobrecarga Building 
#1 [internal] load local bake definitions
#1 reading from stdin 821B done
#1 DONE 0.0s

#2 [internal] load build definition from Dockerfile
#2 transferring dockerfile: 3.32kB done
#2 DONE 0.0s

#3 resolve image config for docker-image://docker.io/docker/dockerfile:1
#3 DONE 0.5s

#4 docker-image://docker.io/docker/dockerfile:1@sha256:ecfaec9ed6d810b56388c508f4121597bfbba70d41a6dfeee4d8cad5f295fc32
#4 resolve docker.io/docker/dockerfile:1@sha256:ecfaec9ed6d810b56388c508f4121597bfbba70d41a6dfeee4d8cad5f295fc32 0.0s done
#4 CACHED

#5 [internal] load metadata for docker.io/library/ubuntu:26.04
#5 DONE 0.5s

#6 [internal] load .dockerignore
#6 transferring context: 2B done
#6 DONE 0.0s

#7 [internal] load build context
#7 transferring context: 370B done
#7 DONE 0.0s

#8 [build 1/7] FROM docker.io/library/ubuntu:26.04@sha256:da6fc2be547864451aa253836dd926da33623312df4a9a243e35dc877c378a78
#8 resolve docker.io/library/ubuntu:26.04@sha256:da6fc2be547864451aa253836dd926da33623312df4a9a243e35dc877c378a78 0.0s done
#8 DONE 0.0s

#9 [stage-1 3/4] COPY --from=build /out/ /opt/des/bin/
#9 CACHED

#10 [build 2/7] RUN apt-get update  && apt-get install -y --no-install-recommends g++ libmbedtls-dev  && rm -rf /var/lib/apt/lists/*
#10 CACHED

#11 [build 4/7] COPY engine/ engine/
#11 CACHED

#12 [stage-1 2/4] RUN useradd --system --no-create-home --shell /usr/sbin/nologin des
#12 CACHED

#13 [build 3/7] WORKDIR /src
#13 CACHED

#14 [build 5/7] COPY src/ src/
#14 CACHED

#15 [build 6/7] RUN cd engine && sha256sum -c --quiet SHA256SUMS
#15 CACHED

#16 [build 7/7] RUN set -eu; mkdir -p /out; pids="";     for id in $(seq 1 "7"); do       g++ -std=c++17 -O2 -Wall -Wextra -Iengine -Isrc           -DDES_DATA_HEADER=""supervisor_data_fms.h""           -DDES_NODE_ID="$id" -DDES_NUM_NODES="7"           -DDES_FAMILY="DES_FAMILY_LMOD"           -DDES_ROUNDS="5" -DDES_WORK_MS="0"           -static -DDES_MCAST_LOOP=1           -o "/out/des_node$id" src/des_container_main.cpp           -Wl,--wrap=mbedtls_ecp_mul -l:libmbedcrypto.a &       pids="$pids $!";     done;     for p in $pids; do wait "$p"; done;     { echo "DES_PROBLEM=fms"; echo "DES_NUM_NODES=7";       echo "DES_FAMILY=LMOD"; echo "DES_ROUNDS=5";       echo "DES_WORK_MS=0"; echo "DES_EXTRA_FLAGS=-static -DDES_MCAST_LOOP=1";       echo "mbedtls=$(dpkg-query -W -f='${Version}' libmbedtls-dev)";       echo "gxx=$(g++ -dumpfullversion)"; } > /out/BUILD_INFO;     cat /out/BUILD_INFO
#16 CACHED

#17 [stage-1 4/4] COPY --chmod=0755 docker/entrypoint.sh /usr/local/bin/des-entrypoint
#17 CACHED

#18 exporting to image
#18 exporting layers done
#18 exporting manifest sha256:1e23773fb30632996aa00680a5cb2c09900909758cd72db51a8907561f62f00b done
#18 exporting config sha256:a0d91e3cc29806d5ff3f164f128f0405011e2e9c4e68bac62b4bc466387efb2f done
#18 exporting attestation manifest sha256:06616857f7cd301eea11b41d4e284e0d3e9cf0510782faa59de82fe34010206e 0.0s done
#18 exporting manifest list sha256:66e681e19ea834ce2864642c67215b69a5cab555f3de4534caccf596699f195f
#18 exporting manifest list sha256:66e681e19ea834ce2864642c67215b69a5cab555f3de4534caccf596699f195f 0.0s done
#18 naming to docker.io/library/docker-des:fms-7n-LMOD-r5-w0-sobrecarga done
#18 unpacking to docker.io/library/docker-des:fms-7n-LMOD-r5-w0-sobrecarga done
#18 DONE 0.1s

#19 resolving provenance for metadata file
#19 DONE 0.0s
 Image docker-des:fms-7n-LMOD-r5-w0-sobrecarga Built 
== run (host): node1 node2 node3 node4 node5 node6 node7
 Container docker-des-node7-1 Creating 
 Container docker-des-node6-1 Creating 
 Container docker-des-node4-1 Creating 
 Container docker-des-node1-1 Creating 
 Container docker-des-node3-1 Creating 
 Container docker-des-node5-1 Creating 
 Container docker-des-node2-1 Creating 
 Container docker-des-node4-1 Created 
 Container docker-des-node7-1 Created 
 Container docker-des-node1-1 Created 
 Container docker-des-node6-1 Created 
 Container docker-des-node2-1 Created 
 Container docker-des-node5-1 Created 
 Container docker-des-node3-1 Created 
 Container docker-des-node2-1 Starting 
 Container docker-des-node3-1 Starting 
 Container docker-des-node5-1 Starting 
 Container docker-des-node4-1 Starting 
 Container docker-des-node7-1 Starting 
 Container docker-des-node6-1 Starting 
 Container docker-des-node1-1 Starting 
 Container docker-des-node2-1 Started 
 Container docker-des-node3-1 Started 
 Container docker-des-node5-1 Started 
 Container docker-des-node4-1 Started 
 Container docker-des-node7-1 Started 
 Container docker-des-node6-1 Started 
 Container docker-des-node1-1 Started 
== collect -> results/20260928-002448-varredura/20260928-003329-fms-7-host
# Execução `20260928-003329-fms-7-host`

- problema `fms`, família `LMOD`, **7 containers**, UDP multicast
- 5 ciclos × 44 passos = 220 passos; **220 executados**, 0 pulados
- impressão digital da configuração: `04511541`
- RTT de aplicação (nó 1, 20 sondas): média 9.80 ms, mín 2.21, máx 139.25
- resultado: **complete**

| nó | supervisores | saída | disparou (local/ctrl/unctrl) | aplicou p/ pares | decifrações (ciclo 1) | HE total ms | quadros tx/rx | retx | oráculo | halt |
|---|---|---|---|---|---|---|---|---|---|---|
| 1 | S0 | 0 | 20/40/40 | 0 | 101 (21) | 6996.2 | 160/1695 | 0 | PASS | não |
| 2 | S1 | 0 | 20/0/0 | 80 | 101 (21) | 6994.1 | 253/1603 | 0 | PASS | não |
| 3 | S2 | 0 | 20/0/0 | 80 | 100 (20) | 6924.8 | 252/1604 | 0 | PASS | não |
| 4 | S3 | 0 | 20/0/0 | 80 | 103 (23) | 7132.6 | 250/1606 | 0 | PASS | não |
| 5 | S4 | 0 | 0/20/10 | 80 | 114 (26) | 7897.2 | 294/1562 | 0 | PASS | não |
| 6 | S5 | 0 | 0/0/0 | 110 | 129 (41) | 8936.6 | 327/1529 | 0 | PASS | não |
| 7 | S6 | 0 | 30/0/0 | 110 | 150 (38) | 10405.1 | 320/1536 | 0 | PASS | não |
| **total** | | | | | **798 (190)** | 55286.6 | 1856/11135 | 0 | | |

Fim de cada ciclo no relógio comum (o **último** nó a terminar), ms: 3849.5, 6480.6, 9112.7, 11751.2, 14396.6

Tempo por passo: ciclo 1 **87.49 ms**; ciclos 2–5 **59.93 ms**

Verificação cruzada com o supervisor MONOLÍTICO: **off**

## Verificações

| verificação | esperado | obtido | |
|---|---|---|---|
| config fingerprint | 04511541 | 04511541 | ✅ |
| decryptions, whole cell | 798 | 798 | ✅ |
| decryptions, whole cell, cycle 1 | 190 | 190 | ✅ |
| outcome | complete | complete | ✅ |
| same fingerprint on every node | 1 | 1 | ✅ |
| oracle PASS on every node | True | True | ✅ |
| crypto self-test PASS on every node | True | True | ✅ |

**TODAS AS VERIFICAÇÕES PASSARAM**


################ fms-7-nativo  (repetição 1/5)
== build (scenarios/fms-7-nativo.env)
 Image docker-des:fms-7n-LMOD-r5-w0-sobrecarga Building 
#1 [internal] load local bake definitions
#1 reading from stdin 821B done
#1 DONE 0.0s

#2 [internal] load build definition from Dockerfile
#2 transferring dockerfile: 3.32kB done
#2 DONE 0.0s

#3 resolve image config for docker-image://docker.io/docker/dockerfile:1
#3 DONE 0.8s

#4 docker-image://docker.io/docker/dockerfile:1@sha256:ecfaec9ed6d810b56388c508f4121597bfbba70d41a6dfeee4d8cad5f295fc32
#4 resolve docker.io/docker/dockerfile:1@sha256:ecfaec9ed6d810b56388c508f4121597bfbba70d41a6dfeee4d8cad5f295fc32 0.0s done
#4 CACHED

#5 [internal] load metadata for docker.io/library/ubuntu:26.04
#5 DONE 0.9s

#6 [internal] load .dockerignore
#6 transferring context: 2B done
#6 DONE 0.0s

#7 [internal] load build context
#7 transferring context: 370B done
#7 DONE 0.0s

#8 [build 1/7] FROM docker.io/library/ubuntu:26.04@sha256:da6fc2be547864451aa253836dd926da33623312df4a9a243e35dc877c378a78
#8 resolve docker.io/library/ubuntu:26.04@sha256:da6fc2be547864451aa253836dd926da33623312df4a9a243e35dc877c378a78 0.0s done
#8 DONE 0.0s

#9 [build 4/7] COPY engine/ engine/
#9 CACHED

#10 [build 5/7] COPY src/ src/
#10 CACHED

#11 [build 6/7] RUN cd engine && sha256sum -c --quiet SHA256SUMS
#11 CACHED

#12 [build 7/7] RUN set -eu; mkdir -p /out; pids="";     for id in $(seq 1 "7"); do       g++ -std=c++17 -O2 -Wall -Wextra -Iengine -Isrc           -DDES_DATA_HEADER=""supervisor_data_fms.h""           -DDES_NODE_ID="$id" -DDES_NUM_NODES="7"           -DDES_FAMILY="DES_FAMILY_LMOD"           -DDES_ROUNDS="5" -DDES_WORK_MS="0"           -static -DDES_MCAST_LOOP=1           -o "/out/des_node$id" src/des_container_main.cpp           -Wl,--wrap=mbedtls_ecp_mul -l:libmbedcrypto.a &       pids="$pids $!";     done;     for p in $pids; do wait "$p"; done;     { echo "DES_PROBLEM=fms"; echo "DES_NUM_NODES=7";       echo "DES_FAMILY=LMOD"; echo "DES_ROUNDS=5";       echo "DES_WORK_MS=0"; echo "DES_EXTRA_FLAGS=-static -DDES_MCAST_LOOP=1";       echo "mbedtls=$(dpkg-query -W -f='${Version}' libmbedtls-dev)";       echo "gxx=$(g++ -dumpfullversion)"; } > /out/BUILD_INFO;     cat /out/BUILD_INFO
#12 CACHED

#13 [build 2/7] RUN apt-get update  && apt-get install -y --no-install-recommends g++ libmbedtls-dev  && rm -rf /var/lib/apt/lists/*
#13 CACHED

#14 [stage-1 3/4] COPY --from=build /out/ /opt/des/bin/
#14 CACHED

#15 [stage-1 2/4] RUN useradd --system --no-create-home --shell /usr/sbin/nologin des
#15 CACHED

#16 [build 3/7] WORKDIR /src
#16 CACHED

#17 [stage-1 4/4] COPY --chmod=0755 docker/entrypoint.sh /usr/local/bin/des-entrypoint
#17 CACHED

#18 exporting to image
#18 exporting layers done
#18 exporting manifest sha256:1e23773fb30632996aa00680a5cb2c09900909758cd72db51a8907561f62f00b done
#18 exporting config sha256:a0d91e3cc29806d5ff3f164f128f0405011e2e9c4e68bac62b4bc466387efb2f done
#18 exporting attestation manifest sha256:fb5b13f0af26fb5e853c106693da27963905c07631edfa168edd9a58f034f05f
#18 exporting attestation manifest sha256:fb5b13f0af26fb5e853c106693da27963905c07631edfa168edd9a58f034f05f 0.0s done
#18 exporting manifest list sha256:8c447715c45021ae2949a4c3c914c7978aa6dd44974143c1ac178e142f351797 0.0s done
#18 naming to docker.io/library/docker-des:fms-7n-LMOD-r5-w0-sobrecarga done
#18 unpacking to docker.io/library/docker-des:fms-7n-LMOD-r5-w0-sobrecarga 0.0s done
#18 DONE 11.6s

#19 resolving provenance for metadata file
#19 DONE 0.0s
 Image docker-des:fms-7n-LMOD-r5-w0-sobrecarga Built 
== run (nativo, sem Docker): node1 node2 node3 node4 node5 node6 node7
# Execução `20260928-003410-fms-7-nativo`

- problema `fms`, família `LMOD`, **7 containers**, UDP multicast
- 5 ciclos × 44 passos = 220 passos; **220 executados**, 0 pulados
- impressão digital da configuração: `04511541`
- RTT de aplicação (nó 1, 20 sondas): média 9.54 ms, mín 2.20, máx 140.41
- resultado: **complete**

| nó | supervisores | saída | disparou (local/ctrl/unctrl) | aplicou p/ pares | decifrações (ciclo 1) | HE total ms | quadros tx/rx | retx | oráculo | halt |
|---|---|---|---|---|---|---|---|---|---|---|
| 1 | S0 | 0 | 20/40/40 | 0 | 101 (21) | 6990.2 | 162/1690 | 0 | PASS | não |
| 2 | S1 | 0 | 20/0/0 | 80 | 101 (21) | 6990.3 | 250/1602 | 0 | PASS | não |
| 3 | S2 | 0 | 20/0/0 | 80 | 100 (20) | 6919.3 | 250/1602 | 0 | PASS | não |
| 4 | S3 | 0 | 20/0/0 | 80 | 103 (23) | 7128.7 | 249/1603 | 0 | PASS | não |
| 5 | S4 | 0 | 0/20/10 | 80 | 114 (26) | 7893.1 | 293/1559 | 0 | PASS | não |
| 6 | S5 | 0 | 0/0/0 | 110 | 129 (41) | 8932.6 | 328/1524 | 0 | PASS | não |
| 7 | S6 | 0 | 30/0/0 | 110 | 150 (38) | 10398.8 | 320/1532 | 0 | PASS | não |
| **total** | | | | | **798 (190)** | 55253.0 | 1852/11112 | 0 | | |

Fim de cada ciclo no relógio comum (o **último** nó a terminar), ms: 3838.7, 6471.9, 9111.2, 11743.0, 14373.7

Tempo por passo: ciclo 1 **87.24 ms**; ciclos 2–5 **59.86 ms**

Verificação cruzada com o supervisor MONOLÍTICO: **off**

## Verificações

| verificação | esperado | obtido | |
|---|---|---|---|
| config fingerprint | 04511541 | 04511541 | ✅ |
| decryptions, whole cell | 798 | 798 | ✅ |
| decryptions, whole cell, cycle 1 | 190 | 190 | ✅ |
| outcome | complete | complete | ✅ |
| same fingerprint on every node | 1 | 1 | ✅ |
| oracle PASS on every node | True | True | ✅ |
| crypto self-test PASS on every node | True | True | ✅ |

**TODAS AS VERIFICAÇÕES PASSARAM**


################ fms-1-ponte  (repetição 2/5)
== build skipped (DES_SKIP_BUILD=1): using the existing image
== run (ponte): node1
 Network docker-des_cell Creating 
 Network docker-des_cell Creating 
 Network docker-des_cell Created 
 Network docker-des_cell Created 
 Container docker-des-node1-1 Creating 
 Container docker-des-node1-1 Created 
 Container docker-des-node1-1 Starting 
 Container docker-des-node1-1 Started 
== collect -> results/20260928-002448-varredura/20260928-003454-fms-1-ponte
# Execução `20260928-003454-fms-1-ponte`

- problema `fms`, família `LMOD`, **1 containers**, UDP multicast
- 5 ciclos × 44 passos = 220 passos; **220 executados**, 0 pulados
- impressão digital da configuração: `3f2beff2`
- resultado: **complete**

| nó | supervisores | saída | disparou (local/ctrl/unctrl) | aplicou p/ pares | decifrações (ciclo 1) | HE total ms | quadros tx/rx | retx | oráculo | halt |
|---|---|---|---|---|---|---|---|---|---|---|
| 1 | S0 S1 S2 S3 S4 S5 S6 | 0 | 220/0/0 | 0 | 798 (190) | 55286.7 | 0/0 | 0 | PASS | não |
| **total** | | | | | **798 (190)** | 55286.7 | 0/0 | 0 | | |

Fim de cada ciclo no relógio comum (o **último** nó a terminar), ms: 13186.5, 23716.2, 34245.9, 44774.9, 55303.2

Tempo por passo: ciclo 1 **299.69 ms**; ciclos 2–5 **239.30 ms**

Verificação cruzada com o supervisor MONOLÍTICO: **off**

## Verificações

| verificação | esperado | obtido | |
|---|---|---|---|
| config fingerprint | 3f2beff2 | 3f2beff2 | ✅ |
| decryptions, whole cell | 798 | 798 | ✅ |
| decryptions, whole cell, cycle 1 | 190 | 190 | ✅ |
| outcome | complete | complete | ✅ |
| same fingerprint on every node | 1 | 1 | ✅ |
| oracle PASS on every node | True | True | ✅ |
| crypto self-test PASS on every node | True | True | ✅ |

**TODAS AS VERIFICAÇÕES PASSARAM**


################ fms-1-nativo  (repetição 2/5)
== build skipped (DES_SKIP_BUILD=1): using the existing image
== run (nativo, sem Docker): node1
# Execução `20260928-003559-fms-1-nativo`

- problema `fms`, família `LMOD`, **1 containers**, UDP multicast
- 5 ciclos × 44 passos = 220 passos; **220 executados**, 0 pulados
- impressão digital da configuração: `3f2beff2`
- resultado: **complete**

| nó | supervisores | saída | disparou (local/ctrl/unctrl) | aplicou p/ pares | decifrações (ciclo 1) | HE total ms | quadros tx/rx | retx | oráculo | halt |
|---|---|---|---|---|---|---|---|---|---|---|
| 1 | S0 S1 S2 S3 S4 S5 S6 | 0 | 220/0/0 | 0 | 798 (190) | 55284.2 | 0/0 | 0 | PASS | não |
| **total** | | | | | **798 (190)** | 55284.2 | 0/0 | 0 | | |

Fim de cada ciclo no relógio comum (o **último** nó a terminar), ms: 13190.3, 23715.3, 34245.4, 44769.8, 55295.8

Tempo por passo: ciclo 1 **299.78 ms**; ciclos 2–5 **239.24 ms**

Verificação cruzada com o supervisor MONOLÍTICO: **off**

## Verificações

| verificação | esperado | obtido | |
|---|---|---|---|
| config fingerprint | 3f2beff2 | 3f2beff2 | ✅ |
| decryptions, whole cell | 798 | 798 | ✅ |
| decryptions, whole cell, cycle 1 | 190 | 190 | ✅ |
| outcome | complete | complete | ✅ |
| same fingerprint on every node | 1 | 1 | ✅ |
| oracle PASS on every node | True | True | ✅ |
| crypto self-test PASS on every node | True | True | ✅ |

**TODAS AS VERIFICAÇÕES PASSARAM**


################ fms-2-ponte  (repetição 2/5)
== build skipped (DES_SKIP_BUILD=1): using the existing image
== run (ponte): node1 node2
 Network docker-des_cell Creating 
 Network docker-des_cell Creating 
 Network docker-des_cell Created 
 Network docker-des_cell Created 
 Container docker-des-node2-1 Creating 
 Container docker-des-node1-1 Creating 
 Container docker-des-node1-1 Created 
 Container docker-des-node2-1 Created 
 Container docker-des-node2-1 Starting 
 Container docker-des-node1-1 Starting 
 Container docker-des-node2-1 Started 
 Container docker-des-node1-1 Started 
== collect -> results/20260928-002448-varredura/20260928-003712-fms-2-ponte
# Execução `20260928-003712-fms-2-ponte`

- problema `fms`, família `LMOD`, **2 containers**, UDP multicast
- 5 ciclos × 44 passos = 220 passos; **220 executados**, 0 pulados
- impressão digital da configuração: `edbd7971`
- RTT de aplicação (nó 1, 20 sondas): média 2.75 ms, mín 2.21, máx 4.19
- resultado: **complete**

| nó | supervisores | saída | disparou (local/ctrl/unctrl) | aplicou p/ pares | decifrações (ciclo 1) | HE total ms | quadros tx/rx | retx | oráculo | halt |
|---|---|---|---|---|---|---|---|---|---|---|
| 1 | S0 S1 S2 S3 | 0 | 80/40/40 | 0 | 405 (85) | 28242.2 | 148/230 | 0 | PASS | não |
| 2 | S4 S5 S6 | 0 | 60/0/0 | 80 | 393 (105) | 27390.0 | 230/148 | 0 | PASS | não |
| **total** | | | | | **798 (190)** | 55632.2 | 378/378 | 0 | | |

Fim de cada ciclo no relógio comum (o **último** nó a terminar), ms: 8520.6, 15073.5, 21655.4, 28230.3, 34805.2

Tempo por passo: ciclo 1 **193.65 ms**; ciclos 2–5 **149.34 ms**

Verificação cruzada com o supervisor MONOLÍTICO: **off**

## Verificações

| verificação | esperado | obtido | |
|---|---|---|---|
| config fingerprint | edbd7971 | edbd7971 | ✅ |
| decryptions, whole cell | 798 | 798 | ✅ |
| decryptions, whole cell, cycle 1 | 190 | 190 | ✅ |
| outcome | complete | complete | ✅ |
| same fingerprint on every node | 1 | 1 | ✅ |
| oracle PASS on every node | True | True | ✅ |
| crypto self-test PASS on every node | True | True | ✅ |

**TODAS AS VERIFICAÇÕES PASSARAM**


################ fms-2-host  (repetição 2/5)
== build skipped (DES_SKIP_BUILD=1): using the existing image
== run (host): node1 node2
 Container docker-des-node2-1 Creating 
 Container docker-des-node1-1 Creating 
 Container docker-des-node2-1 Created 
 Container docker-des-node1-1 Created 
 Container docker-des-node2-1 Starting 
 Container docker-des-node1-1 Starting 
 Container docker-des-node2-1 Started 
 Container docker-des-node1-1 Started 
== collect -> results/20260928-002448-varredura/20260928-003807-fms-2-host
# Execução `20260928-003807-fms-2-host`

- problema `fms`, família `LMOD`, **2 containers**, UDP multicast
- 5 ciclos × 44 passos = 220 passos; **220 executados**, 0 pulados
- impressão digital da configuração: `edbd7971`
- RTT de aplicação (nó 1, 20 sondas): média 4.30 ms, mín 2.62, máx 5.68
- resultado: **complete**

| nó | supervisores | saída | disparou (local/ctrl/unctrl) | aplicou p/ pares | decifrações (ciclo 1) | HE total ms | quadros tx/rx | retx | oráculo | halt |
|---|---|---|---|---|---|---|---|---|---|---|
| 1 | S0 S1 S2 S3 | 0 | 80/40/40 | 0 | 405 (85) | 28304.3 | 149/230 | 0 | PASS | não |
| 2 | S4 S5 S6 | 0 | 60/0/0 | 80 | 393 (105) | 27516.5 | 230/149 | 0 | PASS | não |
| **total** | | | | | **798 (190)** | 55820.8 | 379/379 | 0 | | |

Fim de cada ciclo no relógio comum (o **último** nó a terminar), ms: 8639.2, 15212.0, 21787.0, 28354.1, 34918.1

Tempo por passo: ciclo 1 **196.35 ms**; ciclos 2–5 **149.31 ms**

Verificação cruzada com o supervisor MONOLÍTICO: **off**

## Verificações

| verificação | esperado | obtido | |
|---|---|---|---|
| config fingerprint | edbd7971 | edbd7971 | ✅ |
| decryptions, whole cell | 798 | 798 | ✅ |
| decryptions, whole cell, cycle 1 | 190 | 190 | ✅ |
| outcome | complete | complete | ✅ |
| same fingerprint on every node | 1 | 1 | ✅ |
| oracle PASS on every node | True | True | ✅ |
| crypto self-test PASS on every node | True | True | ✅ |

**TODAS AS VERIFICAÇÕES PASSARAM**


################ fms-2-nativo  (repetição 2/5)
== build skipped (DES_SKIP_BUILD=1): using the existing image
== run (nativo, sem Docker): node1 node2
# Execução `20260928-003902-fms-2-nativo`

- problema `fms`, família `LMOD`, **2 containers**, UDP multicast
- 5 ciclos × 44 passos = 220 passos; **220 executados**, 0 pulados
- impressão digital da configuração: `edbd7971`
- RTT de aplicação (nó 1, 20 sondas): média 4.26 ms, mín 2.76, máx 5.84
- resultado: **complete**

| nó | supervisores | saída | disparou (local/ctrl/unctrl) | aplicou p/ pares | decifrações (ciclo 1) | HE total ms | quadros tx/rx | retx | oráculo | halt |
|---|---|---|---|---|---|---|---|---|---|---|
| 1 | S0 S1 S2 S3 | 0 | 80/40/40 | 0 | 405 (85) | 28267.3 | 149/230 | 0 | PASS | não |
| 2 | S4 S5 S6 | 0 | 60/0/0 | 80 | 393 (105) | 27477.3 | 230/149 | 0 | PASS | não |
| **total** | | | | | **798 (190)** | 55744.6 | 379/379 | 0 | | |

Fim de cada ciclo no relógio comum (o **último** nó a terminar), ms: 8624.9, 15181.8, 21729.1, 28289.9, 34862.8

Tempo por passo: ciclo 1 **196.02 ms**; ciclos 2–5 **149.08 ms**

Verificação cruzada com o supervisor MONOLÍTICO: **off**

## Verificações

| verificação | esperado | obtido | |
|---|---|---|---|
| config fingerprint | edbd7971 | edbd7971 | ✅ |
| decryptions, whole cell | 798 | 798 | ✅ |
| decryptions, whole cell, cycle 1 | 190 | 190 | ✅ |
| outcome | complete | complete | ✅ |
| same fingerprint on every node | 1 | 1 | ✅ |
| oracle PASS on every node | True | True | ✅ |
| crypto self-test PASS on every node | True | True | ✅ |

**TODAS AS VERIFICAÇÕES PASSARAM**


################ fms-4-ponte  (repetição 2/5)
== build skipped (DES_SKIP_BUILD=1): using the existing image
== run (ponte): node1 node2 node3 node4
 Network docker-des_cell Creating 
 Network docker-des_cell Creating 
 Network docker-des_cell Created 
 Network docker-des_cell Created 
 Container docker-des-node1-1 Creating 
 Container docker-des-node2-1 Creating 
 Container docker-des-node3-1 Creating 
 Container docker-des-node4-1 Creating 
 Container docker-des-node3-1 Created 
 Container docker-des-node1-1 Created 
 Container docker-des-node4-1 Created 
 Container docker-des-node2-1 Created 
 Container docker-des-node4-1 Starting 
 Container docker-des-node2-1 Starting 
 Container docker-des-node3-1 Starting 
 Container docker-des-node1-1 Starting 
 Container docker-des-node4-1 Started 
 Container docker-des-node2-1 Started 
 Container docker-des-node3-1 Started 
 Container docker-des-node1-1 Started 
== collect -> results/20260928-002448-varredura/20260928-003954-fms-4-ponte
# Execução `20260928-003954-fms-4-ponte`

- problema `fms`, família `LMOD`, **4 containers**, UDP multicast
- 5 ciclos × 44 passos = 220 passos; **220 executados**, 0 pulados
- impressão digital da configuração: `457cc268`
- RTT de aplicação (nó 1, 20 sondas): média 4.74 ms, mín 3.17, máx 5.37
- resultado: **complete**

| nó | supervisores | saída | disparou (local/ctrl/unctrl) | aplicou p/ pares | decifrações (ciclo 1) | HE total ms | quadros tx/rx | retx | oráculo | halt |
|---|---|---|---|---|---|---|---|---|---|---|
| 1 | S0 S1 | 0 | 40/40/40 | 0 | 202 (42) | 14082.0 | 153/850 | 0 | PASS | não |
| 2 | S2 S3 | 0 | 40/0/0 | 80 | 203 (43) | 14130.3 | 248/755 | 0 | PASS | não |
| 3 | S4 S5 | 0 | 0/20/10 | 80 | 243 (67) | 16959.4 | 284/719 | 0 | PASS | não |
| 4 | S6 | 0 | 30/0/0 | 110 | 150 (38) | 10515.6 | 318/685 | 0 | PASS | não |
| **total** | | | | | **798 (190)** | 55687.3 | 1003/3009 | 0 | | |

Fim de cada ciclo no relógio comum (o **último** nó a terminar), ms: 5863.8, 9965.3, 14059.1, 18192.6, 22322.9

Tempo por passo: ciclo 1 **133.27 ms**; ciclos 2–5 **93.52 ms**

Verificação cruzada com o supervisor MONOLÍTICO: **off**

## Verificações

| verificação | esperado | obtido | |
|---|---|---|---|
| config fingerprint | 457cc268 | 457cc268 | ✅ |
| decryptions, whole cell | 798 | 798 | ✅ |
| decryptions, whole cell, cycle 1 | 190 | 190 | ✅ |
| outcome | complete | complete | ✅ |
| same fingerprint on every node | 1 | 1 | ✅ |
| oracle PASS on every node | True | True | ✅ |
| crypto self-test PASS on every node | True | True | ✅ |

**TODAS AS VERIFICAÇÕES PASSARAM**


################ fms-4-host  (repetição 2/5)
== build skipped (DES_SKIP_BUILD=1): using the existing image
== run (host): node1 node2 node3 node4
 Container docker-des-node4-1 Creating 
 Container docker-des-node3-1 Creating 
 Container docker-des-node2-1 Creating 
 Container docker-des-node1-1 Creating 
 Container docker-des-node4-1 Created 
 Container docker-des-node1-1 Created 
 Container docker-des-node3-1 Created 
 Container docker-des-node2-1 Created 
 Container docker-des-node4-1 Starting 
 Container docker-des-node1-1 Starting 
 Container docker-des-node2-1 Starting 
 Container docker-des-node3-1 Starting 
 Container docker-des-node4-1 Started 
 Container docker-des-node1-1 Started 
 Container docker-des-node2-1 Started 
 Container docker-des-node3-1 Started 
== collect -> results/20260928-002448-varredura/20260928-004037-fms-4-host
# Execução `20260928-004037-fms-4-host`

- problema `fms`, família `LMOD`, **4 containers**, UDP multicast
- 5 ciclos × 44 passos = 220 passos; **220 executados**, 0 pulados
- impressão digital da configuração: `457cc268`
- RTT de aplicação (nó 1, 20 sondas): média 4.35 ms, mín 2.59, máx 8.06
- resultado: **complete**

| nó | supervisores | saída | disparou (local/ctrl/unctrl) | aplicou p/ pares | decifrações (ciclo 1) | HE total ms | quadros tx/rx | retx | oráculo | halt |
|---|---|---|---|---|---|---|---|---|---|---|
| 1 | S0 S1 | 0 | 40/40/40 | 0 | 202 (42) | 14103.0 | 156/852 | 0 | PASS | não |
| 2 | S2 S3 | 0 | 40/0/0 | 80 | 203 (43) | 14142.1 | 249/759 | 0 | PASS | não |
| 3 | S4 S5 | 0 | 0/20/10 | 80 | 243 (67) | 16976.6 | 284/724 | 0 | PASS | não |
| 4 | S6 | 0 | 30/0/0 | 110 | 150 (38) | 10523.2 | 319/689 | 0 | PASS | não |
| **total** | | | | | **798 (190)** | 55744.9 | 1008/3024 | 0 | | |

Fim de cada ciclo no relógio comum (o **último** nó a terminar), ms: 5852.5, 9985.2, 14118.1, 18254.0, 22349.4

Tempo por passo: ciclo 1 **133.01 ms**; ciclos 2–5 **93.73 ms**

Verificação cruzada com o supervisor MONOLÍTICO: **off**

## Verificações

| verificação | esperado | obtido | |
|---|---|---|---|
| config fingerprint | 457cc268 | 457cc268 | ✅ |
| decryptions, whole cell | 798 | 798 | ✅ |
| decryptions, whole cell, cycle 1 | 190 | 190 | ✅ |
| outcome | complete | complete | ✅ |
| same fingerprint on every node | 1 | 1 | ✅ |
| oracle PASS on every node | True | True | ✅ |
| crypto self-test PASS on every node | True | True | ✅ |

**TODAS AS VERIFICAÇÕES PASSARAM**


################ fms-4-nativo  (repetição 2/5)
== build skipped (DES_SKIP_BUILD=1): using the existing image
== run (nativo, sem Docker): node1 node2 node3 node4
# Execução `20260928-004120-fms-4-nativo`

- problema `fms`, família `LMOD`, **4 containers**, UDP multicast
- 5 ciclos × 44 passos = 220 passos; **220 executados**, 0 pulados
- impressão digital da configuração: `457cc268`
- RTT de aplicação (nó 1, 20 sondas): média 4.43 ms, mín 3.26, máx 5.54
- resultado: **complete**

| nó | supervisores | saída | disparou (local/ctrl/unctrl) | aplicou p/ pares | decifrações (ciclo 1) | HE total ms | quadros tx/rx | retx | oráculo | halt |
|---|---|---|---|---|---|---|---|---|---|---|
| 1 | S0 S1 | 0 | 40/40/40 | 0 | 202 (42) | 14099.6 | 154/848 | 0 | PASS | não |
| 2 | S2 S3 | 0 | 40/0/0 | 80 | 203 (43) | 14148.9 | 248/754 | 0 | PASS | não |
| 3 | S4 S5 | 0 | 0/20/10 | 80 | 243 (67) | 16984.5 | 284/718 | 0 | PASS | não |
| 4 | S6 | 0 | 30/0/0 | 110 | 150 (38) | 10545.4 | 316/686 | 0 | PASS | não |
| **total** | | | | | **798 (190)** | 55778.4 | 1002/3006 | 0 | | |

Fim de cada ciclo no relógio comum (o **último** nó a terminar), ms: 5857.3, 9977.5, 14098.9, 18224.8, 22351.8

Tempo por passo: ciclo 1 **133.12 ms**; ciclos 2–5 **93.72 ms**

Verificação cruzada com o supervisor MONOLÍTICO: **off**

## Verificações

| verificação | esperado | obtido | |
|---|---|---|---|
| config fingerprint | 457cc268 | 457cc268 | ✅ |
| decryptions, whole cell | 798 | 798 | ✅ |
| decryptions, whole cell, cycle 1 | 190 | 190 | ✅ |
| outcome | complete | complete | ✅ |
| same fingerprint on every node | 1 | 1 | ✅ |
| oracle PASS on every node | True | True | ✅ |
| crypto self-test PASS on every node | True | True | ✅ |

**TODAS AS VERIFICAÇÕES PASSARAM**


################ fms-7-ponte  (repetição 2/5)
== build skipped (DES_SKIP_BUILD=1): using the existing image
== run (ponte): node1 node2 node3 node4 node5 node6 node7
 Network docker-des_cell Creating 
 Network docker-des_cell Creating 
 Network docker-des_cell Created 
 Network docker-des_cell Created 
 Container docker-des-node7-1 Creating 
 Container docker-des-node5-1 Creating 
 Container docker-des-node2-1 Creating 
 Container docker-des-node6-1 Creating 
 Container docker-des-node1-1 Creating 
 Container docker-des-node3-1 Creating 
 Container docker-des-node4-1 Creating 
 Container docker-des-node4-1 Created 
 Container docker-des-node7-1 Created 
 Container docker-des-node6-1 Created 
 Container docker-des-node2-1 Created 
 Container docker-des-node5-1 Created 
 Container docker-des-node1-1 Created 
 Container docker-des-node3-1 Created 
 Container docker-des-node4-1 Starting 
 Container docker-des-node1-1 Starting 
 Container docker-des-node7-1 Starting 
 Container docker-des-node6-1 Starting 
 Container docker-des-node3-1 Starting 
 Container docker-des-node5-1 Starting 
 Container docker-des-node2-1 Starting 
 Container docker-des-node4-1 Started 
 Container docker-des-node1-1 Started 
 Container docker-des-node7-1 Started 
 Container docker-des-node6-1 Started 
 Container docker-des-node3-1 Started 
 Container docker-des-node5-1 Started 
 Container docker-des-node2-1 Started 
== collect -> results/20260928-002448-varredura/20260928-004157-fms-7-ponte
# Execução `20260928-004157-fms-7-ponte`

- problema `fms`, família `LMOD`, **7 containers**, UDP multicast
- 5 ciclos × 44 passos = 220 passos; **220 executados**, 0 pulados
- impressão digital da configuração: `04511541`
- RTT de aplicação (nó 1, 20 sondas): média 9.59 ms, mín 4.41, máx 99.25
- resultado: **complete**

| nó | supervisores | saída | disparou (local/ctrl/unctrl) | aplicou p/ pares | decifrações (ciclo 1) | HE total ms | quadros tx/rx | retx | oráculo | halt |
|---|---|---|---|---|---|---|---|---|---|---|
| 1 | S0 | 0 | 20/40/40 | 0 | 101 (21) | 7057.2 | 162/1682 | 0 | PASS | não |
| 2 | S1 | 0 | 20/0/0 | 80 | 101 (21) | 7052.4 | 246/1598 | 0 | PASS | não |
| 3 | S2 | 0 | 20/0/0 | 80 | 100 (20) | 6976.6 | 248/1596 | 0 | PASS | não |
| 4 | S3 | 0 | 20/0/0 | 80 | 103 (23) | 7193.8 | 251/1593 | 0 | PASS | não |
| 5 | S4 | 0 | 0/20/10 | 80 | 114 (26) | 7984.1 | 290/1554 | 0 | PASS | não |
| 6 | S5 | 0 | 0/0/0 | 110 | 129 (41) | 9038.7 | 327/1517 | 0 | PASS | não |
| 7 | S6 | 0 | 30/0/0 | 110 | 150 (38) | 10556.7 | 320/1524 | 0 | PASS | não |
| **total** | | | | | **798 (190)** | 55859.5 | 1844/11064 | 0 | | |

Fim de cada ciclo no relógio comum (o **último** nó a terminar), ms: 3978.9, 6694.4, 9403.0, 12088.1, 14795.4

Tempo por passo: ciclo 1 **90.43 ms**; ciclos 2–5 **61.46 ms**

Verificação cruzada com o supervisor MONOLÍTICO: **off**

## Verificações

| verificação | esperado | obtido | |
|---|---|---|---|
| config fingerprint | 04511541 | 04511541 | ✅ |
| decryptions, whole cell | 798 | 798 | ✅ |
| decryptions, whole cell, cycle 1 | 190 | 190 | ✅ |
| outcome | complete | complete | ✅ |
| same fingerprint on every node | 1 | 1 | ✅ |
| oracle PASS on every node | True | True | ✅ |
| crypto self-test PASS on every node | True | True | ✅ |

**TODAS AS VERIFICAÇÕES PASSARAM**


################ fms-7-host  (repetição 2/5)
== build skipped (DES_SKIP_BUILD=1): using the existing image
== run (host): node1 node2 node3 node4 node5 node6 node7
 Container docker-des-node7-1 Creating 
 Container docker-des-node1-1 Creating 
 Container docker-des-node5-1 Creating 
 Container docker-des-node2-1 Creating 
 Container docker-des-node4-1 Creating 
 Container docker-des-node6-1 Creating 
 Container docker-des-node3-1 Creating 
 Container docker-des-node2-1 Created 
 Container docker-des-node7-1 Created 
 Container docker-des-node1-1 Created 
 Container docker-des-node4-1 Created 
 Container docker-des-node5-1 Created 
 Container docker-des-node6-1 Created 
 Container docker-des-node3-1 Created 
 Container docker-des-node7-1 Starting 
 Container docker-des-node3-1 Starting 
 Container docker-des-node2-1 Starting 
 Container docker-des-node5-1 Starting 
 Container docker-des-node1-1 Starting 
 Container docker-des-node4-1 Starting 
 Container docker-des-node6-1 Starting 
 Container docker-des-node7-1 Started 
 Container docker-des-node3-1 Started 
 Container docker-des-node2-1 Started 
 Container docker-des-node5-1 Started 
 Container docker-des-node1-1 Started 
 Container docker-des-node4-1 Started 
 Container docker-des-node6-1 Started 
== collect -> results/20260928-002448-varredura/20260928-004235-fms-7-host
# Execução `20260928-004235-fms-7-host`

- problema `fms`, família `LMOD`, **7 containers**, UDP multicast
- 5 ciclos × 44 passos = 220 passos; **220 executados**, 0 pulados
- impressão digital da configuração: `04511541`
- RTT de aplicação (nó 1, 20 sondas): média 10.49 ms, mín 2.76, máx 128.53
- resultado: **complete**

| nó | supervisores | saída | disparou (local/ctrl/unctrl) | aplicou p/ pares | decifrações (ciclo 1) | HE total ms | quadros tx/rx | retx | oráculo | halt |
|---|---|---|---|---|---|---|---|---|---|---|
| 1 | S0 | 0 | 20/40/40 | 0 | 101 (21) | 7056.4 | 160/1684 | 0 | PASS | não |
| 2 | S1 | 0 | 20/0/0 | 80 | 101 (21) | 7053.8 | 249/1595 | 0 | PASS | não |
| 3 | S2 | 0 | 20/0/0 | 80 | 100 (20) | 6979.7 | 250/1594 | 0 | PASS | não |
| 4 | S3 | 0 | 20/0/0 | 80 | 103 (23) | 7195.9 | 247/1597 | 0 | PASS | não |
| 5 | S4 | 0 | 0/20/10 | 80 | 114 (26) | 7979.1 | 292/1552 | 0 | PASS | não |
| 6 | S5 | 0 | 0/0/0 | 110 | 129 (41) | 9033.2 | 325/1519 | 0 | PASS | não |
| 7 | S6 | 0 | 30/0/0 | 110 | 150 (38) | 10559.2 | 321/1523 | 0 | PASS | não |
| **total** | | | | | **798 (190)** | 55857.3 | 1844/11064 | 0 | | |

Fim de cada ciclo no relógio comum (o **último** nó a terminar), ms: 3964.7, 6657.7, 9358.0, 12055.6, 14747.8

Tempo por passo: ciclo 1 **90.11 ms**; ciclos 2–5 **61.27 ms**

Verificação cruzada com o supervisor MONOLÍTICO: **off**

## Verificações

| verificação | esperado | obtido | |
|---|---|---|---|
| config fingerprint | 04511541 | 04511541 | ✅ |
| decryptions, whole cell | 798 | 798 | ✅ |
| decryptions, whole cell, cycle 1 | 190 | 190 | ✅ |
| outcome | complete | complete | ✅ |
| same fingerprint on every node | 1 | 1 | ✅ |
| oracle PASS on every node | True | True | ✅ |
| crypto self-test PASS on every node | True | True | ✅ |

**TODAS AS VERIFICAÇÕES PASSARAM**


################ fms-7-nativo  (repetição 2/5)
== build skipped (DES_SKIP_BUILD=1): using the existing image
== run (nativo, sem Docker): node1 node2 node3 node4 node5 node6 node7
# Execução `20260928-004312-fms-7-nativo`

- problema `fms`, família `LMOD`, **7 containers**, UDP multicast
- 5 ciclos × 44 passos = 220 passos; **220 executados**, 0 pulados
- impressão digital da configuração: `04511541`
- RTT de aplicação (nó 1, 20 sondas): média 10.12 ms, mín 2.90, máx 120.49
- resultado: **complete**

| nó | supervisores | saída | disparou (local/ctrl/unctrl) | aplicou p/ pares | decifrações (ciclo 1) | HE total ms | quadros tx/rx | retx | oráculo | halt |
|---|---|---|---|---|---|---|---|---|---|---|
| 1 | S0 | 0 | 20/40/40 | 0 | 101 (21) | 7062.9 | 162/1690 | 0 | PASS | não |
| 2 | S1 | 0 | 20/0/0 | 80 | 101 (21) | 7050.1 | 250/1602 | 0 | PASS | não |
| 3 | S2 | 0 | 20/0/0 | 80 | 100 (20) | 6977.8 | 250/1602 | 0 | PASS | não |
| 4 | S3 | 0 | 20/0/0 | 80 | 103 (23) | 7191.7 | 249/1603 | 0 | PASS | não |
| 5 | S4 | 0 | 0/20/10 | 80 | 114 (26) | 7981.7 | 293/1559 | 0 | PASS | não |
| 6 | S5 | 0 | 0/0/0 | 110 | 129 (41) | 9044.8 | 328/1524 | 0 | PASS | não |
| 7 | S6 | 0 | 30/0/0 | 110 | 150 (38) | 10560.3 | 320/1532 | 0 | PASS | não |
| **total** | | | | | **798 (190)** | 55869.3 | 1852/11112 | 0 | | |

Fim de cada ciclo no relógio comum (o **último** nó a terminar), ms: 3961.5, 6655.6, 9342.3, 12028.3, 14712.9

Tempo por passo: ciclo 1 **90.03 ms**; ciclos 2–5 **61.09 ms**

Verificação cruzada com o supervisor MONOLÍTICO: **off**

## Verificações

| verificação | esperado | obtido | |
|---|---|---|---|
| config fingerprint | 04511541 | 04511541 | ✅ |
| decryptions, whole cell | 798 | 798 | ✅ |
| decryptions, whole cell, cycle 1 | 190 | 190 | ✅ |
| outcome | complete | complete | ✅ |
| same fingerprint on every node | 1 | 1 | ✅ |
| oracle PASS on every node | True | True | ✅ |
| crypto self-test PASS on every node | True | True | ✅ |

**TODAS AS VERIFICAÇÕES PASSARAM**


################ fms-1-ponte  (repetição 3/5)
== build skipped (DES_SKIP_BUILD=1): using the existing image
== run (ponte): node1
 Network docker-des_cell Creating 
 Network docker-des_cell Creating 
 Network docker-des_cell Created 
 Network docker-des_cell Created 
 Container docker-des-node1-1 Creating 
 Container docker-des-node1-1 Created 
 Container docker-des-node1-1 Starting 
 Container docker-des-node1-1 Started 
== collect -> results/20260928-002448-varredura/20260928-004341-fms-1-ponte
# Execução `20260928-004341-fms-1-ponte`

- problema `fms`, família `LMOD`, **1 containers**, UDP multicast
- 5 ciclos × 44 passos = 220 passos; **220 executados**, 0 pulados
- impressão digital da configuração: `3f2beff2`
- resultado: **complete**

| nó | supervisores | saída | disparou (local/ctrl/unctrl) | aplicou p/ pares | decifrações (ciclo 1) | HE total ms | quadros tx/rx | retx | oráculo | halt |
|---|---|---|---|---|---|---|---|---|---|---|
| 1 | S0 S1 S2 S3 S4 S5 S6 | 0 | 220/0/0 | 0 | 798 (190) | 55872.4 | 0/0 | 0 | PASS | não |
| **total** | | | | | **798 (190)** | 55872.4 | 0/0 | 0 | | |

Fim de cada ciclo no relógio comum (o **último** nó a terminar), ms: 13421.2, 24047.9, 34666.0, 45296.5, 55925.3

Tempo por passo: ciclo 1 **305.03 ms**; ciclos 2–5 **241.50 ms**

Verificação cruzada com o supervisor MONOLÍTICO: **off**

## Verificações

| verificação | esperado | obtido | |
|---|---|---|---|
| config fingerprint | 3f2beff2 | 3f2beff2 | ✅ |
| decryptions, whole cell | 798 | 798 | ✅ |
| decryptions, whole cell, cycle 1 | 190 | 190 | ✅ |
| outcome | complete | complete | ✅ |
| same fingerprint on every node | 1 | 1 | ✅ |
| oracle PASS on every node | True | True | ✅ |
| crypto self-test PASS on every node | True | True | ✅ |

**TODAS AS VERIFICAÇÕES PASSARAM**


################ fms-1-nativo  (repetição 3/5)
== build skipped (DES_SKIP_BUILD=1): using the existing image
== run (nativo, sem Docker): node1
# Execução `20260928-004458-fms-1-nativo`

- problema `fms`, família `LMOD`, **1 containers**, UDP multicast
- 5 ciclos × 44 passos = 220 passos; **220 executados**, 0 pulados
- impressão digital da configuração: `3f2beff2`
- resultado: **complete**

| nó | supervisores | saída | disparou (local/ctrl/unctrl) | aplicou p/ pares | decifrações (ciclo 1) | HE total ms | quadros tx/rx | retx | oráculo | halt |
|---|---|---|---|---|---|---|---|---|---|---|
| 1 | S0 S1 S2 S3 S4 S5 S6 | 0 | 220/0/0 | 0 | 798 (190) | 55910.1 | 0/0 | 0 | PASS | não |
| **total** | | | | | **798 (190)** | 55910.1 | 0/0 | 0 | | |

Fim de cada ciclo no relógio comum (o **último** nó a terminar), ms: 13498.7, 24125.1, 34750.3, 45356.6, 55943.0

Tempo por passo: ciclo 1 **306.79 ms**; ciclos 2–5 **241.16 ms**

Verificação cruzada com o supervisor MONOLÍTICO: **off**

## Verificações

| verificação | esperado | obtido | |
|---|---|---|---|
| config fingerprint | 3f2beff2 | 3f2beff2 | ✅ |
| decryptions, whole cell | 798 | 798 | ✅ |
| decryptions, whole cell, cycle 1 | 190 | 190 | ✅ |
| outcome | complete | complete | ✅ |
| same fingerprint on every node | 1 | 1 | ✅ |
| oracle PASS on every node | True | True | ✅ |
| crypto self-test PASS on every node | True | True | ✅ |

**TODAS AS VERIFICAÇÕES PASSARAM**


################ fms-2-ponte  (repetição 3/5)
== build skipped (DES_SKIP_BUILD=1): using the existing image
== run (ponte): node1 node2
 Network docker-des_cell Creating 
 Network docker-des_cell Creating 
 Network docker-des_cell Created 
 Network docker-des_cell Created 
 Container docker-des-node2-1 Creating 
 Container docker-des-node1-1 Creating 
 Container docker-des-node1-1 Created 
 Container docker-des-node2-1 Created 
 Container docker-des-node2-1 Starting 
 Container docker-des-node1-1 Starting 
 Container docker-des-node2-1 Started 
 Container docker-des-node1-1 Started 
== collect -> results/20260928-002448-varredura/20260928-004612-fms-2-ponte
# Execução `20260928-004612-fms-2-ponte`

- problema `fms`, família `LMOD`, **2 containers**, UDP multicast
- 5 ciclos × 44 passos = 220 passos; **220 executados**, 0 pulados
- impressão digital da configuração: `edbd7971`
- RTT de aplicação (nó 1, 20 sondas): média 4.11 ms, mín 2.28, máx 6.10
- resultado: **complete**

| nó | supervisores | saída | disparou (local/ctrl/unctrl) | aplicou p/ pares | decifrações (ciclo 1) | HE total ms | quadros tx/rx | retx | oráculo | halt |
|---|---|---|---|---|---|---|---|---|---|---|
| 1 | S0 S1 S2 S3 | 0 | 80/40/40 | 0 | 405 (85) | 28293.6 | 149/230 | 0 | PASS | não |
| 2 | S4 S5 S6 | 0 | 60/0/0 | 80 | 393 (105) | 27521.3 | 230/149 | 0 | PASS | não |
| **total** | | | | | **798 (190)** | 55814.9 | 379/379 | 0 | | |

Fim de cada ciclo no relógio comum (o **último** nó a terminar), ms: 8658.0, 15227.0, 21799.0, 28377.1, 34950.4

Tempo por passo: ciclo 1 **196.77 ms**; ciclos 2–5 **149.39 ms**

Verificação cruzada com o supervisor MONOLÍTICO: **off**

## Verificações

| verificação | esperado | obtido | |
|---|---|---|---|
| config fingerprint | edbd7971 | edbd7971 | ✅ |
| decryptions, whole cell | 798 | 798 | ✅ |
| decryptions, whole cell, cycle 1 | 190 | 190 | ✅ |
| outcome | complete | complete | ✅ |
| same fingerprint on every node | 1 | 1 | ✅ |
| oracle PASS on every node | True | True | ✅ |
| crypto self-test PASS on every node | True | True | ✅ |

**TODAS AS VERIFICAÇÕES PASSARAM**


################ fms-2-host  (repetição 3/5)
== build skipped (DES_SKIP_BUILD=1): using the existing image
== run (host): node1 node2
 Container docker-des-node2-1 Creating 
 Container docker-des-node1-1 Creating 
 Container docker-des-node1-1 Created 
 Container docker-des-node2-1 Created 
 Container docker-des-node2-1 Starting 
 Container docker-des-node1-1 Starting 
 Container docker-des-node2-1 Started 
 Container docker-des-node1-1 Started 
== collect -> results/20260928-002448-varredura/20260928-004708-fms-2-host
# Execução `20260928-004708-fms-2-host`

- problema `fms`, família `LMOD`, **2 containers**, UDP multicast
- 5 ciclos × 44 passos = 220 passos; **220 executados**, 0 pulados
- impressão digital da configuração: `edbd7971`
- RTT de aplicação (nó 1, 20 sondas): média 3.73 ms, mín 2.40, máx 5.57
- resultado: **complete**

| nó | supervisores | saída | disparou (local/ctrl/unctrl) | aplicou p/ pares | decifrações (ciclo 1) | HE total ms | quadros tx/rx | retx | oráculo | halt |
|---|---|---|---|---|---|---|---|---|---|---|
| 1 | S0 S1 S2 S3 | 0 | 80/40/40 | 0 | 405 (85) | 28295.7 | 149/230 | 0 | PASS | não |
| 2 | S4 S5 S6 | 0 | 60/0/0 | 80 | 393 (105) | 27519.2 | 230/149 | 0 | PASS | não |
| **total** | | | | | **798 (190)** | 55814.9 | 379/379 | 0 | | |

Fim de cada ciclo no relógio comum (o **último** nó a terminar), ms: 8632.3, 15206.1, 21777.8, 28350.8, 34924.3

Tempo por passo: ciclo 1 **196.19 ms**; ciclos 2–5 **149.39 ms**

Verificação cruzada com o supervisor MONOLÍTICO: **off**

## Verificações

| verificação | esperado | obtido | |
|---|---|---|---|
| config fingerprint | edbd7971 | edbd7971 | ✅ |
| decryptions, whole cell | 798 | 798 | ✅ |
| decryptions, whole cell, cycle 1 | 190 | 190 | ✅ |
| outcome | complete | complete | ✅ |
| same fingerprint on every node | 1 | 1 | ✅ |
| oracle PASS on every node | True | True | ✅ |
| crypto self-test PASS on every node | True | True | ✅ |

**TODAS AS VERIFICAÇÕES PASSARAM**


################ fms-2-nativo  (repetição 3/5)
== build skipped (DES_SKIP_BUILD=1): using the existing image
== run (nativo, sem Docker): node1 node2
# Execução `20260928-004802-fms-2-nativo`

- problema `fms`, família `LMOD`, **2 containers**, UDP multicast
- 5 ciclos × 44 passos = 220 passos; **220 executados**, 0 pulados
- impressão digital da configuração: `edbd7971`
- RTT de aplicação (nó 1, 20 sondas): média 4.03 ms, mín 2.56, máx 5.34
- resultado: **complete**

| nó | supervisores | saída | disparou (local/ctrl/unctrl) | aplicou p/ pares | decifrações (ciclo 1) | HE total ms | quadros tx/rx | retx | oráculo | halt |
|---|---|---|---|---|---|---|---|---|---|---|
| 1 | S0 S1 S2 S3 | 0 | 80/40/40 | 0 | 405 (85) | 28298.6 | 149/230 | 0 | PASS | não |
| 2 | S4 S5 S6 | 0 | 60/0/0 | 80 | 393 (105) | 27518.2 | 230/149 | 0 | PASS | não |
| **total** | | | | | **798 (190)** | 55816.8 | 379/379 | 0 | | |

Fim de cada ciclo no relógio comum (o **último** nó a terminar), ms: 8625.6, 15197.6, 21768.1, 28344.4, 34911.9

Tempo por passo: ciclo 1 **196.04 ms**; ciclos 2–5 **149.35 ms**

Verificação cruzada com o supervisor MONOLÍTICO: **off**

## Verificações

| verificação | esperado | obtido | |
|---|---|---|---|
| config fingerprint | edbd7971 | edbd7971 | ✅ |
| decryptions, whole cell | 798 | 798 | ✅ |
| decryptions, whole cell, cycle 1 | 190 | 190 | ✅ |
| outcome | complete | complete | ✅ |
| same fingerprint on every node | 1 | 1 | ✅ |
| oracle PASS on every node | True | True | ✅ |
| crypto self-test PASS on every node | True | True | ✅ |

**TODAS AS VERIFICAÇÕES PASSARAM**


################ fms-4-ponte  (repetição 3/5)
== build skipped (DES_SKIP_BUILD=1): using the existing image
== run (ponte): node1 node2 node3 node4
 Network docker-des_cell Creating 
 Network docker-des_cell Creating 
 Network docker-des_cell Created 
 Network docker-des_cell Created 
 Container docker-des-node1-1 Creating 
 Container docker-des-node3-1 Creating 
 Container docker-des-node2-1 Creating 
 Container docker-des-node4-1 Creating 
 Container docker-des-node4-1 Created 
 Container docker-des-node3-1 Created 
 Container docker-des-node2-1 Created 
 Container docker-des-node1-1 Created 
 Container docker-des-node4-1 Starting 
 Container docker-des-node1-1 Starting 
 Container docker-des-node2-1 Starting 
 Container docker-des-node3-1 Starting 
 Container docker-des-node4-1 Started 
 Container docker-des-node1-1 Started 
 Container docker-des-node2-1 Started 
 Container docker-des-node3-1 Started 
== collect -> results/20260928-002448-varredura/20260928-004906-fms-4-ponte
# Execução `20260928-004906-fms-4-ponte`

- problema `fms`, família `LMOD`, **4 containers**, UDP multicast
- 5 ciclos × 44 passos = 220 passos; **220 executados**, 0 pulados
- impressão digital da configuração: `457cc268`
- RTT de aplicação (nó 1, 20 sondas): média 5.01 ms, mín 4.41, máx 6.08
- resultado: **complete**

| nó | supervisores | saída | disparou (local/ctrl/unctrl) | aplicou p/ pares | decifrações (ciclo 1) | HE total ms | quadros tx/rx | retx | oráculo | halt |
|---|---|---|---|---|---|---|---|---|---|---|
| 1 | S0 S1 | 0 | 40/40/40 | 0 | 202 (42) | 14108.6 | 156/852 | 0 | PASS | não |
| 2 | S2 S3 | 0 | 40/0/0 | 80 | 203 (43) | 14146.5 | 249/759 | 0 | PASS | não |
| 3 | S4 S5 | 0 | 0/20/10 | 80 | 243 (67) | 16984.8 | 284/724 | 0 | PASS | não |
| 4 | S6 | 0 | 30/0/0 | 110 | 150 (38) | 10535.3 | 319/689 | 0 | PASS | não |
| **total** | | | | | **798 (190)** | 55775.2 | 1008/3024 | 0 | | |

Fim de cada ciclo no relógio comum (o **último** nó a terminar), ms: 5881.8, 10022.7, 14154.2, 18283.1, 22416.1

Tempo por passo: ciclo 1 **133.68 ms**; ciclos 2–5 **93.94 ms**

Verificação cruzada com o supervisor MONOLÍTICO: **off**

## Verificações

| verificação | esperado | obtido | |
|---|---|---|---|
| config fingerprint | 457cc268 | 457cc268 | ✅ |
| decryptions, whole cell | 798 | 798 | ✅ |
| decryptions, whole cell, cycle 1 | 190 | 190 | ✅ |
| outcome | complete | complete | ✅ |
| same fingerprint on every node | 1 | 1 | ✅ |
| oracle PASS on every node | True | True | ✅ |
| crypto self-test PASS on every node | True | True | ✅ |

**TODAS AS VERIFICAÇÕES PASSARAM**


################ fms-4-host  (repetição 3/5)
== build skipped (DES_SKIP_BUILD=1): using the existing image
== run (host): node1 node2 node3 node4
 Container docker-des-node4-1 Creating 
 Container docker-des-node2-1 Creating 
 Container docker-des-node1-1 Creating 
 Container docker-des-node3-1 Creating 
 Container docker-des-node4-1 Created 
 Container docker-des-node2-1 Created 
 Container docker-des-node3-1 Created 
 Container docker-des-node1-1 Created 
 Container docker-des-node1-1 Starting 
 Container docker-des-node2-1 Starting 
 Container docker-des-node3-1 Starting 
 Container docker-des-node4-1 Starting 
 Container docker-des-node1-1 Started 
 Container docker-des-node2-1 Started 
 Container docker-des-node3-1 Started 
 Container docker-des-node4-1 Started 
== collect -> results/20260928-002448-varredura/20260928-004937-fms-4-host
# Execução `20260928-004937-fms-4-host`

- problema `fms`, família `LMOD`, **4 containers**, UDP multicast
- 5 ciclos × 44 passos = 220 passos; **220 executados**, 0 pulados
- impressão digital da configuração: `457cc268`
- RTT de aplicação (nó 1, 20 sondas): média 4.18 ms, mín 2.61, máx 5.30
- resultado: **complete**

| nó | supervisores | saída | disparou (local/ctrl/unctrl) | aplicou p/ pares | decifrações (ciclo 1) | HE total ms | quadros tx/rx | retx | oráculo | halt |
|---|---|---|---|---|---|---|---|---|---|---|
| 1 | S0 S1 | 0 | 40/40/40 | 0 | 202 (42) | 14105.8 | 155/847 | 0 | PASS | não |
| 2 | S2 S3 | 0 | 40/0/0 | 80 | 203 (43) | 14151.1 | 248/754 | 0 | PASS | não |
| 3 | S4 S5 | 0 | 0/20/10 | 80 | 243 (67) | 16981.4 | 284/718 | 0 | PASS | não |
| 4 | S6 | 0 | 30/0/0 | 110 | 150 (38) | 10515.0 | 315/687 | 0 | PASS | não |
| **total** | | | | | **798 (190)** | 55753.3 | 1002/3006 | 0 | | |

Fim de cada ciclo no relógio comum (o **último** nó a terminar), ms: 5860.3, 9986.4, 14113.3, 18241.5, 22372.4

Tempo por passo: ciclo 1 **133.19 ms**; ciclos 2–5 **93.82 ms**

Verificação cruzada com o supervisor MONOLÍTICO: **off**

## Verificações

| verificação | esperado | obtido | |
|---|---|---|---|
| config fingerprint | 457cc268 | 457cc268 | ✅ |
| decryptions, whole cell | 798 | 798 | ✅ |
| decryptions, whole cell, cycle 1 | 190 | 190 | ✅ |
| outcome | complete | complete | ✅ |
| same fingerprint on every node | 1 | 1 | ✅ |
| oracle PASS on every node | True | True | ✅ |
| crypto self-test PASS on every node | True | True | ✅ |

**TODAS AS VERIFICAÇÕES PASSARAM**


################ fms-4-nativo  (repetição 3/5)
== build skipped (DES_SKIP_BUILD=1): using the existing image
== run (nativo, sem Docker): node1 node2 node3 node4
# Execução `20260928-005020-fms-4-nativo`

- problema `fms`, família `LMOD`, **4 containers**, UDP multicast
- 5 ciclos × 44 passos = 220 passos; **220 executados**, 0 pulados
- impressão digital da configuração: `457cc268`
- RTT de aplicação (nó 1, 20 sondas): média 3.66 ms, mín 2.49, máx 4.66
- resultado: **complete**

| nó | supervisores | saída | disparou (local/ctrl/unctrl) | aplicou p/ pares | decifrações (ciclo 1) | HE total ms | quadros tx/rx | retx | oráculo | halt |
|---|---|---|---|---|---|---|---|---|---|---|
| 1 | S0 S1 | 0 | 40/40/40 | 0 | 202 (42) | 14108.7 | 154/848 | 0 | PASS | não |
| 2 | S2 S3 | 0 | 40/0/0 | 80 | 203 (43) | 14154.5 | 248/754 | 0 | PASS | não |
| 3 | S4 S5 | 0 | 0/20/10 | 80 | 243 (67) | 16976.7 | 284/718 | 0 | PASS | não |
| 4 | S6 | 0 | 30/0/0 | 110 | 150 (38) | 10530.3 | 316/686 | 0 | PASS | não |
| **total** | | | | | **798 (190)** | 55770.2 | 1002/3006 | 0 | | |

Fim de cada ciclo no relógio comum (o **último** nó a terminar), ms: 5847.4, 9970.7, 14094.4, 18227.3, 22341.2

Tempo por passo: ciclo 1 **132.90 ms**; ciclos 2–5 **93.71 ms**

Verificação cruzada com o supervisor MONOLÍTICO: **off**

## Verificações

| verificação | esperado | obtido | |
|---|---|---|---|
| config fingerprint | 457cc268 | 457cc268 | ✅ |
| decryptions, whole cell | 798 | 798 | ✅ |
| decryptions, whole cell, cycle 1 | 190 | 190 | ✅ |
| outcome | complete | complete | ✅ |
| same fingerprint on every node | 1 | 1 | ✅ |
| oracle PASS on every node | True | True | ✅ |
| crypto self-test PASS on every node | True | True | ✅ |

**TODAS AS VERIFICAÇÕES PASSARAM**


################ fms-7-ponte  (repetição 3/5)
== build skipped (DES_SKIP_BUILD=1): using the existing image
== run (ponte): node1 node2 node3 node4 node5 node6 node7
 Network docker-des_cell Creating 
 Network docker-des_cell Creating 
 Network docker-des_cell Created 
 Network docker-des_cell Created 
 Container docker-des-node7-1 Creating 
 Container docker-des-node5-1 Creating 
 Container docker-des-node6-1 Creating 
 Container docker-des-node3-1 Creating 
 Container docker-des-node1-1 Creating 
 Container docker-des-node2-1 Creating 
 Container docker-des-node4-1 Creating 
 Container docker-des-node5-1 Created 
 Container docker-des-node6-1 Created 
 Container docker-des-node2-1 Created 
 Container docker-des-node4-1 Created 
 Container docker-des-node1-1 Created 
 Container docker-des-node3-1 Created 
 Container docker-des-node7-1 Created 
 Container docker-des-node5-1 Starting 
 Container docker-des-node4-1 Starting 
 Container docker-des-node3-1 Starting 
 Container docker-des-node2-1 Starting 
 Container docker-des-node7-1 Starting 
 Container docker-des-node1-1 Starting 
 Container docker-des-node6-1 Starting 
 Container docker-des-node5-1 Started 
 Container docker-des-node4-1 Started 
 Container docker-des-node3-1 Started 
 Container docker-des-node2-1 Started 
 Container docker-des-node7-1 Started 
 Container docker-des-node1-1 Started 
 Container docker-des-node6-1 Started 
== collect -> results/20260928-002448-varredura/20260928-005058-fms-7-ponte
# Execução `20260928-005058-fms-7-ponte`

- problema `fms`, família `LMOD`, **7 containers**, UDP multicast
- 5 ciclos × 44 passos = 220 passos; **220 executados**, 0 pulados
- impressão digital da configuração: `04511541`
- RTT de aplicação (nó 1, 20 sondas): média 7.17 ms, mín 3.09, máx 52.70
- resultado: **complete**

| nó | supervisores | saída | disparou (local/ctrl/unctrl) | aplicou p/ pares | decifrações (ciclo 1) | HE total ms | quadros tx/rx | retx | oráculo | halt |
|---|---|---|---|---|---|---|---|---|---|---|
| 1 | S0 | 0 | 20/40/40 | 0 | 101 (21) | 7039.2 | 161/1694 | 0 | PASS | não |
| 2 | S1 | 0 | 20/0/0 | 80 | 101 (21) | 7033.5 | 250/1605 | 0 | PASS | não |
| 3 | S2 | 0 | 20/0/0 | 80 | 100 (20) | 6962.1 | 251/1604 | 0 | PASS | não |
| 4 | S3 | 0 | 20/0/0 | 80 | 103 (23) | 7173.1 | 251/1604 | 0 | PASS | não |
| 5 | S4 | 0 | 0/20/10 | 80 | 114 (26) | 7943.3 | 296/1559 | 0 | PASS | não |
| 6 | S5 | 0 | 0/0/0 | 110 | 129 (41) | 8985.4 | 326/1529 | 0 | PASS | não |
| 7 | S6 | 0 | 30/0/0 | 110 | 150 (38) | 10468.9 | 320/1535 | 0 | PASS | não |
| **total** | | | | | **798 (190)** | 55605.5 | 1855/11130 | 0 | | |

Fim de cada ciclo no relógio comum (o **último** nó a terminar), ms: 3878.1, 6539.8, 9237.4, 11951.2, 14664.4

Tempo por passo: ciclo 1 **88.14 ms**; ciclos 2–5 **61.29 ms**

Verificação cruzada com o supervisor MONOLÍTICO: **off**

## Verificações

| verificação | esperado | obtido | |
|---|---|---|---|
| config fingerprint | 04511541 | 04511541 | ✅ |
| decryptions, whole cell | 798 | 798 | ✅ |
| decryptions, whole cell, cycle 1 | 190 | 190 | ✅ |
| outcome | complete | complete | ✅ |
| same fingerprint on every node | 1 | 1 | ✅ |
| oracle PASS on every node | True | True | ✅ |
| crypto self-test PASS on every node | True | True | ✅ |

**TODAS AS VERIFICAÇÕES PASSARAM**


################ fms-7-host  (repetição 3/5)
== build skipped (DES_SKIP_BUILD=1): using the existing image
== run (host): node1 node2 node3 node4 node5 node6 node7
 Container docker-des-node7-1 Creating 
 Container docker-des-node3-1 Creating 
 Container docker-des-node2-1 Creating 
 Container docker-des-node5-1 Creating 
 Container docker-des-node1-1 Creating 
 Container docker-des-node4-1 Creating 
 Container docker-des-node6-1 Creating 
 Container docker-des-node6-1 Created 
 Container docker-des-node2-1 Created 
 Container docker-des-node4-1 Created 
 Container docker-des-node1-1 Created 
 Container docker-des-node3-1 Created 
 Container docker-des-node5-1 Created 
 Container docker-des-node7-1 Created 
 Container docker-des-node1-1 Starting 
 Container docker-des-node4-1 Starting 
 Container docker-des-node3-1 Starting 
 Container docker-des-node6-1 Starting 
 Container docker-des-node2-1 Starting 
 Container docker-des-node5-1 Starting 
 Container docker-des-node7-1 Starting 
 Container docker-des-node1-1 Started 
 Container docker-des-node4-1 Started 
 Container docker-des-node3-1 Started 
 Container docker-des-node6-1 Started 
 Container docker-des-node2-1 Started 
 Container docker-des-node5-1 Started 
 Container docker-des-node7-1 Started 
== collect -> results/20260928-002448-varredura/20260928-005135-fms-7-host
# Execução `20260928-005135-fms-7-host`

- problema `fms`, família `LMOD`, **7 containers**, UDP multicast
- 5 ciclos × 44 passos = 220 passos; **220 executados**, 0 pulados
- impressão digital da configuração: `04511541`
- RTT de aplicação (nó 1, 20 sondas): média 10.27 ms, mín 4.15, máx 117.00
- resultado: **complete**

| nó | supervisores | saída | disparou (local/ctrl/unctrl) | aplicou p/ pares | decifrações (ciclo 1) | HE total ms | quadros tx/rx | retx | oráculo | halt |
|---|---|---|---|---|---|---|---|---|---|---|
| 1 | S0 | 0 | 20/40/40 | 0 | 101 (21) | 7056.8 | 166/1701 | 0 | PASS | não |
| 2 | S1 | 0 | 20/0/0 | 80 | 101 (21) | 7051.3 | 251/1616 | 0 | PASS | não |
| 3 | S2 | 0 | 20/0/0 | 80 | 100 (20) | 6979.7 | 253/1614 | 0 | PASS | não |
| 4 | S3 | 0 | 20/0/0 | 80 | 103 (23) | 7193.0 | 253/1614 | 0 | PASS | não |
| 5 | S4 | 0 | 0/20/10 | 80 | 114 (26) | 7976.6 | 294/1573 | 0 | PASS | não |
| 6 | S5 | 0 | 0/0/0 | 110 | 129 (41) | 9039.8 | 330/1537 | 0 | PASS | não |
| 7 | S6 | 0 | 30/0/0 | 110 | 150 (38) | 10560.2 | 320/1547 | 0 | PASS | não |
| **total** | | | | | **798 (190)** | 55857.4 | 1867/11202 | 0 | | |

Fim de cada ciclo no relógio comum (o **último** nó a terminar), ms: 3968.6, 6666.8, 9356.1, 12043.7, 14736.2

Tempo por passo: ciclo 1 **90.20 ms**; ciclos 2–5 **61.18 ms**

Verificação cruzada com o supervisor MONOLÍTICO: **off**

## Verificações

| verificação | esperado | obtido | |
|---|---|---|---|
| config fingerprint | 04511541 | 04511541 | ✅ |
| decryptions, whole cell | 798 | 798 | ✅ |
| decryptions, whole cell, cycle 1 | 190 | 190 | ✅ |
| outcome | complete | complete | ✅ |
| same fingerprint on every node | 1 | 1 | ✅ |
| oracle PASS on every node | True | True | ✅ |
| crypto self-test PASS on every node | True | True | ✅ |

**TODAS AS VERIFICAÇÕES PASSARAM**


################ fms-7-nativo  (repetição 3/5)
== build skipped (DES_SKIP_BUILD=1): using the existing image
== run (nativo, sem Docker): node1 node2 node3 node4 node5 node6 node7
# Execução `20260928-005213-fms-7-nativo`

- problema `fms`, família `LMOD`, **7 containers**, UDP multicast
- 5 ciclos × 44 passos = 220 passos; **220 executados**, 0 pulados
- impressão digital da configuração: `04511541`
- RTT de aplicação (nó 1, 20 sondas): média 11.34 ms, mín 2.92, máx 144.71
- resultado: **complete**

| nó | supervisores | saída | disparou (local/ctrl/unctrl) | aplicou p/ pares | decifrações (ciclo 1) | HE total ms | quadros tx/rx | retx | oráculo | halt |
|---|---|---|---|---|---|---|---|---|---|---|
| 1 | S0 | 0 | 20/40/40 | 0 | 101 (21) | 7063.8 | 162/1691 | 0 | PASS | não |
| 2 | S1 | 0 | 20/0/0 | 80 | 101 (21) | 7052.1 | 250/1603 | 0 | PASS | não |
| 3 | S2 | 0 | 20/0/0 | 80 | 100 (20) | 6983.2 | 250/1603 | 0 | PASS | não |
| 4 | S3 | 0 | 20/0/0 | 80 | 103 (23) | 7197.2 | 250/1603 | 0 | PASS | não |
| 5 | S4 | 0 | 0/20/10 | 80 | 114 (26) | 7984.7 | 293/1560 | 0 | PASS | não |
| 6 | S5 | 0 | 0/0/0 | 110 | 129 (41) | 9038.7 | 328/1525 | 0 | PASS | não |
| 7 | S6 | 0 | 30/0/0 | 110 | 150 (38) | 10562.0 | 320/1533 | 0 | PASS | não |
| **total** | | | | | **798 (190)** | 55881.7 | 1853/11118 | 0 | | |

Fim de cada ciclo no relógio comum (o **último** nó a terminar), ms: 3971.9, 6663.2, 9361.5, 12052.3, 14758.3

Tempo por passo: ciclo 1 **90.27 ms**; ciclos 2–5 **61.29 ms**

Verificação cruzada com o supervisor MONOLÍTICO: **off**

## Verificações

| verificação | esperado | obtido | |
|---|---|---|---|
| config fingerprint | 04511541 | 04511541 | ✅ |
| decryptions, whole cell | 798 | 798 | ✅ |
| decryptions, whole cell, cycle 1 | 190 | 190 | ✅ |
| outcome | complete | complete | ✅ |
| same fingerprint on every node | 1 | 1 | ✅ |
| oracle PASS on every node | True | True | ✅ |
| crypto self-test PASS on every node | True | True | ✅ |

**TODAS AS VERIFICAÇÕES PASSARAM**


################ fms-1-ponte  (repetição 4/5)
== build skipped (DES_SKIP_BUILD=1): using the existing image
== run (ponte): node1
 Network docker-des_cell Creating 
 Network docker-des_cell Creating 
 Network docker-des_cell Created 
 Network docker-des_cell Created 
 Container docker-des-node1-1 Creating 
 Container docker-des-node1-1 Created 
 Container docker-des-node1-1 Starting 
 Container docker-des-node1-1 Started 
== collect -> results/20260928-002448-varredura/20260928-005243-fms-1-ponte
# Execução `20260928-005243-fms-1-ponte`

- problema `fms`, família `LMOD`, **1 containers**, UDP multicast
- 5 ciclos × 44 passos = 220 passos; **220 executados**, 0 pulados
- impressão digital da configuração: `3f2beff2`
- resultado: **complete**

| nó | supervisores | saída | disparou (local/ctrl/unctrl) | aplicou p/ pares | decifrações (ciclo 1) | HE total ms | quadros tx/rx | retx | oráculo | halt |
|---|---|---|---|---|---|---|---|---|---|---|
| 1 | S0 S1 S2 S3 S4 S5 S6 | 0 | 220/0/0 | 0 | 798 (190) | 55883.1 | 0/0 | 0 | PASS | não |
| **total** | | | | | **798 (190)** | 55883.1 | 0/0 | 0 | | |

Fim de cada ciclo no relógio comum (o **último** nó a terminar), ms: 13413.3, 24038.6, 34675.2, 45307.3, 55936.3

Tempo por passo: ciclo 1 **304.85 ms**; ciclos 2–5 **241.61 ms**

Verificação cruzada com o supervisor MONOLÍTICO: **off**

## Verificações

| verificação | esperado | obtido | |
|---|---|---|---|
| config fingerprint | 3f2beff2 | 3f2beff2 | ✅ |
| decryptions, whole cell | 798 | 798 | ✅ |
| decryptions, whole cell, cycle 1 | 190 | 190 | ✅ |
| outcome | complete | complete | ✅ |
| same fingerprint on every node | 1 | 1 | ✅ |
| oracle PASS on every node | True | True | ✅ |
| crypto self-test PASS on every node | True | True | ✅ |

**TODAS AS VERIFICAÇÕES PASSARAM**


################ fms-1-nativo  (repetição 4/5)
== build skipped (DES_SKIP_BUILD=1): using the existing image
== run (nativo, sem Docker): node1
# Execução `20260928-005359-fms-1-nativo`

- problema `fms`, família `LMOD`, **1 containers**, UDP multicast
- 5 ciclos × 44 passos = 220 passos; **220 executados**, 0 pulados
- impressão digital da configuração: `3f2beff2`
- resultado: **complete**

| nó | supervisores | saída | disparou (local/ctrl/unctrl) | aplicou p/ pares | decifrações (ciclo 1) | HE total ms | quadros tx/rx | retx | oráculo | halt |
|---|---|---|---|---|---|---|---|---|---|---|
| 1 | S0 S1 S2 S3 S4 S5 S6 | 0 | 220/0/0 | 0 | 798 (190) | 55799.7 | 0/0 | 0 | PASS | não |
| **total** | | | | | **798 (190)** | 55799.7 | 0/0 | 0 | | |

Fim de cada ciclo no relógio comum (o **último** nó a terminar), ms: 13356.0, 23960.0, 34580.8, 45208.5, 55839.0

Tempo por passo: ciclo 1 **303.55 ms**; ciclos 2–5 **241.38 ms**

Verificação cruzada com o supervisor MONOLÍTICO: **off**

## Verificações

| verificação | esperado | obtido | |
|---|---|---|---|
| config fingerprint | 3f2beff2 | 3f2beff2 | ✅ |
| decryptions, whole cell | 798 | 798 | ✅ |
| decryptions, whole cell, cycle 1 | 190 | 190 | ✅ |
| outcome | complete | complete | ✅ |
| same fingerprint on every node | 1 | 1 | ✅ |
| oracle PASS on every node | True | True | ✅ |
| crypto self-test PASS on every node | True | True | ✅ |

**TODAS AS VERIFICAÇÕES PASSARAM**


################ fms-2-ponte  (repetição 4/5)
== build skipped (DES_SKIP_BUILD=1): using the existing image
== run (ponte): node1 node2
 Network docker-des_cell Creating 
 Network docker-des_cell Creating 
 Network docker-des_cell Created 
 Network docker-des_cell Created 
 Container docker-des-node2-1 Creating 
 Container docker-des-node1-1 Creating 
 Container docker-des-node1-1 Created 
 Container docker-des-node2-1 Created 
 Container docker-des-node2-1 Starting 
 Container docker-des-node1-1 Starting 
 Container docker-des-node2-1 Started 
 Container docker-des-node1-1 Started 
== collect -> results/20260928-002448-varredura/20260928-005513-fms-2-ponte
# Execução `20260928-005513-fms-2-ponte`

- problema `fms`, família `LMOD`, **2 containers**, UDP multicast
- 5 ciclos × 44 passos = 220 passos; **220 executados**, 0 pulados
- impressão digital da configuração: `edbd7971`
- RTT de aplicação (nó 1, 20 sondas): média 4.49 ms, mín 2.35, máx 6.00
- resultado: **complete**

| nó | supervisores | saída | disparou (local/ctrl/unctrl) | aplicou p/ pares | decifrações (ciclo 1) | HE total ms | quadros tx/rx | retx | oráculo | halt |
|---|---|---|---|---|---|---|---|---|---|---|
| 1 | S0 S1 S2 S3 | 0 | 80/40/40 | 0 | 405 (85) | 28291.5 | 149/230 | 0 | PASS | não |
| 2 | S4 S5 S6 | 0 | 60/0/0 | 80 | 393 (105) | 27517.6 | 230/149 | 0 | PASS | não |
| **total** | | | | | **798 (190)** | 55809.1 | 379/379 | 0 | | |

Fim de cada ciclo no relógio comum (o **último** nó a terminar), ms: 8650.6, 15219.7, 21787.3, 28341.1, 34910.3

Tempo por passo: ciclo 1 **196.60 ms**; ciclos 2–5 **149.20 ms**

Verificação cruzada com o supervisor MONOLÍTICO: **off**

## Verificações

| verificação | esperado | obtido | |
|---|---|---|---|
| config fingerprint | edbd7971 | edbd7971 | ✅ |
| decryptions, whole cell | 798 | 798 | ✅ |
| decryptions, whole cell, cycle 1 | 190 | 190 | ✅ |
| outcome | complete | complete | ✅ |
| same fingerprint on every node | 1 | 1 | ✅ |
| oracle PASS on every node | True | True | ✅ |
| crypto self-test PASS on every node | True | True | ✅ |

**TODAS AS VERIFICAÇÕES PASSARAM**


################ fms-2-host  (repetição 4/5)
== build skipped (DES_SKIP_BUILD=1): using the existing image
== run (host): node1 node2
 Container docker-des-node2-1 Creating 
 Container docker-des-node1-1 Creating 
 Container docker-des-node1-1 Created 
 Container docker-des-node2-1 Created 
 Container docker-des-node2-1 Starting 
 Container docker-des-node1-1 Starting 
 Container docker-des-node2-1 Started 
 Container docker-des-node1-1 Started 
== collect -> results/20260928-002448-varredura/20260928-005609-fms-2-host
# Execução `20260928-005609-fms-2-host`

- problema `fms`, família `LMOD`, **2 containers**, UDP multicast
- 5 ciclos × 44 passos = 220 passos; **220 executados**, 0 pulados
- impressão digital da configuração: `edbd7971`
- RTT de aplicação (nó 1, 20 sondas): média 3.82 ms, mín 1.57, máx 5.44
- resultado: **complete**

| nó | supervisores | saída | disparou (local/ctrl/unctrl) | aplicou p/ pares | decifrações (ciclo 1) | HE total ms | quadros tx/rx | retx | oráculo | halt |
|---|---|---|---|---|---|---|---|---|---|---|
| 1 | S0 S1 S2 S3 | 0 | 80/40/40 | 0 | 405 (85) | 28328.9 | 149/230 | 0 | PASS | não |
| 2 | S4 S5 S6 | 0 | 60/0/0 | 80 | 393 (105) | 27518.8 | 230/149 | 0 | PASS | não |
| **total** | | | | | **798 (190)** | 55847.7 | 379/379 | 0 | | |

Fim de cada ciclo no relógio comum (o **último** nó a terminar), ms: 8649.4, 15230.9, 21805.4, 28379.1, 34947.4

Tempo por passo: ciclo 1 **196.58 ms**; ciclos 2–5 **149.42 ms**

Verificação cruzada com o supervisor MONOLÍTICO: **off**

## Verificações

| verificação | esperado | obtido | |
|---|---|---|---|
| config fingerprint | edbd7971 | edbd7971 | ✅ |
| decryptions, whole cell | 798 | 798 | ✅ |
| decryptions, whole cell, cycle 1 | 190 | 190 | ✅ |
| outcome | complete | complete | ✅ |
| same fingerprint on every node | 1 | 1 | ✅ |
| oracle PASS on every node | True | True | ✅ |
| crypto self-test PASS on every node | True | True | ✅ |

**TODAS AS VERIFICAÇÕES PASSARAM**


################ fms-2-nativo  (repetição 4/5)
== build skipped (DES_SKIP_BUILD=1): using the existing image
== run (nativo, sem Docker): node1 node2
# Execução `20260928-005704-fms-2-nativo`

- problema `fms`, família `LMOD`, **2 containers**, UDP multicast
- 5 ciclos × 44 passos = 220 passos; **220 executados**, 0 pulados
- impressão digital da configuração: `edbd7971`
- RTT de aplicação (nó 1, 20 sondas): média 4.18 ms, mín 2.29, máx 5.80
- resultado: **complete**

| nó | supervisores | saída | disparou (local/ctrl/unctrl) | aplicou p/ pares | decifrações (ciclo 1) | HE total ms | quadros tx/rx | retx | oráculo | halt |
|---|---|---|---|---|---|---|---|---|---|---|
| 1 | S0 S1 S2 S3 | 0 | 80/40/40 | 0 | 405 (85) | 28287.2 | 149/230 | 0 | PASS | não |
| 2 | S4 S5 S6 | 0 | 60/0/0 | 80 | 393 (105) | 27490.6 | 230/149 | 0 | PASS | não |
| **total** | | | | | **798 (190)** | 55777.8 | 379/379 | 0 | | |

Fim de cada ciclo no relógio comum (o **último** nó a terminar), ms: 8613.9, 15178.7, 21753.6, 28317.7, 34883.8

Tempo por passo: ciclo 1 **195.77 ms**; ciclos 2–5 **149.26 ms**

Verificação cruzada com o supervisor MONOLÍTICO: **off**

## Verificações

| verificação | esperado | obtido | |
|---|---|---|---|
| config fingerprint | edbd7971 | edbd7971 | ✅ |
| decryptions, whole cell | 798 | 798 | ✅ |
| decryptions, whole cell, cycle 1 | 190 | 190 | ✅ |
| outcome | complete | complete | ✅ |
| same fingerprint on every node | 1 | 1 | ✅ |
| oracle PASS on every node | True | True | ✅ |
| crypto self-test PASS on every node | True | True | ✅ |

**TODAS AS VERIFICAÇÕES PASSARAM**


################ fms-4-ponte  (repetição 4/5)
== build skipped (DES_SKIP_BUILD=1): using the existing image
== run (ponte): node1 node2 node3 node4
 Network docker-des_cell Creating 
 Network docker-des_cell Creating 
 Network docker-des_cell Created 
 Network docker-des_cell Created 
 Container docker-des-node4-1 Creating 
 Container docker-des-node3-1 Creating 
 Container docker-des-node1-1 Creating 
 Container docker-des-node2-1 Creating 
 Container docker-des-node2-1 Created 
 Container docker-des-node3-1 Created 
 Container docker-des-node1-1 Created 
 Container docker-des-node4-1 Created 
 Container docker-des-node3-1 Starting 
 Container docker-des-node4-1 Starting 
 Container docker-des-node1-1 Starting 
 Container docker-des-node2-1 Starting 
 Container docker-des-node3-1 Started 
 Container docker-des-node4-1 Started 
 Container docker-des-node1-1 Started 
 Container docker-des-node2-1 Started 
== collect -> results/20260928-002448-varredura/20260928-005756-fms-4-ponte
# Execução `20260928-005756-fms-4-ponte`

- problema `fms`, família `LMOD`, **4 containers**, UDP multicast
- 5 ciclos × 44 passos = 220 passos; **220 executados**, 0 pulados
- impressão digital da configuração: `457cc268`
- RTT de aplicação (nó 1, 20 sondas): média 4.21 ms, mín 2.60, máx 5.46
- resultado: **complete**

| nó | supervisores | saída | disparou (local/ctrl/unctrl) | aplicou p/ pares | decifrações (ciclo 1) | HE total ms | quadros tx/rx | retx | oráculo | halt |
|---|---|---|---|---|---|---|---|---|---|---|
| 1 | S0 S1 | 0 | 40/40/40 | 0 | 202 (42) | 14092.3 | 153/846 | 0 | PASS | não |
| 2 | S2 S3 | 0 | 40/0/0 | 80 | 203 (43) | 14139.7 | 246/753 | 0 | PASS | não |
| 3 | S4 S5 | 0 | 0/20/10 | 80 | 243 (67) | 16959.0 | 284/715 | 0 | PASS | não |
| 4 | S6 | 0 | 30/0/0 | 110 | 150 (38) | 10521.7 | 316/683 | 0 | PASS | não |
| **total** | | | | | **798 (190)** | 55712.7 | 999/2997 | 0 | | |

Fim de cada ciclo no relógio comum (o **último** nó a terminar), ms: 5823.5, 9939.1, 14062.7, 18203.5, 22345.0

Tempo por passo: ciclo 1 **132.35 ms**; ciclos 2–5 **93.87 ms**

Verificação cruzada com o supervisor MONOLÍTICO: **off**

## Verificações

| verificação | esperado | obtido | |
|---|---|---|---|
| config fingerprint | 457cc268 | 457cc268 | ✅ |
| decryptions, whole cell | 798 | 798 | ✅ |
| decryptions, whole cell, cycle 1 | 190 | 190 | ✅ |
| outcome | complete | complete | ✅ |
| same fingerprint on every node | 1 | 1 | ✅ |
| oracle PASS on every node | True | True | ✅ |
| crypto self-test PASS on every node | True | True | ✅ |

**TODAS AS VERIFICAÇÕES PASSARAM**


################ fms-4-host  (repetição 4/5)
== build skipped (DES_SKIP_BUILD=1): using the existing image
== run (host): node1 node2 node3 node4
 Container docker-des-node4-1 Creating 
 Container docker-des-node2-1 Creating 
 Container docker-des-node3-1 Creating 
 Container docker-des-node1-1 Creating 
 Container docker-des-node1-1 Created 
 Container docker-des-node3-1 Created 
 Container docker-des-node2-1 Created 
 Container docker-des-node4-1 Created 
 Container docker-des-node4-1 Starting 
 Container docker-des-node1-1 Starting 
 Container docker-des-node3-1 Starting 
 Container docker-des-node2-1 Starting 
 Container docker-des-node4-1 Started 
 Container docker-des-node1-1 Started 
 Container docker-des-node3-1 Started 
 Container docker-des-node2-1 Started 
== collect -> results/20260928-002448-varredura/20260928-005838-fms-4-host
# Execução `20260928-005838-fms-4-host`

- problema `fms`, família `LMOD`, **4 containers**, UDP multicast
- 5 ciclos × 44 passos = 220 passos; **220 executados**, 0 pulados
- impressão digital da configuração: `457cc268`
- RTT de aplicação (nó 1, 20 sondas): média 4.36 ms, mín 2.58, máx 4.94
- resultado: **complete**

| nó | supervisores | saída | disparou (local/ctrl/unctrl) | aplicou p/ pares | decifrações (ciclo 1) | HE total ms | quadros tx/rx | retx | oráculo | halt |
|---|---|---|---|---|---|---|---|---|---|---|
| 1 | S0 S1 | 0 | 40/40/40 | 0 | 202 (42) | 14105.6 | 155/849 | 0 | PASS | não |
| 2 | S2 S3 | 0 | 40/0/0 | 80 | 203 (43) | 14144.9 | 247/757 | 0 | PASS | não |
| 3 | S4 S5 | 0 | 0/20/10 | 80 | 243 (67) | 16983.5 | 284/720 | 0 | PASS | não |
| 4 | S6 | 0 | 30/0/0 | 110 | 150 (38) | 10509.3 | 318/686 | 0 | PASS | não |
| **total** | | | | | **798 (190)** | 55743.3 | 1004/3012 | 0 | | |

Fim de cada ciclo no relógio comum (o **último** nó a terminar), ms: 5845.6, 9970.9, 14102.2, 18227.9, 22357.3

Tempo por passo: ciclo 1 **132.85 ms**; ciclos 2–5 **93.82 ms**

Verificação cruzada com o supervisor MONOLÍTICO: **off**

## Verificações

| verificação | esperado | obtido | |
|---|---|---|---|
| config fingerprint | 457cc268 | 457cc268 | ✅ |
| decryptions, whole cell | 798 | 798 | ✅ |
| decryptions, whole cell, cycle 1 | 190 | 190 | ✅ |
| outcome | complete | complete | ✅ |
| same fingerprint on every node | 1 | 1 | ✅ |
| oracle PASS on every node | True | True | ✅ |
| crypto self-test PASS on every node | True | True | ✅ |

**TODAS AS VERIFICAÇÕES PASSARAM**


################ fms-4-nativo  (repetição 4/5)
== build skipped (DES_SKIP_BUILD=1): using the existing image
== run (nativo, sem Docker): node1 node2 node3 node4
# Execução `20260928-005920-fms-4-nativo`

- problema `fms`, família `LMOD`, **4 containers**, UDP multicast
- 5 ciclos × 44 passos = 220 passos; **220 executados**, 0 pulados
- impressão digital da configuração: `457cc268`
- RTT de aplicação (nó 1, 20 sondas): média 3.62 ms, mín 2.35, máx 4.86
- resultado: **complete**

| nó | supervisores | saída | disparou (local/ctrl/unctrl) | aplicou p/ pares | decifrações (ciclo 1) | HE total ms | quadros tx/rx | retx | oráculo | halt |
|---|---|---|---|---|---|---|---|---|---|---|
| 1 | S0 S1 | 0 | 40/40/40 | 0 | 202 (42) | 14113.3 | 154/847 | 0 | PASS | não |
| 2 | S2 S3 | 0 | 40/0/0 | 80 | 203 (43) | 14149.9 | 247/754 | 0 | PASS | não |
| 3 | S4 S5 | 0 | 0/20/10 | 80 | 243 (67) | 16978.3 | 284/717 | 0 | PASS | não |
| 4 | S6 | 0 | 30/0/0 | 110 | 150 (38) | 10527.6 | 316/685 | 0 | PASS | não |
| **total** | | | | | **798 (190)** | 55769.1 | 1001/3003 | 0 | | |

Fim de cada ciclo no relógio comum (o **último** nó a terminar), ms: 5842.8, 9967.0, 14114.4, 18230.7, 22358.5

Tempo por passo: ciclo 1 **132.79 ms**; ciclos 2–5 **93.84 ms**

Verificação cruzada com o supervisor MONOLÍTICO: **off**

## Verificações

| verificação | esperado | obtido | |
|---|---|---|---|
| config fingerprint | 457cc268 | 457cc268 | ✅ |
| decryptions, whole cell | 798 | 798 | ✅ |
| decryptions, whole cell, cycle 1 | 190 | 190 | ✅ |
| outcome | complete | complete | ✅ |
| same fingerprint on every node | 1 | 1 | ✅ |
| oracle PASS on every node | True | True | ✅ |
| crypto self-test PASS on every node | True | True | ✅ |

**TODAS AS VERIFICAÇÕES PASSARAM**


################ fms-7-ponte  (repetição 4/5)
== build skipped (DES_SKIP_BUILD=1): using the existing image
== run (ponte): node1 node2 node3 node4 node5 node6 node7
 Network docker-des_cell Creating 
 Network docker-des_cell Creating 
 Network docker-des_cell Created 
 Network docker-des_cell Created 
 Container docker-des-node7-1 Creating 
 Container docker-des-node5-1 Creating 
 Container docker-des-node1-1 Creating 
 Container docker-des-node6-1 Creating 
 Container docker-des-node3-1 Creating 
 Container docker-des-node4-1 Creating 
 Container docker-des-node2-1 Creating 
 Container docker-des-node3-1 Created 
 Container docker-des-node6-1 Created 
 Container docker-des-node1-1 Created 
 Container docker-des-node5-1 Created 
 Container docker-des-node4-1 Created 
 Container docker-des-node7-1 Created 
 Container docker-des-node2-1 Created 
 Container docker-des-node1-1 Starting 
 Container docker-des-node4-1 Starting 
 Container docker-des-node3-1 Starting 
 Container docker-des-node6-1 Starting 
 Container docker-des-node2-1 Starting 
 Container docker-des-node5-1 Starting 
 Container docker-des-node7-1 Starting 
 Container docker-des-node1-1 Started 
 Container docker-des-node4-1 Started 
 Container docker-des-node3-1 Started 
 Container docker-des-node6-1 Started 
 Container docker-des-node2-1 Started 
 Container docker-des-node5-1 Started 
 Container docker-des-node7-1 Started 
== collect -> results/20260928-002448-varredura/20260928-005958-fms-7-ponte
# Execução `20260928-005958-fms-7-ponte`

- problema `fms`, família `LMOD`, **7 containers**, UDP multicast
- 5 ciclos × 44 passos = 220 passos; **220 executados**, 0 pulados
- impressão digital da configuração: `04511541`
- RTT de aplicação (nó 1, 20 sondas): média 11.47 ms, mín 3.31, máx 137.77
- resultado: **complete**

| nó | supervisores | saída | disparou (local/ctrl/unctrl) | aplicou p/ pares | decifrações (ciclo 1) | HE total ms | quadros tx/rx | retx | oráculo | halt |
|---|---|---|---|---|---|---|---|---|---|---|
| 1 | S0 | 0 | 20/40/40 | 0 | 101 (21) | 7039.3 | 166/1700 | 0 | PASS | não |
| 2 | S1 | 0 | 20/0/0 | 80 | 101 (21) | 7034.4 | 251/1615 | 0 | PASS | não |
| 3 | S2 | 0 | 20/0/0 | 80 | 100 (20) | 6961.4 | 253/1613 | 0 | PASS | não |
| 4 | S3 | 0 | 20/0/0 | 80 | 103 (23) | 7177.1 | 253/1613 | 0 | PASS | não |
| 5 | S4 | 0 | 0/20/10 | 80 | 114 (26) | 7959.9 | 293/1573 | 0 | PASS | não |
| 6 | S5 | 0 | 0/0/0 | 110 | 129 (41) | 9016.2 | 330/1536 | 0 | PASS | não |
| 7 | S6 | 0 | 30/0/0 | 110 | 150 (38) | 10526.1 | 320/1545 | 0 | PASS | não |
| **total** | | | | | **798 (190)** | 55714.4 | 1866/11195 | 0 | | |

Fim de cada ciclo no relógio comum (o **último** nó a terminar), ms: 3967.6, 6618.6, 9292.0, 11989.6, 14695.3

Tempo por passo: ciclo 1 **90.17 ms**; ciclos 2–5 **60.95 ms**

Verificação cruzada com o supervisor MONOLÍTICO: **off**

## Verificações

| verificação | esperado | obtido | |
|---|---|---|---|
| config fingerprint | 04511541 | 04511541 | ✅ |
| decryptions, whole cell | 798 | 798 | ✅ |
| decryptions, whole cell, cycle 1 | 190 | 190 | ✅ |
| outcome | complete | complete | ✅ |
| same fingerprint on every node | 1 | 1 | ✅ |
| oracle PASS on every node | True | True | ✅ |
| crypto self-test PASS on every node | True | True | ✅ |

**TODAS AS VERIFICAÇÕES PASSARAM**


################ fms-7-host  (repetição 4/5)
== build skipped (DES_SKIP_BUILD=1): using the existing image
== run (host): node1 node2 node3 node4 node5 node6 node7
 Container docker-des-node7-1 Creating 
 Container docker-des-node3-1 Creating 
 Container docker-des-node1-1 Creating 
 Container docker-des-node4-1 Creating 
 Container docker-des-node5-1 Creating 
 Container docker-des-node2-1 Creating 
 Container docker-des-node6-1 Creating 
 Container docker-des-node1-1 Created 
 Container docker-des-node5-1 Created 
 Container docker-des-node6-1 Created 
 Container docker-des-node3-1 Created 
 Container docker-des-node2-1 Created 
 Container docker-des-node7-1 Created 
 Container docker-des-node4-1 Created 
 Container docker-des-node1-1 Starting 
 Container docker-des-node4-1 Starting 
 Container docker-des-node2-1 Starting 
 Container docker-des-node6-1 Starting 
 Container docker-des-node7-1 Starting 
 Container docker-des-node3-1 Starting 
 Container docker-des-node5-1 Starting 
 Container docker-des-node1-1 Started 
 Container docker-des-node4-1 Started 
 Container docker-des-node2-1 Started 
 Container docker-des-node6-1 Started 
 Container docker-des-node7-1 Started 
 Container docker-des-node3-1 Started 
 Container docker-des-node5-1 Started 
== collect -> results/20260928-002448-varredura/20260928-010036-fms-7-host
# Execução `20260928-010036-fms-7-host`

- problema `fms`, família `LMOD`, **7 containers**, UDP multicast
- 5 ciclos × 44 passos = 220 passos; **220 executados**, 0 pulados
- impressão digital da configuração: `04511541`
- RTT de aplicação (nó 1, 20 sondas): média 10.63 ms, mín 2.94, máx 130.79
- resultado: **complete**

| nó | supervisores | saída | disparou (local/ctrl/unctrl) | aplicou p/ pares | decifrações (ciclo 1) | HE total ms | quadros tx/rx | retx | oráculo | halt |
|---|---|---|---|---|---|---|---|---|---|---|
| 1 | S0 | 0 | 20/40/40 | 0 | 101 (21) | 7060.6 | 164/1692 | 0 | PASS | não |
| 2 | S1 | 0 | 20/0/0 | 80 | 101 (21) | 7050.0 | 251/1605 | 0 | PASS | não |
| 3 | S2 | 0 | 20/0/0 | 80 | 100 (20) | 6976.3 | 250/1606 | 0 | PASS | não |
| 4 | S3 | 0 | 20/0/0 | 80 | 103 (23) | 7194.8 | 252/1604 | 0 | PASS | não |
| 5 | S4 | 0 | 0/20/10 | 80 | 114 (26) | 7979.7 | 291/1565 | 0 | PASS | não |
| 6 | S5 | 0 | 0/0/0 | 110 | 129 (41) | 9039.2 | 328/1528 | 0 | PASS | não |
| 7 | S6 | 0 | 30/0/0 | 110 | 150 (38) | 10569.2 | 320/1536 | 0 | PASS | não |
| **total** | | | | | **798 (190)** | 55869.8 | 1856/11136 | 0 | | |

Fim de cada ciclo no relógio comum (o **último** nó a terminar), ms: 3989.9, 6671.2, 9367.7, 12061.1, 14761.8

Tempo por passo: ciclo 1 **90.68 ms**; ciclos 2–5 **61.20 ms**

Verificação cruzada com o supervisor MONOLÍTICO: **off**

## Verificações

| verificação | esperado | obtido | |
|---|---|---|---|
| config fingerprint | 04511541 | 04511541 | ✅ |
| decryptions, whole cell | 798 | 798 | ✅ |
| decryptions, whole cell, cycle 1 | 190 | 190 | ✅ |
| outcome | complete | complete | ✅ |
| same fingerprint on every node | 1 | 1 | ✅ |
| oracle PASS on every node | True | True | ✅ |
| crypto self-test PASS on every node | True | True | ✅ |

**TODAS AS VERIFICAÇÕES PASSARAM**


################ fms-7-nativo  (repetição 4/5)
== build skipped (DES_SKIP_BUILD=1): using the existing image
== run (nativo, sem Docker): node1 node2 node3 node4 node5 node6 node7
# Execução `20260928-010114-fms-7-nativo`

- problema `fms`, família `LMOD`, **7 containers**, UDP multicast
- 5 ciclos × 44 passos = 220 passos; **220 executados**, 0 pulados
- impressão digital da configuração: `04511541`
- RTT de aplicação (nó 1, 20 sondas): média 10.54 ms, mín 4.08, máx 122.74
- resultado: **complete**

| nó | supervisores | saída | disparou (local/ctrl/unctrl) | aplicou p/ pares | decifrações (ciclo 1) | HE total ms | quadros tx/rx | retx | oráculo | halt |
|---|---|---|---|---|---|---|---|---|---|---|
| 1 | S0 | 0 | 20/40/40 | 0 | 101 (21) | 7063.7 | 162/1690 | 0 | PASS | não |
| 2 | S1 | 0 | 20/0/0 | 80 | 101 (21) | 7050.9 | 250/1602 | 0 | PASS | não |
| 3 | S2 | 0 | 20/0/0 | 80 | 100 (20) | 6977.4 | 250/1602 | 0 | PASS | não |
| 4 | S3 | 0 | 20/0/0 | 80 | 103 (23) | 7195.0 | 249/1603 | 0 | PASS | não |
| 5 | S4 | 0 | 0/20/10 | 80 | 114 (26) | 7980.7 | 293/1559 | 0 | PASS | não |
| 6 | S5 | 0 | 0/0/0 | 110 | 129 (41) | 9037.3 | 328/1524 | 0 | PASS | não |
| 7 | S6 | 0 | 30/0/0 | 110 | 150 (38) | 10565.4 | 320/1532 | 0 | PASS | não |
| **total** | | | | | **798 (190)** | 55870.4 | 1852/11112 | 0 | | |

Fim de cada ciclo no relógio comum (o **último** nó a terminar), ms: 3973.8, 6674.0, 9369.0, 12062.0, 14756.9

Tempo por passo: ciclo 1 **90.31 ms**; ciclos 2–5 **61.27 ms**

Verificação cruzada com o supervisor MONOLÍTICO: **off**

## Verificações

| verificação | esperado | obtido | |
|---|---|---|---|
| config fingerprint | 04511541 | 04511541 | ✅ |
| decryptions, whole cell | 798 | 798 | ✅ |
| decryptions, whole cell, cycle 1 | 190 | 190 | ✅ |
| outcome | complete | complete | ✅ |
| same fingerprint on every node | 1 | 1 | ✅ |
| oracle PASS on every node | True | True | ✅ |
| crypto self-test PASS on every node | True | True | ✅ |

**TODAS AS VERIFICAÇÕES PASSARAM**


################ fms-1-ponte  (repetição 5/5)
== build skipped (DES_SKIP_BUILD=1): using the existing image
== run (ponte): node1
 Network docker-des_cell Creating 
 Network docker-des_cell Creating 
 Network docker-des_cell Created 
 Network docker-des_cell Created 
 Container docker-des-node1-1 Creating 
 Container docker-des-node1-1 Created 
 Container docker-des-node1-1 Starting 
 Container docker-des-node1-1 Started 
== collect -> results/20260928-002448-varredura/20260928-010144-fms-1-ponte
# Execução `20260928-010144-fms-1-ponte`

- problema `fms`, família `LMOD`, **1 containers**, UDP multicast
- 5 ciclos × 44 passos = 220 passos; **220 executados**, 0 pulados
- impressão digital da configuração: `3f2beff2`
- resultado: **complete**

| nó | supervisores | saída | disparou (local/ctrl/unctrl) | aplicou p/ pares | decifrações (ciclo 1) | HE total ms | quadros tx/rx | retx | oráculo | halt |
|---|---|---|---|---|---|---|---|---|---|---|
| 1 | S0 S1 S2 S3 S4 S5 S6 | 0 | 220/0/0 | 0 | 798 (190) | 55876.1 | 0/0 | 0 | PASS | não |
| **total** | | | | | **798 (190)** | 55876.1 | 0/0 | 0 | | |

Fim de cada ciclo no relógio comum (o **último** nó a terminar), ms: 13426.2, 24048.3, 34680.4, 45315.9, 55929.4

Tempo por passo: ciclo 1 **305.14 ms**; ciclos 2–5 **241.50 ms**

Verificação cruzada com o supervisor MONOLÍTICO: **off**

## Verificações

| verificação | esperado | obtido | |
|---|---|---|---|
| config fingerprint | 3f2beff2 | 3f2beff2 | ✅ |
| decryptions, whole cell | 798 | 798 | ✅ |
| decryptions, whole cell, cycle 1 | 190 | 190 | ✅ |
| outcome | complete | complete | ✅ |
| same fingerprint on every node | 1 | 1 | ✅ |
| oracle PASS on every node | True | True | ✅ |
| crypto self-test PASS on every node | True | True | ✅ |

**TODAS AS VERIFICAÇÕES PASSARAM**


################ fms-1-nativo  (repetição 5/5)
== build skipped (DES_SKIP_BUILD=1): using the existing image
== run (nativo, sem Docker): node1
# Execução `20260928-010301-fms-1-nativo`

- problema `fms`, família `LMOD`, **1 containers**, UDP multicast
- 5 ciclos × 44 passos = 220 passos; **220 executados**, 0 pulados
- impressão digital da configuração: `3f2beff2`
- resultado: **complete**

| nó | supervisores | saída | disparou (local/ctrl/unctrl) | aplicou p/ pares | decifrações (ciclo 1) | HE total ms | quadros tx/rx | retx | oráculo | halt |
|---|---|---|---|---|---|---|---|---|---|---|
| 1 | S0 S1 S2 S3 S4 S5 S6 | 0 | 220/0/0 | 0 | 798 (190) | 55881.1 | 0/0 | 0 | PASS | não |
| **total** | | | | | **798 (190)** | 55881.1 | 0/0 | 0 | | |

Fim de cada ciclo no relógio comum (o **último** nó a terminar), ms: 13392.4, 24026.2, 34658.8, 45284.7, 55919.6

Tempo por passo: ciclo 1 **304.37 ms**; ciclos 2–5 **241.63 ms**

Verificação cruzada com o supervisor MONOLÍTICO: **off**

## Verificações

| verificação | esperado | obtido | |
|---|---|---|---|
| config fingerprint | 3f2beff2 | 3f2beff2 | ✅ |
| decryptions, whole cell | 798 | 798 | ✅ |
| decryptions, whole cell, cycle 1 | 190 | 190 | ✅ |
| outcome | complete | complete | ✅ |
| same fingerprint on every node | 1 | 1 | ✅ |
| oracle PASS on every node | True | True | ✅ |
| crypto self-test PASS on every node | True | True | ✅ |

**TODAS AS VERIFICAÇÕES PASSARAM**


################ fms-2-ponte  (repetição 5/5)
== build skipped (DES_SKIP_BUILD=1): using the existing image
== run (ponte): node1 node2
 Network docker-des_cell Creating 
 Network docker-des_cell Creating 
 Network docker-des_cell Created 
 Network docker-des_cell Created 
 Container docker-des-node2-1 Creating 
 Container docker-des-node1-1 Creating 
 Container docker-des-node1-1 Created 
 Container docker-des-node2-1 Created 
 Container docker-des-node2-1 Starting 
 Container docker-des-node1-1 Starting 
 Container docker-des-node2-1 Started 
 Container docker-des-node1-1 Started 
== collect -> results/20260928-002448-varredura/20260928-010415-fms-2-ponte
# Execução `20260928-010415-fms-2-ponte`

- problema `fms`, família `LMOD`, **2 containers**, UDP multicast
- 5 ciclos × 44 passos = 220 passos; **220 executados**, 0 pulados
- impressão digital da configuração: `edbd7971`
- RTT de aplicação (nó 1, 20 sondas): média 4.51 ms, mín 2.90, máx 5.31
- resultado: **complete**

| nó | supervisores | saída | disparou (local/ctrl/unctrl) | aplicou p/ pares | decifrações (ciclo 1) | HE total ms | quadros tx/rx | retx | oráculo | halt |
|---|---|---|---|---|---|---|---|---|---|---|
| 1 | S0 S1 S2 S3 | 0 | 80/40/40 | 0 | 405 (85) | 28297.0 | 149/230 | 0 | PASS | não |
| 2 | S4 S5 S6 | 0 | 60/0/0 | 80 | 393 (105) | 27521.7 | 230/149 | 0 | PASS | não |
| **total** | | | | | **798 (190)** | 55818.7 | 379/379 | 0 | | |

Fim de cada ciclo no relógio comum (o **último** nó a terminar), ms: 8653.6, 15228.1, 21797.8, 28373.7, 34949.5

Tempo por passo: ciclo 1 **196.67 ms**; ciclos 2–5 **149.41 ms**

Verificação cruzada com o supervisor MONOLÍTICO: **off**

## Verificações

| verificação | esperado | obtido | |
|---|---|---|---|
| config fingerprint | edbd7971 | edbd7971 | ✅ |
| decryptions, whole cell | 798 | 798 | ✅ |
| decryptions, whole cell, cycle 1 | 190 | 190 | ✅ |
| outcome | complete | complete | ✅ |
| same fingerprint on every node | 1 | 1 | ✅ |
| oracle PASS on every node | True | True | ✅ |
| crypto self-test PASS on every node | True | True | ✅ |

**TODAS AS VERIFICAÇÕES PASSARAM**


################ fms-2-host  (repetição 5/5)
== build skipped (DES_SKIP_BUILD=1): using the existing image
== run (host): node1 node2
 Container docker-des-node2-1 Creating 
 Container docker-des-node1-1 Creating 
 Container docker-des-node2-1 Created 
 Container docker-des-node1-1 Created 
 Container docker-des-node2-1 Starting 
 Container docker-des-node1-1 Starting 
 Container docker-des-node2-1 Started 
 Container docker-des-node1-1 Started 
== collect -> results/20260928-002448-varredura/20260928-010522-fms-2-host
# Execução `20260928-010522-fms-2-host`

- problema `fms`, família `LMOD`, **2 containers**, UDP multicast
- 5 ciclos × 44 passos = 220 passos; **220 executados**, 0 pulados
- impressão digital da configuração: `edbd7971`
- RTT de aplicação (nó 1, 20 sondas): média 3.69 ms, mín 2.38, máx 4.96
- resultado: **complete**

| nó | supervisores | saída | disparou (local/ctrl/unctrl) | aplicou p/ pares | decifrações (ciclo 1) | HE total ms | quadros tx/rx | retx | oráculo | halt |
|---|---|---|---|---|---|---|---|---|---|---|
| 1 | S0 S1 S2 S3 | 0 | 80/40/40 | 0 | 405 (85) | 28291.4 | 149/230 | 0 | PASS | não |
| 2 | S4 S5 S6 | 0 | 60/0/0 | 80 | 393 (105) | 27529.7 | 230/149 | 0 | PASS | não |
| **total** | | | | | **798 (190)** | 55821.1 | 379/379 | 0 | | |

Fim de cada ciclo no relógio comum (o **último** nó a terminar), ms: 8648.3, 15218.9, 21786.3, 28361.3, 34928.6

Tempo por passo: ciclo 1 **196.55 ms**; ciclos 2–5 **149.32 ms**

Verificação cruzada com o supervisor MONOLÍTICO: **off**

## Verificações

| verificação | esperado | obtido | |
|---|---|---|---|
| config fingerprint | edbd7971 | edbd7971 | ✅ |
| decryptions, whole cell | 798 | 798 | ✅ |
| decryptions, whole cell, cycle 1 | 190 | 190 | ✅ |
| outcome | complete | complete | ✅ |
| same fingerprint on every node | 1 | 1 | ✅ |
| oracle PASS on every node | True | True | ✅ |
| crypto self-test PASS on every node | True | True | ✅ |

**TODAS AS VERIFICAÇÕES PASSARAM**


################ fms-2-nativo  (repetição 5/5)
== build skipped (DES_SKIP_BUILD=1): using the existing image
== run (nativo, sem Docker): node1 node2
# Execução `20260928-010606-fms-2-nativo`

- problema `fms`, família `LMOD`, **2 containers**, UDP multicast
- 5 ciclos × 44 passos = 220 passos; **220 executados**, 0 pulados
- impressão digital da configuração: `edbd7971`
- RTT de aplicação (nó 1, 20 sondas): média 3.82 ms, mín 2.27, máx 5.00
- resultado: **complete**

| nó | supervisores | saída | disparou (local/ctrl/unctrl) | aplicou p/ pares | decifrações (ciclo 1) | HE total ms | quadros tx/rx | retx | oráculo | halt |
|---|---|---|---|---|---|---|---|---|---|---|
| 1 | S0 S1 S2 S3 | 0 | 80/40/40 | 0 | 405 (85) | 28290.3 | 149/230 | 0 | PASS | não |
| 2 | S4 S5 S6 | 0 | 60/0/0 | 80 | 393 (105) | 27517.4 | 230/149 | 0 | PASS | não |
| **total** | | | | | **798 (190)** | 55807.7 | 379/379 | 0 | | |

Fim de cada ciclo no relógio comum (o **último** nó a terminar), ms: 8637.3, 15205.5, 21767.6, 28335.2, 34898.9

Tempo por passo: ciclo 1 **196.30 ms**; ciclos 2–5 **149.21 ms**

Verificação cruzada com o supervisor MONOLÍTICO: **off**

## Verificações

| verificação | esperado | obtido | |
|---|---|---|---|
| config fingerprint | edbd7971 | edbd7971 | ✅ |
| decryptions, whole cell | 798 | 798 | ✅ |
| decryptions, whole cell, cycle 1 | 190 | 190 | ✅ |
| outcome | complete | complete | ✅ |
| same fingerprint on every node | 1 | 1 | ✅ |
| oracle PASS on every node | True | True | ✅ |
| crypto self-test PASS on every node | True | True | ✅ |

**TODAS AS VERIFICAÇÕES PASSARAM**


################ fms-4-ponte  (repetição 5/5)
== build skipped (DES_SKIP_BUILD=1): using the existing image
== run (ponte): node1 node2 node3 node4
 Network docker-des_cell Creating 
 Network docker-des_cell Creating 
 Network docker-des_cell Created 
 Network docker-des_cell Created 
 Container docker-des-node4-1 Creating 
 Container docker-des-node3-1 Creating 
 Container docker-des-node1-1 Creating 
 Container docker-des-node2-1 Creating 
 Container docker-des-node4-1 Created 
 Container docker-des-node1-1 Created 
 Container docker-des-node3-1 Created 
 Container docker-des-node2-1 Created 
 Container docker-des-node2-1 Starting 
 Container docker-des-node1-1 Starting 
 Container docker-des-node3-1 Starting 
 Container docker-des-node4-1 Starting 
 Container docker-des-node2-1 Started 
 Container docker-des-node1-1 Started 
 Container docker-des-node3-1 Started 
 Container docker-des-node4-1 Started 
== collect -> results/20260928-002448-varredura/20260928-010658-fms-4-ponte
# Execução `20260928-010658-fms-4-ponte`

- problema `fms`, família `LMOD`, **4 containers**, UDP multicast
- 5 ciclos × 44 passos = 220 passos; **220 executados**, 0 pulados
- impressão digital da configuração: `457cc268`
- RTT de aplicação (nó 1, 20 sondas): média 4.50 ms, mín 2.90, máx 5.04
- resultado: **complete**

| nó | supervisores | saída | disparou (local/ctrl/unctrl) | aplicou p/ pares | decifrações (ciclo 1) | HE total ms | quadros tx/rx | retx | oráculo | halt |
|---|---|---|---|---|---|---|---|---|---|---|
| 1 | S0 S1 | 0 | 40/40/40 | 0 | 202 (42) | 14105.1 | 155/849 | 0 | PASS | não |
| 2 | S2 S3 | 0 | 40/0/0 | 80 | 203 (43) | 14148.2 | 249/755 | 0 | PASS | não |
| 3 | S4 S5 | 0 | 0/20/10 | 80 | 243 (67) | 16981.3 | 284/720 | 0 | PASS | não |
| 4 | S6 | 0 | 30/0/0 | 110 | 150 (38) | 10536.2 | 316/688 | 0 | PASS | não |
| **total** | | | | | **798 (190)** | 55770.8 | 1004/3012 | 0 | | |

Fim de cada ciclo no relógio comum (o **último** nó a terminar), ms: 5868.5, 9991.7, 14128.1, 18262.2, 22403.7

Tempo por passo: ciclo 1 **133.38 ms**; ciclos 2–5 **93.95 ms**

Verificação cruzada com o supervisor MONOLÍTICO: **off**

## Verificações

| verificação | esperado | obtido | |
|---|---|---|---|
| config fingerprint | 457cc268 | 457cc268 | ✅ |
| decryptions, whole cell | 798 | 798 | ✅ |
| decryptions, whole cell, cycle 1 | 190 | 190 | ✅ |
| outcome | complete | complete | ✅ |
| same fingerprint on every node | 1 | 1 | ✅ |
| oracle PASS on every node | True | True | ✅ |
| crypto self-test PASS on every node | True | True | ✅ |

**TODAS AS VERIFICAÇÕES PASSARAM**


################ fms-4-host  (repetição 5/5)
== build skipped (DES_SKIP_BUILD=1): using the existing image
== run (host): node1 node2 node3 node4
 Container docker-des-node4-1 Creating 
 Container docker-des-node1-1 Creating 
 Container docker-des-node2-1 Creating 
 Container docker-des-node3-1 Creating 
 Container docker-des-node4-1 Created 
 Container docker-des-node1-1 Created 
 Container docker-des-node2-1 Created 
 Container docker-des-node3-1 Created 
 Container docker-des-node1-1 Starting 
 Container docker-des-node4-1 Starting 
 Container docker-des-node3-1 Starting 
 Container docker-des-node2-1 Starting 
 Container docker-des-node1-1 Started 
 Container docker-des-node4-1 Started 
 Container docker-des-node3-1 Started 
 Container docker-des-node2-1 Started 
== collect -> results/20260928-002448-varredura/20260928-010741-fms-4-host
# Execução `20260928-010741-fms-4-host`

- problema `fms`, família `LMOD`, **4 containers**, UDP multicast
- 5 ciclos × 44 passos = 220 passos; **220 executados**, 0 pulados
- impressão digital da configuração: `457cc268`
- RTT de aplicação (nó 1, 20 sondas): média 4.18 ms, mín 2.54, máx 6.10
- resultado: **complete**

| nó | supervisores | saída | disparou (local/ctrl/unctrl) | aplicou p/ pares | decifrações (ciclo 1) | HE total ms | quadros tx/rx | retx | oráculo | halt |
|---|---|---|---|---|---|---|---|---|---|---|
| 1 | S0 S1 | 0 | 40/40/40 | 0 | 202 (42) | 14117.1 | 155/848 | 0 | PASS | não |
| 2 | S2 S3 | 0 | 40/0/0 | 80 | 203 (43) | 14160.8 | 247/756 | 0 | PASS | não |
| 3 | S4 S5 | 0 | 0/20/10 | 80 | 243 (67) | 16995.6 | 284/719 | 0 | PASS | não |
| 4 | S6 | 0 | 30/0/0 | 110 | 150 (38) | 10537.1 | 317/686 | 0 | PASS | não |
| **total** | | | | | **798 (190)** | 55810.6 | 1003/3009 | 0 | | |

Fim de cada ciclo no relógio comum (o **último** nó a terminar), ms: 5863.3, 9997.1, 14122.7, 18257.8, 22386.8

Tempo por passo: ciclo 1 **133.26 ms**; ciclos 2–5 **93.88 ms**

Verificação cruzada com o supervisor MONOLÍTICO: **off**

## Verificações

| verificação | esperado | obtido | |
|---|---|---|---|
| config fingerprint | 457cc268 | 457cc268 | ✅ |
| decryptions, whole cell | 798 | 798 | ✅ |
| decryptions, whole cell, cycle 1 | 190 | 190 | ✅ |
| outcome | complete | complete | ✅ |
| same fingerprint on every node | 1 | 1 | ✅ |
| oracle PASS on every node | True | True | ✅ |
| crypto self-test PASS on every node | True | True | ✅ |

**TODAS AS VERIFICAÇÕES PASSARAM**


################ fms-4-nativo  (repetição 5/5)
== build skipped (DES_SKIP_BUILD=1): using the existing image
== run (nativo, sem Docker): node1 node2 node3 node4
# Execução `20260928-010824-fms-4-nativo`

- problema `fms`, família `LMOD`, **4 containers**, UDP multicast
- 5 ciclos × 44 passos = 220 passos; **220 executados**, 0 pulados
- impressão digital da configuração: `457cc268`
- RTT de aplicação (nó 1, 20 sondas): média 4.57 ms, mín 4.07, máx 5.13
- resultado: **complete**

| nó | supervisores | saída | disparou (local/ctrl/unctrl) | aplicou p/ pares | decifrações (ciclo 1) | HE total ms | quadros tx/rx | retx | oráculo | halt |
|---|---|---|---|---|---|---|---|---|---|---|
| 1 | S0 S1 | 0 | 40/40/40 | 0 | 202 (42) | 14117.5 | 154/848 | 0 | PASS | não |
| 2 | S2 S3 | 0 | 40/0/0 | 80 | 203 (43) | 14152.0 | 248/754 | 0 | PASS | não |
| 3 | S4 S5 | 0 | 0/20/10 | 80 | 243 (67) | 16984.2 | 284/718 | 0 | PASS | não |
| 4 | S6 | 0 | 30/0/0 | 110 | 150 (38) | 10525.0 | 316/686 | 0 | PASS | não |
| **total** | | | | | **798 (190)** | 55778.7 | 1002/3006 | 0 | | |

Fim de cada ciclo no relógio comum (o **último** nó a terminar), ms: 5849.8, 9972.9, 14104.0, 18227.9, 22350.1

Tempo por passo: ciclo 1 **132.95 ms**; ciclos 2–5 **93.75 ms**

Verificação cruzada com o supervisor MONOLÍTICO: **off**

## Verificações

| verificação | esperado | obtido | |
|---|---|---|---|
| config fingerprint | 457cc268 | 457cc268 | ✅ |
| decryptions, whole cell | 798 | 798 | ✅ |
| decryptions, whole cell, cycle 1 | 190 | 190 | ✅ |
| outcome | complete | complete | ✅ |
| same fingerprint on every node | 1 | 1 | ✅ |
| oracle PASS on every node | True | True | ✅ |
| crypto self-test PASS on every node | True | True | ✅ |

**TODAS AS VERIFICAÇÕES PASSARAM**


################ fms-7-ponte  (repetição 5/5)
== build skipped (DES_SKIP_BUILD=1): using the existing image
== run (ponte): node1 node2 node3 node4 node5 node6 node7
 Network docker-des_cell Creating 
 Network docker-des_cell Creating 
 Network docker-des_cell Created 
 Network docker-des_cell Created 
 Container docker-des-node7-1 Creating 
 Container docker-des-node5-1 Creating 
 Container docker-des-node6-1 Creating 
 Container docker-des-node1-1 Creating 
 Container docker-des-node2-1 Creating 
 Container docker-des-node4-1 Creating 
 Container docker-des-node3-1 Creating 
 Container docker-des-node4-1 Created 
 Container docker-des-node7-1 Created 
 Container docker-des-node5-1 Created 
 Container docker-des-node2-1 Created 
 Container docker-des-node3-1 Created 
 Container docker-des-node1-1 Created 
 Container docker-des-node6-1 Created 
 Container docker-des-node6-1 Starting 
 Container docker-des-node2-1 Starting 
 Container docker-des-node1-1 Starting 
 Container docker-des-node4-1 Starting 
 Container docker-des-node3-1 Starting 
 Container docker-des-node7-1 Starting 
 Container docker-des-node5-1 Starting 
 Container docker-des-node6-1 Started 
 Container docker-des-node2-1 Started 
 Container docker-des-node1-1 Started 
 Container docker-des-node4-1 Started 
 Container docker-des-node3-1 Started 
 Container docker-des-node7-1 Started 
 Container docker-des-node5-1 Started 
== collect -> results/20260928-002448-varredura/20260928-010901-fms-7-ponte
# Execução `20260928-010901-fms-7-ponte`

- problema `fms`, família `LMOD`, **7 containers**, UDP multicast
- 5 ciclos × 44 passos = 220 passos; **220 executados**, 0 pulados
- impressão digital da configuração: `04511541`
- RTT de aplicação (nó 1, 20 sondas): média 10.78 ms, mín 2.52, máx 127.79
- resultado: **complete**

| nó | supervisores | saída | disparou (local/ctrl/unctrl) | aplicou p/ pares | decifrações (ciclo 1) | HE total ms | quadros tx/rx | retx | oráculo | halt |
|---|---|---|---|---|---|---|---|---|---|---|
| 1 | S0 | 0 | 20/40/40 | 0 | 101 (21) | 7058.7 | 164/1701 | 0 | PASS | não |
| 2 | S1 | 0 | 20/0/0 | 80 | 101 (21) | 7051.9 | 253/1612 | 0 | PASS | não |
| 3 | S2 | 0 | 20/0/0 | 80 | 100 (20) | 6979.3 | 252/1613 | 0 | PASS | não |
| 4 | S3 | 0 | 20/0/0 | 80 | 103 (23) | 7193.3 | 252/1613 | 0 | PASS | não |
| 5 | S4 | 0 | 0/20/10 | 80 | 114 (26) | 7983.2 | 292/1573 | 0 | PASS | não |
| 6 | S5 | 0 | 0/0/0 | 110 | 129 (41) | 9045.4 | 332/1533 | 0 | PASS | não |
| 7 | S6 | 0 | 30/0/0 | 110 | 150 (38) | 10570.5 | 320/1545 | 0 | PASS | não |
| **total** | | | | | **798 (190)** | 55882.3 | 1865/11190 | 0 | | |

Fim de cada ciclo no relógio comum (o **último** nó a terminar), ms: 3999.3, 6699.9, 9397.2, 12111.5, 14823.8

Tempo por passo: ciclo 1 **90.89 ms**; ciclos 2–5 **61.50 ms**

Verificação cruzada com o supervisor MONOLÍTICO: **off**

## Verificações

| verificação | esperado | obtido | |
|---|---|---|---|
| config fingerprint | 04511541 | 04511541 | ✅ |
| decryptions, whole cell | 798 | 798 | ✅ |
| decryptions, whole cell, cycle 1 | 190 | 190 | ✅ |
| outcome | complete | complete | ✅ |
| same fingerprint on every node | 1 | 1 | ✅ |
| oracle PASS on every node | True | True | ✅ |
| crypto self-test PASS on every node | True | True | ✅ |

**TODAS AS VERIFICAÇÕES PASSARAM**


################ fms-7-host  (repetição 5/5)
== build skipped (DES_SKIP_BUILD=1): using the existing image
== run (host): node1 node2 node3 node4 node5 node6 node7
 Container docker-des-node7-1 Creating 
 Container docker-des-node3-1 Creating 
 Container docker-des-node5-1 Creating 
 Container docker-des-node4-1 Creating 
 Container docker-des-node1-1 Creating 
 Container docker-des-node2-1 Creating 
 Container docker-des-node6-1 Creating 
 Container docker-des-node3-1 Created 
 Container docker-des-node4-1 Created 
 Container docker-des-node7-1 Created 
 Container docker-des-node2-1 Created 
 Container docker-des-node1-1 Created 
 Container docker-des-node5-1 Created 
 Container docker-des-node6-1 Created 
 Container docker-des-node1-1 Starting 
 Container docker-des-node4-1 Starting 
 Container docker-des-node2-1 Starting 
 Container docker-des-node3-1 Starting 
 Container docker-des-node6-1 Starting 
 Container docker-des-node5-1 Starting 
 Container docker-des-node7-1 Starting 
 Container docker-des-node1-1 Started 
 Container docker-des-node4-1 Started 
 Container docker-des-node2-1 Started 
 Container docker-des-node3-1 Started 
 Container docker-des-node6-1 Started 
 Container docker-des-node5-1 Started 
 Container docker-des-node7-1 Started 
== collect -> results/20260928-002448-varredura/20260928-010940-fms-7-host
# Execução `20260928-010940-fms-7-host`

- problema `fms`, família `LMOD`, **7 containers**, UDP multicast
- 5 ciclos × 44 passos = 220 passos; **220 executados**, 0 pulados
- impressão digital da configuração: `04511541`
- RTT de aplicação (nó 1, 20 sondas): média 10.38 ms, mín 2.78, máx 125.35
- resultado: **complete**

| nó | supervisores | saída | disparou (local/ctrl/unctrl) | aplicou p/ pares | decifrações (ciclo 1) | HE total ms | quadros tx/rx | retx | oráculo | halt |
|---|---|---|---|---|---|---|---|---|---|---|
| 1 | S0 | 0 | 20/40/40 | 0 | 101 (21) | 7067.7 | 166/1701 | 0 | PASS | não |
| 2 | S1 | 0 | 20/0/0 | 80 | 101 (21) | 7054.3 | 253/1614 | 0 | PASS | não |
| 3 | S2 | 0 | 20/0/0 | 80 | 100 (20) | 6980.3 | 252/1615 | 0 | PASS | não |
| 4 | S3 | 0 | 20/0/0 | 80 | 103 (23) | 7196.8 | 253/1614 | 0 | PASS | não |
| 5 | S4 | 0 | 0/20/10 | 80 | 114 (26) | 7983.8 | 294/1573 | 0 | PASS | não |
| 6 | S5 | 0 | 0/0/0 | 110 | 129 (41) | 9036.5 | 329/1538 | 0 | PASS | não |
| 7 | S6 | 0 | 30/0/0 | 110 | 150 (38) | 10556.0 | 320/1547 | 0 | PASS | não |
| **total** | | | | | **798 (190)** | 55875.4 | 1867/11202 | 0 | | |

Fim de cada ciclo no relógio comum (o **último** nó a terminar), ms: 3950.9, 6646.4, 9352.2, 12054.9, 14758.8

Tempo por passo: ciclo 1 **89.79 ms**; ciclos 2–5 **61.41 ms**

Verificação cruzada com o supervisor MONOLÍTICO: **off**

## Verificações

| verificação | esperado | obtido | |
|---|---|---|---|
| config fingerprint | 04511541 | 04511541 | ✅ |
| decryptions, whole cell | 798 | 798 | ✅ |
| decryptions, whole cell, cycle 1 | 190 | 190 | ✅ |
| outcome | complete | complete | ✅ |
| same fingerprint on every node | 1 | 1 | ✅ |
| oracle PASS on every node | True | True | ✅ |
| crypto self-test PASS on every node | True | True | ✅ |

**TODAS AS VERIFICAÇÕES PASSARAM**


################ fms-7-nativo  (repetição 5/5)
== build skipped (DES_SKIP_BUILD=1): using the existing image
== run (nativo, sem Docker): node1 node2 node3 node4 node5 node6 node7
# Execução `20260928-011018-fms-7-nativo`

- problema `fms`, família `LMOD`, **7 containers**, UDP multicast
- 5 ciclos × 44 passos = 220 passos; **220 executados**, 0 pulados
- impressão digital da configuração: `04511541`
- RTT de aplicação (nó 1, 20 sondas): média 10.30 ms, mín 3.07, máx 119.98
- resultado: **complete**

| nó | supervisores | saída | disparou (local/ctrl/unctrl) | aplicou p/ pares | decifrações (ciclo 1) | HE total ms | quadros tx/rx | retx | oráculo | halt |
|---|---|---|---|---|---|---|---|---|---|---|
| 1 | S0 | 0 | 20/40/40 | 0 | 101 (21) | 7069.4 | 162/1690 | 0 | PASS | não |
| 2 | S1 | 0 | 20/0/0 | 80 | 101 (21) | 7048.9 | 250/1602 | 0 | PASS | não |
| 3 | S2 | 0 | 20/0/0 | 80 | 100 (20) | 6979.1 | 250/1602 | 0 | PASS | não |
| 4 | S3 | 0 | 20/0/0 | 80 | 103 (23) | 7192.4 | 249/1603 | 0 | PASS | não |
| 5 | S4 | 0 | 0/20/10 | 80 | 114 (26) | 7981.0 | 293/1559 | 0 | PASS | não |
| 6 | S5 | 0 | 0/0/0 | 110 | 129 (41) | 9038.3 | 328/1524 | 0 | PASS | não |
| 7 | S6 | 0 | 30/0/0 | 110 | 150 (38) | 10568.5 | 320/1532 | 0 | PASS | não |
| **total** | | | | | **798 (190)** | 55877.6 | 1852/11112 | 0 | | |

Fim de cada ciclo no relógio comum (o **último** nó a terminar), ms: 3963.8, 6648.2, 9342.2, 12027.0, 14723.1

Tempo por passo: ciclo 1 **90.09 ms**; ciclos 2–5 **61.13 ms**

Verificação cruzada com o supervisor MONOLÍTICO: **off**

## Verificações

| verificação | esperado | obtido | |
|---|---|---|---|
| config fingerprint | 04511541 | 04511541 | ✅ |
| decryptions, whole cell | 798 | 798 | ✅ |
| decryptions, whole cell, cycle 1 | 190 | 190 | ✅ |
| outcome | complete | complete | ✅ |
| same fingerprint on every node | 1 | 1 | ✅ |
| oracle PASS on every node | True | True | ✅ |
| crypto self-test PASS on every node | True | True | ✅ |

**TODAS AS VERIFICAÇÕES PASSARAM**


================ vereditos
  fms-1-ponte            PASS (5 de 5)
  fms-1-nativo           PASS (5 de 5)
  fms-2-ponte            PASS (5 de 5)
  fms-2-host             PASS (5 de 5)
  fms-2-nativo           PASS (5 de 5)
  fms-4-ponte            PASS (5 de 5)
  fms-4-host             PASS (5 de 5)
  fms-4-nativo           PASS (5 de 5)
  fms-7-ponte            PASS (5 de 5)
  fms-7-host             PASS (5 de 5)
  fms-7-nativo           PASS (5 de 5)

nenhuma execução fms-N (blocos, containers na ponte) em results/20260928-002448-varredura
percentis de latência por passo: results/20260928-002448-varredura/latencia.md
# Sobrecarga do container

Mesma célula, mesmos binários (uma imagem por N, estáticos, `-DDES_MCAST_LOOP=1`), três lugares para rodar:

- **ponte**: um container por nó na rede *bridge* `cell` (veth + bridge), como a varredura principal;
- **host**: um container por nó na pilha de rede do host (`compose.host.yaml`): sem veth nem bridge;
- **nativo**: sem container, processos comuns no host.

Cada decifração leva **69 ms** (`DES_EMU_SCALARMUL_MS`). Tempos em ms, média ± desvio padrão; Δ = modo − ponte com IC 95 % de Welch, em negrito quando o IC não contém zero.

## Tempo por passo

| nós | modo | execuções | ciclo 1 | Δ ciclo 1 | ciclos 2–5 | Δ ciclos 2–5 | verificações |
|---|---|---|---|---|---|---|---|
| 1 | ponte | 5 | 303.4 ± 2.4 | — | 241.0 ± 1.0 | — | 5/5 |
| 1 | nativo | 5 | 304.2 ± 2.8 | +0.7 [-3.1; +4.5] | 241.0 ± 1.0 | -0.1 [-1.5; +1.4] | 5/5 |
| 2 | ponte | 5 | 196.1 ± 1.4 | — | 149.4 ± 0.1 | — | 5/5 |
| 2 | host | 5 | 196.4 ± 0.2 | +0.3 [-1.4; +2.0] | 149.1 ± 0.7 | -0.3 [-1.1; +0.5] | 5/5 |
| 2 | nativo | 5 | 195.4 ± 1.4 | -0.7 [-2.7; +1.4] | 148.9 ± 0.8 | -0.5 [-1.4; +0.5] | 5/5 |
| 4 | ponte | 5 | 132.7 ± 1.2 | — | 93.6 ± 0.6 | — | 5/5 |
| 4 | host | 5 | 132.6 ± 1.1 | -0.1 [-1.8; +1.6] | 93.5 ± 0.6 | -0.0 [-1.0; +0.9] | 5/5 |
| 4 | nativo | 5 | 132.5 ± 1.0 | -0.2 [-1.8; +1.4] | 93.5 ± 0.7 | -0.1 [-1.1; +0.8] | 5/5 |
| 7 | ponte | 5 | 89.4 ± 1.5 | — | 61.1 ± 0.6 | — | 5/5 |
| 7 | host | 5 | 89.7 ± 1.3 | +0.2 [-1.8; +2.2] | 61.0 ± 0.6 | -0.1 [-0.9; +0.8] | 5/5 |
| 7 | nativo | 5 | 89.6 ± 1.3 | +0.2 [-1.9; +2.2] | 60.9 ± 0.6 | -0.1 [-1.0; +0.7] | 5/5 |

## A parte da rede

RTT de aplicação: 20 sondas do nó 1 antes da execução (média por execução, depois média ± dp entre execuções). Espera pelos pares: p50 do tempo que o dono de um evento compartilhado espera pelos outros depois do seu passo homomórfico, ciclos 2–5, todas as execuções.

| nós | modo | RTT (ms) | Δ RTT | espera 2PC p50 (n) | espera NOTIFY p50 (n) |
|---|---|---|---|---|---|
| 2 | ponte | 3.92 ± 0.73 | — | 5.8 (160) | 1.7 (160) |
| 2 | host | 3.93 ± 0.26 | +0.01 [-0.88; +0.90] | 5.0 (160) | 1.6 (160) |
| 2 | nativo | 3.77 ± 0.70 | -0.15 [-1.19; +0.89] | 5.0 (160) | 1.6 (160) |
| 4 | ponte | 4.28 ± 0.81 | — | 5.4 (240) | 1.6 (200) |
| 4 | host | 3.93 ± 0.75 | -0.34 [-1.48; +0.80] | 5.5 (240) | 1.5 (200) |
| 4 | nativo | 3.91 ± 0.56 | -0.36 [-1.41; +0.68] | 5.6 (240) | 1.5 (200) |
| 7 | ponte | 9.55 ± 1.69 | — | 5.6 (240) | 1.7 (200) |
| 7 | host | 10.31 ± 0.32 | +0.76 [-1.33; +2.85] | 5.6 (240) | 1.6 (200) |
| 7 | nativo | 10.37 ± 0.66 | +0.81 [-1.25; +2.88] | 5.7 (240) | 1.6 (200) |

## Invariantes

| nós | modo | impressão digital |
|---|---|---|
| 1 | ponte | `3f2beff2` |
| 1 | nativo | `3f2beff2` |
| 2 | ponte | `edbd7971` |
| 2 | host | `edbd7971` |
| 2 | nativo | `edbd7971` |
| 4 | ponte | `457cc268` |
| 4 | host | `457cc268` |
| 4 | nativo | `457cc268` |
| 7 | ponte | `04511541` |
| 7 | host | `04511541` |
| 7 | nativo | `04511541` |

